-0.125,0.04
-0.1249,0.04
-0.1248,0.04
-0.1247,0.08
-0.1246,0.08
-0.1245,0.04
-0.1244,0.08
-0.1243,0.12
-0.1242,0.08
-0.1241,0.08
-0.124,0.08
-0.1239,0.08
-0.1238,0.08
-0.1237,0.08
-0.1236,0.08
-0.1235,0.08
-0.1234,0.08
-0.1233,0.08
-0.1232,0.08
-0.1231,0.08
-0.123,0
-0.1229,0.08
-0.1228,0.08
-0.1227,0
-0.1226,0.08
-0.1225,0.08
-0.1224,0.04
-0.1223,0.08
-0.1222,0.08
-0.1221,0.08
-0.122,0.12
-0.1219,0.08
-0.1218,0.08
-0.1217,0.08
-0.1216,0.08
-0.1215,0.12
-0.1214,0.08
-0.1213,0.08
-0.1212,0.08
-0.1211,0.08
-0.121,0.08
-0.1209,0.08
-0.1208,0.08
-0.1207,0.04
-0.1206,0.08
-0.1205,0.08
-0.1204,0.08
-0.1203,0.08
-0.1202,0.08
-0.1201,0.08
-0.12,0.08
-0.1199,0.08
-0.1198,0.04
-0.1197,0.08
-0.1196,0.08
-0.1195,0.08
-0.1194,0.08
-0.1193,0.08
-0.1192,0.04
-0.1191,0.04
-0.119,0.04
-0.1189,0
-0.1188,0.08
-0.1187,0.08
-0.1186,0.04
-0.1185,0.08
-0.1184,0.08
-0.1183,0.08
-0.1182,0.08
-0.1181,0.08
-0.118,0.08
-0.1179,0.12
-0.1178,0.04
-0.1177,0.08
-0.1176,0.04
-0.1175,0.08
-0.1174,0.04
-0.1173,0.08
-0.1172,0.12
-0.1171,0.08
-0.117,0.08
-0.1169,0.12
-0.1168,0.08
-0.1167,0.04
-0.1166,0.04
-0.1165,0.04
-0.1164,0
-0.1163,0.04
-0.1162,0.08
-0.1161,0.04
-0.116,0.08
-0.1159,-0.04
-0.1158,0.04
-0.1157,0.04
-0.1156,0.04
-0.1155,-0.08
-0.1154,0.08
-0.1153,0.08
-0.1152,0.08
-0.1151,0.04
-0.115,0.04
-0.1149,0.04
-0.1148,0.04
-0.1147,0.04
-0.1146,0.04
-0.1145,0.04
-0.1144,0
-0.1143,0.04
-0.1142,0.04
-0.1141,0.04
-0.114,0.04
-0.1139,0.12
-0.1138,0
-0.1137,0.04
-0.1136,0.08
-0.1135,-0.04
-0.1134,0.04
-0.1133,0.04
-0.1132,0.04
-0.1131,0.04
-0.113,0
-0.1129,0
-0.1128,0
-0.1127,0
-0.1126,0.04
-0.1125,0
-0.1124,0
-0.1123,0.04
-0.1122,0.12
-0.1121,0.04
-0.112,0.08
-0.1119,0
-0.1118,0.08
-0.1117,0
-0.1116,0
-0.1115,0.04
-0.1114,0.04
-0.1113,0.04
-0.1112,0
-0.1111,0.04
-0.111,0.04
-0.1109,0
-0.1108,0.04
-0.1107,0.04
-0.1106,0.04
-0.1105,0.04
-0.1104,0.04
-0.1103,0
-0.1102,0.04
-0.1101,0
-0.11,0.04
-0.1099,0
-0.1098,0.04
-0.1097,0
-0.1096,0.08
-0.1095,0
-0.1094,0.04
-0.1093,0.04
-0.1092,0.04
-0.1091,0
-0.109,0.04
-0.1089,0
-0.1088,0.04
-0.1087,0.04
-0.1086,0.08
-0.1085,0.04
-0.1084,0.04
-0.1083,0.04
-0.1082,0.04
-0.1081,0.04
-0.108,0.04
-0.1079,0.04
-0.1078,0.04
-0.1077,0.04
-0.1076,0
-0.1075,0.04
-0.1074,0.04
-0.1073,0.04
-0.1072,0.12
-0.1071,0.04
-0.107,0.04
-0.1069,0.04
-0.1068,0.04
-0.1067,0.04
-0.1066,0.04
-0.1065,0.04
-0.1064,0.04
-0.1063,0.08
-0.1062,0.08
-0.1061,0
-0.106,0.08
-0.1059,0.08
-0.1058,0.08
-0.1057,0.04
-0.1056,0.08
-0.1055,0.04
-0.1054,0.08
-0.1053,0.08
-0.1052,0.08
-0.1051,0.04
-0.105,0
-0.1049,0.08
-0.1048,0.04
-0.1047,0.08
-0.1046,0.08
-0.1045,0.08
-0.1044,0.08
-0.1043,0.08
-0.1042,0.04
-0.1041,0.08
-0.104,0.08
-0.1039,0.08
-0.1038,0.08
-0.1037,0.04
-0.1036,0.08
-0.1035,0.08
-0.1034,0.08
-0.1033,0.08
-0.1032,0.08
-0.1031,0.08
-0.103,0.04
-0.1029,0.08
-0.1028,0
-0.1027,0.08
-0.1026,0.12
-0.1025,0.08
-0.1024,0.08
-0.1023,0.08
-0.1022,0.08
-0.1021,0.08
-0.102,0.08
-0.1019,0.08
-0.1018,0.08
-0.1017,0
-0.1016,0.08
-0.1015,0.12
-0.1014,0.04
-0.1013,0.08
-0.1012,0.12
-0.1011,0.04
-0.101,0.08
-0.1009,0.08
-0.1008,0.08
-0.1007,0.12
-0.1006,0.08
-0.1005,0.12
-0.1004,0.08
-0.1003,0.08
-0.1002,0
-0.1001,0.08
-0.1,0.08
-0.0999,0.08
-0.0998,0.08
-0.0997,0.04
-0.0996,-0.08
-0.0995,0.08
-0.0994,0.08
-0.0993,0.08
-0.0992,0.08
-0.0991,0.08
-0.099,0.08
-0.0989,0.12
-0.0988,0.04
-0.0987,0.08
-0.0986,0.08
-0.0985,0.08
-0.0984,0.08
-0.0983,0.08
-0.0982,0.08
-0.0981,0.04
-0.098,0.08
-0.0979,0.04
-0.0978,0.04
-0.0977,0.08
-0.0976,0.04
-0.0975,0.04
-0.0974,0.08
-0.0973,0.04
-0.0972,0.08
-0.0971,0
-0.097,0.04
-0.0969,0.08
-0.0968,0.08
-0.0967,0.04
-0.0966,0.08
-0.0965,0.04
-0.0964,0
-0.0963,0.04
-0.0962,0.04
-0.0961,0.04
-0.096,0.08
-0.0959,0.04
-0.0958,0.04
-0.0957,0
-0.0956,0
-0.0955,0.04
-0.0954,0.08
-0.0953,0.04
-0.0952,0.04
-0.0951,0.08
-0.095,0.08
-0.0949,0.04
-0.0948,0.04
-0.0947,0.04
-0.0946,0.04
-0.0945,0.04
-0.0944,0
-0.0943,0.04
-0.0942,0.04
-0.0941,-0.04
-0.094,0.04
-0.0939,0
-0.0938,0
-0.0937,0.08
-0.0936,0
-0.0935,0.04
-0.0934,0.04
-0.0933,0.04
-0.0932,0.04
-0.0931,0.04
-0.093,0.04
-0.0929,0.04
-0.0928,0.04
-0.0927,0.04
-0.0926,0.04
-0.0925,0
-0.0924,0.04
-0.0923,0
-0.0922,0
-0.0921,0
-0.092,0.04
-0.0919,0.04
-0.0918,0.04
-0.0917,0
-0.0916,0.04
-0.0915,0.08
-0.0914,0
-0.0913,0.04
-0.0912,0.04
-0.0911,0.04
-0.091,0.04
-0.0909,0
-0.0908,0
-0.0907,0
-0.0906,0.04
-0.0905,0.04
-0.0904,0
-0.0903,0.04
-0.0902,0.04
-0.0901,0.04
-0.09,0
-0.0899,0.04
-0.0898,0
-0.0897,0
-0.0896,0
-0.0895,0.04
-0.0894,0.04
-0.0893,0.04
-0.0892,0.04
-0.0891,0
-0.089,0.04
-0.0889,0.04
-0.0888,0.04
-0.0887,0.04
-0.0886,0.04
-0.0885,0.04
-0.0884,0.04
-0.0883,0.04
-0.0882,0.08
-0.0881,0.04
-0.088,0.04
-0.0879,0.04
-0.0878,0.04
-0.0877,0.04
-0.0876,0.04
-0.0875,0.04
-0.0874,0.04
-0.0873,0.08
-0.0872,0.04
-0.0871,0
-0.087,0.08
-0.0869,0.04
-0.0868,0.04
-0.0867,0.08
-0.0866,0.04
-0.0865,0.04
-0.0864,0.04
-0.0863,0.04
-0.0862,0.04
-0.0861,0.08
-0.086,0.08
-0.0859,0.04
-0.0858,0.04
-0.0857,0.04
-0.0856,0.04
-0.0855,0.04
-0.0854,0.08
-0.0853,0.04
-0.0852,0.04
-0.0851,0.04
-0.085,0.04
-0.0849,0.08
-0.0848,0.04
-0.0847,0.04
-0.0846,0.04
-0.0845,0.08
-0.0844,0.04
-0.0843,0.08
-0.0842,0.08
-0.0841,0.08
-0.084,0.08
-0.0839,0.08
-0.0838,0.04
-0.0837,0.04
-0.0836,0.08
-0.0835,0.08
-0.0834,0.08
-0.0833,0.08
-0.0832,0.04
-0.0831,0.08
-0.083,0.16
-0.0829,0.08
-0.0828,0.08
-0.0827,0.08
-0.0826,0.04
-0.0825,0.08
-0.0824,0.08
-0.0823,0.08
-0.0822,0.08
-0.0821,0.08
-0.082,0.08
-0.0819,0.08
-0.0818,0.08
-0.0817,0.04
-0.0816,0.04
-0.0815,0.08
-0.0814,0.08
-0.0813,0.08
-0.0812,0.08
-0.0811,0.08
-0.081,0.08
-0.0809,0.16
-0.0808,0.08
-0.0807,0.08
-0.0806,0.08
-0.0805,0.08
-0.0804,0.08
-0.0803,0.04
-0.0802,0.04
-0.0801,0.08
-0.08,0.08
-0.0799,0.12
-0.0798,0.08
-0.0797,0.08
-0.0796,0.08
-0.0795,0.04
-0.0794,0.08
-0.0793,0.08
-0.0792,0.04
-0.0791,0.08
-0.079,0.08
-0.0789,0.04
-0.0788,0.08
-0.0787,0.08
-0.0786,0.08
-0.0785,0.08
-0.0784,0.08
-0.0783,0.04
-0.0782,0.08
-0.0781,0.12
-0.078,0.08
-0.0779,0.08
-0.0778,0.04
-0.0777,0.08
-0.0776,0.08
-0.0775,0.08
-0.0774,0.08
-0.0773,0.12
-0.0772,0.04
-0.0771,0.08
-0.077,0.04
-0.0769,0.08
-0.0768,0.04
-0.0767,0.04
-0.0766,0.08
-0.0765,0.04
-0.0764,0.04
-0.0763,0.04
-0.0762,0.08
-0.0761,0.04
-0.076,0.04
-0.0759,0.04
-0.0758,0.04
-0.0757,0.04
-0.0756,0.08
-0.0755,0.04
-0.0754,0.04
-0.0753,0.04
-0.0752,0.04
-0.0751,0.16
-0.075,0.04
-0.0749,0.04
-0.0748,0.04
-0.0747,0.04
-0.0746,0.04
-0.0745,0.04
-0.0744,0.04
-0.0743,0.04
-0.0742,0.04
-0.0741,0
-0.074,0.04
-0.0739,0.04
-0.0738,0.04
-0.0737,0.08
-0.0736,0.04
-0.0735,0
-0.0734,0.08
-0.0733,0.04
-0.0732,0
-0.0731,0.08
-0.073,0.04
-0.0729,0.04
-0.0728,0
-0.0727,0.04
-0.0726,0
-0.0725,0
-0.0724,0.04
-0.0723,0.04
-0.0722,0.08
-0.0721,0
-0.072,0
-0.0719,0
-0.0718,0
-0.0717,0
-0.0716,0.12
-0.0715,0
-0.0714,0.04
-0.0713,0
-0.0712,0.04
-0.0711,0.04
-0.071,0.04
-0.0709,0.04
-0.0708,0.04
-0.0707,0.04
-0.0706,0
-0.0705,0.04
-0.0704,0
-0.0703,0.04
-0.0702,0.04
-0.0701,0
-0.07,0.04
-0.0699,0.04
-0.0698,0
-0.0697,0.04
-0.0696,0
-0.0695,0.04
-0.0694,0.04
-0.0693,0.04
-0.0692,0.04
-0.0691,0.04
-0.069,0.04
-0.0689,-0.08
-0.0688,0.04
-0.0687,0
-0.0686,0.04
-0.0685,0.04
-0.0684,0.04
-0.0683,0.04
-0.0682,0.04
-0.0681,0.04
-0.068,0.04
-0.0679,0.04
-0.0678,0.04
-0.0677,0.04
-0.0676,0.08
-0.0675,0.04
-0.0674,0.04
-0.0673,0
-0.0672,0.04
-0.0671,0.04
-0.067,0.04
-0.0669,0.04
-0.0668,0.04
-0.0667,0.04
-0.0666,0.12
-0.0665,0.08
-0.0664,0.04
-0.0663,0
-0.0662,0.04
-0.0661,0.04
-0.066,0.04
-0.0659,0.04
-0.0658,0.04
-0.0657,0.04
-0.0656,0.08
-0.0655,0.08
-0.0654,0.04
-0.0653,0.04
-0.0652,0.04
-0.0651,0.04
-0.065,0.08
-0.0649,0.04
-0.0648,0.08
-0.0647,0.08
-0.0646,0.04
-0.0645,0.12
-0.0644,0.08
-0.0643,0.08
-0.0642,0.08
-0.0641,0.08
-0.064,0.04
-0.0639,0.08
-0.0638,0.04
-0.0637,0.08
-0.0636,0.08
-0.0635,0.08
-0.0634,0.04
-0.0633,0.08
-0.0632,0.12
-0.0631,0.08
-0.063,0.08
-0.0629,0.12
-0.0628,0.08
-0.0627,0.08
-0.0626,0.04
-0.0625,0.12
-0.0624,0.12
-0.0623,0.08
-0.0622,0.08
-0.0621,0.08
-0.062,0.08
-0.0619,0
-0.0618,0.08
-0.0617,0.08
-0.0616,0.08
-0.0615,0.08
-0.0614,0.08
-0.0613,0.08
-0.0612,0.08
-0.0611,0.08
-0.061,0.08
-0.0609,0.08
-0.0608,0.08
-0.0607,0.08
-0.0606,0.08
-0.0605,0.12
-0.0604,0.08
-0.0603,0.08
-0.0602,0.04
-0.0601,0.08
-0.06,0.04
-0.0599,0.08
-0.0598,0.08
-0.0597,0.08
-0.0596,0.08
-0.0595,0.04
-0.0594,0.12
-0.0593,0.08
-0.0592,0.08
-0.0591,0.08
-0.059,0.12
-0.0589,0.08
-0.0588,0.04
-0.0587,0.08
-0.0586,0.04
-0.0585,0.08
-0.0584,0.08
-0.0583,0.04
-0.0582,0.04
-0.0581,0.04
-0.058,0.08
-0.0579,0.08
-0.0578,0.04
-0.0577,0.08
-0.0576,0.08
-0.0575,0.08
-0.0574,0.04
-0.0573,0.08
-0.0572,0.08
-0.0571,0.04
-0.057,0.08
-0.0569,0.04
-0.0568,0.08
-0.0567,0.04
-0.0566,0.04
-0.0565,0.04
-0.0564,0.04
-0.0563,0.04
-0.0562,0.04
-0.0561,0.04
-0.056,0.04
-0.0559,0.04
-0.0558,0.08
-0.0557,0.08
-0.0556,0.04
-0.0555,0.04
-0.0554,0.08
-0.0553,0.04
-0.0552,0.04
-0.0551,0.04
-0.055,0.04
-0.0549,0.04
-0.0548,0.04
-0.0547,0.04
-0.0546,0.08
-0.0545,0.04
-0.0544,0.04
-0.0543,0.04
-0.0542,0.04
-0.0541,0.04
-0.054,0.04
-0.0539,0.04
-0.0538,0.04
-0.0537,0.04
-0.0536,0.04
-0.0535,0.04
-0.0534,0.04
-0.0533,0
-0.0532,0.04
-0.0531,0.04
-0.053,0.04
-0.0529,0
-0.0528,0.04
-0.0527,0
-0.0526,0.04
-0.0525,0
-0.0524,0.04
-0.0523,0
-0.0522,0.04
-0.0521,0.04
-0.052,0.04
-0.0519,0
-0.0518,0
-0.0517,0
-0.0516,0.04
-0.0515,0.04
-0.0514,0
-0.0513,0
-0.0512,0
-0.0511,0
-0.051,0.04
-0.0509,0
-0.0508,0.04
-0.0507,0.04
-0.0506,0
-0.0505,0
-0.0504,0
-0.0503,0.04
-0.0502,0.04
-0.0501,0.04
-0.05,0.04
-0.0499,0
-0.0498,0.04
-0.0497,0.08
-0.0496,0.04
-0.0495,0.04
-0.0494,0.04
-0.0493,0.04
-0.0492,0.04
-0.0491,0.04
-0.049,0
-0.0489,0.04
-0.0488,0
-0.0487,0
-0.0486,0.04
-0.0485,0
-0.0484,0
-0.0483,0.04
-0.0482,0.04
-0.0481,0.04
-0.048,0.04
-0.0479,0.04
-0.0478,0.08
-0.0477,0.04
-0.0476,0.04
-0.0475,0
-0.0474,-0.04
-0.0473,0.08
-0.0472,0.08
-0.0471,0.04
-0.047,0.04
-0.0469,0.04
-0.0468,0.04
-0.0467,0.08
-0.0466,0.04
-0.0465,0
-0.0464,0.04
-0.0463,0.04
-0.0462,0.04
-0.0461,0.04
-0.046,0.04
-0.0459,0.08
-0.0458,0.04
-0.0457,0.04
-0.0456,0.04
-0.0455,0.08
-0.0454,0.04
-0.0453,0.08
-0.0452,0.04
-0.0451,0.04
-0.045,0.08
-0.0449,0.04
-0.0448,0.08
-0.0447,0.08
-0.0446,0.04
-0.0445,0.04
-0.0444,0.08
-0.0443,0.04
-0.0442,0.08
-0.0441,0.08
-0.044,0.08
-0.0439,0.12
-0.0438,0.08
-0.0437,0.08
-0.0436,0.08
-0.0435,0.04
-0.0434,0.08
-0.0433,0.12
-0.0432,0.12
-0.0431,0.08
-0.043,0.08
-0.0429,0.04
-0.0428,0.08
-0.0427,0.08
-0.0426,0.08
-0.0425,0.08
-0.0424,0.04
-0.0423,0.08
-0.0422,0.04
-0.0421,0.08
-0.042,0.08
-0.0419,0.08
-0.0418,0.08
-0.0417,0.08
-0.0416,0.08
-0.0415,0.08
-0.0414,0.08
-0.0413,0.08
-0.0412,0.08
-0.0411,0.12
-0.041,0.08
-0.0409,0.08
-0.0408,0.08
-0.0407,0.08
-0.0406,0.08
-0.0405,0.08
-0.0404,0.08
-0.0403,0.08
-0.0402,0.08
-0.0401,0.08
-0.04,0.08
-0.0399,0.04
-0.0398,0.08
-0.0397,0.08
-0.0396,0.08
-0.0395,0.04
-0.0394,0.08
-0.0393,0.08
-0.0392,0.08
-0.0391,0.04
-0.039,0.08
-0.0389,0.08
-0.0388,0.04
-0.0387,0.04
-0.0386,0.04
-0.0385,0.04
-0.0384,0.08
-0.0383,0.08
-0.0382,-0.04
-0.0381,0.08
-0.038,0.08
-0.0379,0.08
-0.0378,0.08
-0.0377,0.08
-0.0376,0.04
-0.0375,0.08
-0.0374,0.08
-0.0373,0.04
-0.0372,0.08
-0.0371,0.08
-0.037,0.04
-0.0369,0.08
-0.0368,0.08
-0.0367,0.08
-0.0366,0.04
-0.0365,0.04
-0.0364,0.04
-0.0363,0.04
-0.0362,0.08
-0.0361,0.04
-0.036,0.08
-0.0359,0.08
-0.0358,0.08
-0.0357,0.04
-0.0356,0.04
-0.0355,0
-0.0354,0.04
-0.0353,0.04
-0.0352,0.04
-0.0351,0.08
-0.035,0.08
-0.0349,0.04
-0.0348,0.04
-0.0347,0.04
-0.0346,0.04
-0.0345,0.04
-0.0344,0.04
-0.0343,0.04
-0.0342,0.04
-0.0341,0.08
-0.034,0.04
-0.0339,0.04
-0.0338,0
-0.0337,0.04
-0.0336,0.04
-0.0335,0.04
-0.0334,0
-0.0333,0.04
-0.0332,0.04
-0.0331,0.04
-0.033,0.04
-0.0329,0.04
-0.0328,0.04
-0.0327,0.04
-0.0326,0
-0.0325,0.04
-0.0324,0.04
-0.0323,0
-0.0322,0.04
-0.0321,0.04
-0.032,0
-0.0319,0.04
-0.0318,0.04
-0.0317,0.04
-0.0316,0
-0.0315,0.04
-0.0314,0
-0.0313,0.04
-0.0312,0
-0.0311,0.04
-0.031,0
-0.0309,0
-0.0308,0
-0.0307,0.08
-0.0306,0.04
-0.0305,0.04
-0.0304,0
-0.0303,0
-0.0302,0.04
-0.0301,0.04
-0.03,0.04
-0.0299,0
-0.0298,0.08
-0.0297,0.04
-0.0296,0
-0.0295,0.04
-0.0294,0
-0.0293,0.04
-0.0292,0.04
-0.0291,0.04
-0.029,0.04
-0.0289,0.04
-0.0288,0.04
-0.0287,0.04
-0.0286,0.04
-0.0285,0.04
-0.0284,0.04
-0.0283,0.04
-0.0282,0.04
-0.0281,0.04
-0.028,0.08
-0.0279,0.04
-0.0278,0.04
-0.0277,0.04
-0.0276,0.04
-0.0275,0.04
-0.0274,0.04
-0.0273,0.08
-0.0272,0.04
-0.0271,0.08
-0.027,0.04
-0.0269,0.04
-0.0268,0.04
-0.0267,0
-0.0266,0.08
-0.0265,0.04
-0.0264,0.08
-0.0263,0.04
-0.0262,0.04
-0.0261,0.08
-0.026,0.08
-0.0259,0.04
-0.0258,0.04
-0.0257,0.04
-0.0256,0.08
-0.0255,-0.08
-0.0254,0.04
-0.0253,-0.08
-0.0252,0.04
-0.0251,0.08
-0.025,0.04
-0.0249,0.08
-0.0248,0.04
-0.0247,0.04
-0.0246,0.08
-0.0245,0.08
-0.0244,0.04
-0.0243,0.08
-0.0242,0.12
-0.0241,0.04
-0.024,0.04
-0.0239,0.08
-0.0238,0.12
-0.0237,0.08
-0.0236,0.04
-0.0235,0.04
-0.0234,0.08
-0.0233,0.08
-0.0232,0.12
-0.0231,0.08
-0.023,0.08
-0.0229,0.08
-0.0228,0.08
-0.0227,0.04
-0.0226,0.08
-0.0225,0.08
-0.0224,0.08
-0.0223,0.08
-0.0222,0.08
-0.0221,0.08
-0.022,0.08
-0.0219,0.08
-0.0218,0.2
-0.0217,0.08
-0.0216,0.08
-0.0215,0.08
-0.0214,0.12
-0.0213,0
-0.0212,0.08
-0.0211,-0.04
-0.021,0.08
-0.0209,0.08
-0.0208,0.08
-0.0207,0.08
-0.0206,0.08
-0.0205,0.08
-0.0204,0.08
-0.0203,0.08
-0.0202,0.08
-0.0201,0.08
-0.02,0.08
-0.0199,0.08
-0.0198,0.12
-0.0197,0.04
-0.0196,0.08
-0.0195,0.04
-0.0194,0.12
-0.0193,0
-0.0192,0.08
-0.0191,0.04
-0.019,0.08
-0.0189,0.08
-0.0188,0.08
-0.0187,0.04
-0.0186,0.08
-0.0185,0.04
-0.0184,0.08
-0.0183,0.04
-0.0182,0.08
-0.0181,0.04
-0.018,0.08
-0.0179,0.08
-0.0178,0.04
-0.0177,0.08
-0.0176,0.04
-0.0175,0.04
-0.0174,0.16
-0.0173,0.08
-0.0172,0.04
-0.0171,0.08
-0.017,0.04
-0.0169,0.08
-0.0168,0.04
-0.0167,0.04
-0.0166,0.08
-0.0165,0.04
-0.0164,0.08
-0.0163,0.08
-0.0162,0.04
-0.0161,0.04
-0.016,0.04
-0.0159,0.04
-0.0158,0.04
-0.0157,0.08
-0.0156,0.12
-0.0155,0.04
-0.0154,0.04
-0.0153,0.04
-0.0152,0.12
-0.0151,0.08
-0.015,0.04
-0.0149,0.08
-0.0148,0.04
-0.0147,0.04
-0.0146,0.04
-0.0145,0.04
-0.0144,0.04
-0.0143,0.04
-0.0142,0
-0.0141,0.04
-0.014,0.04
-0.0139,0.04
-0.0138,0.04
-0.0137,0.04
-0.0136,0
-0.0135,0
-0.0134,0.04
-0.0133,0
-0.0132,0.04
-0.0131,0.04
-0.013,0
-0.0129,0.04
-0.0128,0
-0.0127,0
-0.0126,0
-0.0125,0.04
-0.0124,0.04
-0.0123,0
-0.0122,0.04
-0.0121,0
-0.012,0.04
-0.0119,0.04
-0.0118,0
-0.0117,0
-0.0116,0
-0.0115,0.04
-0.0114,0.04
-0.0113,0.04
-0.0112,0
-0.0111,0.04
-0.011,0
-0.0109,0
-0.0108,0.04
-0.0107,0
-0.0106,0
-0.0105,0
-0.0104,0.04
-0.0103,-0.08
-0.0102,0
-0.0101,0.04
-0.01,0
-0.0099,0
-0.0098,0
-0.0097,0.04
-0.0096,0.04
-0.0095,0.04
-0.0094,0.04
-0.0093,0
-0.0092,0.04
-0.0091,0.04
-0.009,0.04
-0.0089,0.16
-0.0088,0.32
-0.0087,0.4
-0.0086,0.48
-0.0085,0.56
-0.0084,0.6
-0.0083,0.64
-0.0082,0.68
-0.0081,0.68
-0.008,0.68
-0.0079,0.72
-0.0078,0.72
-0.0077,0.76
-0.0076,0.68
-0.0075,0.72
-0.0074,0.76
-0.0073,0.72
-0.0072,0.72
-0.0071,0.76
-0.007,0.72
-0.0069,0.8
-0.0068,0.76
-0.0067,0.72
-0.0066,0.72
-0.0065,0.72
-0.0064,0.76
-0.0063,0.72
-0.0062,0.72
-0.0061,0.76
-0.006,0.72
-0.0059,0.76
-0.0058,0.72
-0.0057,0.76
-0.0056,0.72
-0.0055,0.76
-0.0054,0.72
-0.0053,0.76
-0.0052,0.72
-0.0051,0.72
-0.005,0.8
-0.0049,0.76
-0.0048,0.76
-0.0047,0.76
-0.0046,0.76
-0.0045,0.76
-0.0044,0.76
-0.0043,0.76
-0.0042,0.76
-0.0041,0.76
-0.004,0.76
-0.0039,0.72
-0.0038,0.8
-0.0037,0.76
-0.0036,0.76
-0.0035,0.72
-0.0034,0.76
-0.0033,0.76
-0.0032,0.76
-0.0031,0.76
-0.003,0.76
-0.0029,0.76
-0.0028,0.76
-0.0027,0.76
-0.0026,0.76
-0.0025,0.76
-0.0024,0.76
-0.0023,0.76
-0.0022,0.8
-0.0021,0.8
-0.002,0.76
-0.0019,0.76
-0.0018,0.76
-0.0017,0.76
-0.0016,0.8
-0.0015,0.76
-0.0014,0.76
-0.0013,0.76
-0.0012,0.76
-0.0011,0.76
-0.001,0.72
-0.0009,0.76
-0.0008,0.76
-0.0007,0.76
-0.0006,0.76
-0.0005,0.88
-0.0004,0.76
-0.0003,0.76
-0.0002,1.04
-0.0001,2.36
0,3.64
0.0001,4.6
0.0002,5.16
0.0003,5.8
0.0004,6.16
0.0005,6.4
0.0006,6.6
0.0007,6.72
0.0008,6.84
0.0009,6.88
0.001,6.96
0.0011,7
0.0012,7
0.0013,7.04
0.0014,7.04
0.0015,7.04
0.0016,7.04
0.0017,7.04
0.0018,7.08
0.0019,7.08
0.002,7.08
0.0021,7.08
0.0022,7.08
0.0023,7.04
0.0024,7.12
0.0025,7
0.0026,7.08
0.0027,7.08
0.0028,7.08
0.0029,7.08
0.003,7.08
0.0031,7.08
0.0032,7.08
0.0033,7.08
0.0034,7.04
0.0035,7.12
0.0036,7.08
0.0037,7.08
0.0038,7.08
0.0039,7.08
0.004,7.08
0.0041,7.08
0.0042,7.08
0.0043,7.08
0.0044,7.08
0.0045,7.08
0.0046,7.04
0.0047,7.08
0.0048,7.08
0.0049,7.04
0.005,7.08
0.0051,7.04
0.0052,7.08
0.0053,7.04
0.0054,7.04
0.0055,7.04
0.0056,7.08
0.0057,7.04
0.0058,7.04
0.0059,7.04
0.006,7
0.0061,7.04
0.0062,7.04
0.0063,7.08
0.0064,7.04
0.0065,7.04
0.0066,7.04
0.0067,7.04
0.0068,7.04
0.0069,7.04
0.007,7.04
0.0071,7
0.0072,7.04
0.0073,7.04
0.0074,7.04
0.0075,7.04
0.0076,7
0.0077,7.04
0.0078,6.96
0.0079,7.04
0.008,7.04
0.0081,7.04
0.0082,7.12
0.0083,7.04
0.0084,7
0.0085,7.04
0.0086,7.12
0.0087,7.04
0.0088,7.08
0.0089,7.08
0.009,7.04
0.0091,7
0.0092,7.04
0.0093,7.04
0.0094,7.04
0.0095,7.08
0.0096,7.04
0.0097,7.04
0.0098,7.04
0.0099,7.04
0.01,7.04
0.0101,7.04
0.0102,7.08
0.0103,7.04
0.0104,7.08
0.0105,7.04
0.0106,7.08
0.0107,7.04
0.0108,7.04
0.0109,7.04
0.011,7.04
0.0111,7.04
0.0112,7.04
0.0113,7.04
0.0114,7.08
0.0115,7.08
0.0116,7.08
0.0117,6.96
0.0118,7.04
0.0119,7.04
0.012,7.04
0.0121,7.08
0.0122,7
0.0123,7.08
0.0124,7.16
0.0125,7.04
0.0126,7.08
0.0127,7.08
0.0128,7.04
0.0129,7.08
0.013,7.08
0.0131,7.08
0.0132,7.04
0.0133,7.04
0.0134,7.08
0.0135,7.08
0.0136,7.04
0.0137,7.08
0.0138,7.08
0.0139,7.08
0.014,7.08
0.0141,7.08
0.0142,7.08
0.0143,7.08
0.0144,7.08
0.0145,7.04
0.0146,7.08
0.0147,7.08
0.0148,7.08
0.0149,7.08
0.015,7.08
0.0151,7.08
0.0152,7
0.0153,7.08
0.0154,7.12
0.0155,7.08
0.0156,7.08
0.0157,7.08
0.0158,7.08
0.0159,7.08
0.016,7
0.0161,7.08
0.0162,7.12
0.0163,7.08
0.0164,7.08
0.0165,7.08
0.0166,7.08
0.0167,7.08
0.0168,7.08
0.0169,7.08
0.017,7.12
0.0171,7.12
0.0172,7.08
0.0173,7.08
0.0174,7.12
0.0175,7.12
0.0176,7.08
0.0177,7.08
0.0178,7.08
0.0179,7.12
0.018,7.08
0.0181,7.08
0.0182,7.12
0.0183,7.08
0.0184,7.12
0.0185,7.08
0.0186,7.12
0.0187,7.12
0.0188,7.12
0.0189,7
0.019,7.08
0.0191,7.08
0.0192,7.08
0.0193,7.12
0.0194,7.12
0.0195,7.08
0.0196,7.08
0.0197,7.08
0.0198,7.08
0.0199,7.12
0.02,7.12
0.0201,7.08
0.0202,7.12
0.0203,7.04
0.0204,7.08
0.0205,7.08
0.0206,7.08
0.0207,7.08
0.0208,7.08
0.0209,7.08
0.021,7.08
0.0211,7.08
0.0212,7.08
0.0213,7.12
0.0214,7.08
0.0215,7.12
0.0216,7.08
0.0217,7.08
0.0218,7.12
0.0219,7.08
0.022,7.08
0.0221,7.08
0.0222,7.08
0.0223,7.04
0.0224,7.08
0.0225,7.08
0.0226,7.08
0.0227,7.12
0.0228,7.08
0.0229,7.08
0.023,7.12
0.0231,7.08
0.0232,7.08
0.0233,7.04
0.0234,7.08
0.0235,7.04
0.0236,7.08
0.0237,7
0.0238,7.08
0.0239,7.08
0.024,7.08
0.0241,7.08
0.0242,7.08
0.0243,7.08
0.0244,7.08
0.0245,7.04
0.0246,7.08
0.0247,7.04
0.0248,7.04
0.0249,7.08
0.025,7.08
0.0251,7.04
0.0252,7.04
0.0253,7.04
0.0254,7.08
0.0255,7.04
0.0256,7.04
0.0257,7.08
0.0258,7
0.0259,7.04
0.026,7.04
0.0261,7.04
0.0262,7.08
0.0263,7.08
0.0264,7.08
0.0265,7.04
0.0266,7.04
0.0267,7.04
0.0268,7.08
0.0269,7.04
0.027,7.04
0.0271,7.04
0.0272,7.04
0.0273,7.08
0.0274,7.04
0.0275,7.08
0.0276,7.04
0.0277,7
0.0278,7.04
0.0279,7.08
0.028,7.04
0.0281,7.04
0.0282,7.04
0.0283,7.04
0.0284,7.08
0.0285,7.04
0.0286,7.04
0.0287,7.08
0.0288,7.04
0.0289,7.04
0.029,7.04
0.0291,7.04
0.0292,7.04
0.0293,7.08
0.0294,7.04
0.0295,7.12
0.0296,7.04
0.0297,7.04
0.0298,7.04
0.0299,7.04
0.03,7.04
0.0301,7.04
0.0302,7.04
0.0303,7.04
0.0304,7.04
0.0305,7.04
0.0306,7.08
0.0307,7.08
0.0308,7.08
0.0309,7.04
0.031,7.04
0.0311,7
0.0312,7.08
0.0313,7.04
0.0314,7.04
0.0315,7.04
0.0316,7.08
0.0317,7.08
0.0318,7.08
0.0319,7.08
0.032,7.04
0.0321,7.04
0.0322,7.04
0.0323,7.08
0.0324,7.08
0.0325,7.04
0.0326,7.04
0.0327,7.04
0.0328,7.04
0.0329,7.04
0.033,7.08
0.0331,7.04
0.0332,7.08
0.0333,7.04
0.0334,7.08
0.0335,7.08
0.0336,7.12
0.0337,7.08
0.0338,7.08
0.0339,7.08
0.034,7.12
0.0341,7.08
0.0342,7.08
0.0343,7.04
0.0344,7.12
0.0345,7.08
0.0346,7.08
0.0347,7.08
0.0348,7.08
0.0349,7.04
0.035,7.08
0.0351,7.04
0.0352,7.08
0.0353,7.08
0.0354,7.12
0.0355,7.08
0.0356,7.12
0.0357,7.08
0.0358,7.12
0.0359,7.08
0.036,7.08
0.0361,7.08
0.0362,7.08
0.0363,7.12
0.0364,7.16
0.0365,7.12
0.0366,7.12
0.0367,7.12
0.0368,7.08
0.0369,7.08
0.037,7.08
0.0371,7.12
0.0372,7.12
0.0373,7.12
0.0374,7.04
0.0375,7.08
0.0376,7.08
0.0377,7.08
0.0378,7.12
0.0379,7.12
0.038,7.12
0.0381,7.08
0.0382,7.12
0.0383,7.12
0.0384,7.12
0.0385,7.12
0.0386,7.08
0.0387,7.08
0.0388,7.08
0.0389,7.08
0.039,7.08
0.0391,7.12
0.0392,7.08
0.0393,7.08
0.0394,7.08
0.0395,7.08
0.0396,7.08
0.0397,7.08
0.0398,7.08
0.0399,7.08
0.04,7.12
0.0401,7.08
0.0402,7.12
0.0403,7.12
0.0404,7.08
0.0405,7.08
0.0406,7.08
0.0407,7.12
0.0408,7.12
0.0409,7.08
0.041,7.08
0.0411,7.08
0.0412,7.12
0.0413,7.12
0.0414,7.04
0.0415,7.08
0.0416,7.12
0.0417,7.12
0.0418,7.08
0.0419,7.08
0.042,7.08
0.0421,7.12
0.0422,7.12
0.0423,7.08
0.0424,7.04
0.0425,7.08
0.0426,7.08
0.0427,7.08
0.0428,7.08
0.0429,7.08
0.043,7.08
0.0431,7.12
0.0432,7.12
0.0433,7.04
0.0434,7.04
0.0435,7.08
0.0436,7.08
0.0437,7.08
0.0438,7.08
0.0439,7.08
0.044,7.08
0.0441,7.08
0.0442,7.08
0.0443,7.08
0.0444,7.08
0.0445,7.08
0.0446,7.04
0.0447,7.08
0.0448,7.08
0.0449,7.08
0.045,7.08
0.0451,7.08
0.0452,7.08
0.0453,7.08
0.0454,7.04
0.0455,7.08
0.0456,7.04
0.0457,7.04
0.0458,7.08
0.0459,7.04
0.046,7.04
0.0461,7.08
0.0462,7
0.0463,7.04
0.0464,7.08
0.0465,7.04
0.0466,7.04
0.0467,7.08
0.0468,7.04
0.0469,7.04
0.047,7.08
0.0471,7.08
0.0472,7.04
0.0473,7
0.0474,7.04
0.0475,7.04
0.0476,7.04
0.0477,7.04
0.0478,7
0.0479,7.04
0.048,7
0.0481,7.04
0.0482,7
0.0483,7.04
0.0484,7.04
0.0485,7.04
0.0486,7.04
0.0487,7.04
0.0488,7.04
0.0489,7.04
0.049,7.04
0.0491,7.04
0.0492,7.04
0.0493,7.04
0.0494,7.04
0.0495,7.08
0.0496,7.04
0.0497,7.04
0.0498,7.08
0.0499,6.96
0.05,7.04
0.0501,7.04
0.0502,7.04
0.0503,7.08
0.0504,7.04
0.0505,7.08
0.0506,7.04
0.0507,7.08
0.0508,7.08
0.0509,7.08
0.051,7.08
0.0511,7.04
0.0512,7.08
0.0513,7.08
0.0514,7.08
0.0515,7.04
0.0516,7.08
0.0517,7.08
0.0518,7.04
0.0519,7.08
0.052,7.04
0.0521,7.08
0.0522,7.04
0.0523,7.08
0.0524,7.08
0.0525,7.04
0.0526,7.08
0.0527,7.08
0.0528,7.08
0.0529,7.08
0.053,7.12
0.0531,7.08
0.0532,7.04
0.0533,7.08
0.0534,7.08
0.0535,7.08
0.0536,7.12
0.0537,7.08
0.0538,7
0.0539,7.08
0.054,7.08
0.0541,7.04
0.0542,7.08
0.0543,7.08
0.0544,7.08
0.0545,7.08
0.0546,7.08
0.0547,7.08
0.0548,7.08
0.0549,7.08
0.055,7
0.0551,7.08
0.0552,7.04
0.0553,7.08
0.0554,7.08
0.0555,7.08
0.0556,7.08
0.0557,7.08
0.0558,7.08
0.0559,7.08
0.056,7.08
0.0561,7.12
0.0562,7.12
0.0563,7.08
0.0564,7.12
0.0565,7.12
0.0566,7.12
0.0567,7.08
0.0568,7.12
0.0569,7.08
0.057,7.12
0.0571,7.08
0.0572,7.08
0.0573,7.08
0.0574,7.08
0.0575,7.08
0.0576,7.12
0.0577,7.08
0.0578,7.08
0.0579,7.08
0.058,7.12
0.0581,7.08
0.0582,7.08
0.0583,7.12
0.0584,7.12
0.0585,7.08
0.0586,7.08
0.0587,7.08
0.0588,7.12
0.0589,7.12
0.059,7.12
0.0591,7.08
0.0592,7.08
0.0593,7.08
0.0594,6.96
0.0595,7.12
0.0596,7.12
0.0597,7.08
0.0598,7.08
0.0599,7.12
0.06,7.08
0.0601,7.08
0.0602,7.08
0.0603,7.08
0.0604,7.08
0.0605,7.04
0.0606,7.08
0.0607,7.08
0.0608,7.08
0.0609,7.08
0.061,7.08
0.0611,7.12
0.0612,7.08
0.0613,7.08
0.0614,7.08
0.0615,7.08
0.0616,7.08
0.0617,7.08
0.0618,7.12
0.0619,7.08
0.062,7.08
0.0621,7.12
0.0622,7.08
0.0623,7.12
0.0624,7.12
0.0625,7.08
0.0626,7.12
0.0627,7.08
0.0628,7.08
0.0629,7.04
0.063,7.08
0.0631,7.08
0.0632,7.04
0.0633,7.08
0.0634,7.08
0.0635,7.08
0.0636,7.04
0.0637,7.08
0.0638,7.08
0.0639,7.08
0.064,7.08
0.0641,7.08
0.0642,7.08
0.0643,7.04
0.0644,7.08
0.0645,7.08
0.0646,7.08
0.0647,7.08
0.0648,7.04
0.0649,7.08
0.065,7.08
0.0651,7.08
0.0652,7.04
0.0653,7.04
0.0654,7
0.0655,7.08
0.0656,7.08
0.0657,7.04
0.0658,7.08
0.0659,7.04
0.066,7.04
0.0661,7.04
0.0662,7.04
0.0663,7.04
0.0664,7.04
0.0665,7.04
0.0666,7.04
0.0667,7.04
0.0668,7.08
0.0669,7.04
0.067,7.04
0.0671,7.04
0.0672,7.04
0.0673,7.04
0.0674,7
0.0675,7.08
0.0676,7.08
0.0677,7.08
0.0678,7.04
0.0679,7.04
0.068,7.08
0.0681,7
0.0682,7.04
0.0683,7.04
0.0684,7.04
0.0685,7.04
0.0686,7.08
0.0687,7.04
0.0688,7.04
0.0689,7.04
0.069,7.04
0.0691,7
0.0692,7.04
0.0693,7.04
0.0694,7.04
0.0695,7.04
0.0696,7.04
0.0697,7.04
0.0698,7.04
0.0699,7.08
0.07,7.08
0.0701,7.04
0.0702,7.08
0.0703,7
0.0704,7.08
0.0705,7.04
0.0706,7.04
0.0707,7.04
0.0708,7.04
0.0709,7.04
0.071,7.08
0.0711,7.08
0.0712,7.08
0.0713,7.04
0.0714,7.08
0.0715,7.04
0.0716,7.04
0.0717,7.04
0.0718,7.04
0.0719,7.08
0.072,7.04
0.0721,7
0.0722,7.08
0.0723,7.04
0.0724,7.08
0.0725,7.08
0.0726,7.04
0.0727,7.08
0.0728,7.04
0.0729,7.08
0.073,7.08
0.0731,7.08
0.0732,7.12
0.0733,7.04
0.0734,7.08
0.0735,7.08
0.0736,7.04
0.0737,7.08
0.0738,7.08
0.0739,7.08
0.074,7.08
0.0741,7.08
0.0742,7.12
0.0743,7.08
0.0744,7.04
0.0745,7.08
0.0746,7.04
0.0747,7.08
0.0748,7.08
0.0749,7.12
0.075,7.08
0.0751,7.04
0.0752,7.08
0.0753,7.12
0.0754,7.08
0.0755,7.08
0.0756,7.12
0.0757,7.08
0.0758,7.12
0.0759,7.08
0.076,7.04
0.0761,7.08
0.0762,7.08
0.0763,7.12
0.0764,7.08
0.0765,7.08
0.0766,7.08
0.0767,7.08
0.0768,7.12
0.0769,7.08
0.077,7.08
0.0771,7.08
0.0772,7.12
0.0773,7.12
0.0774,7.12
0.0775,7.08
0.0776,7.12
0.0777,7.08
0.0778,7.12
0.0779,7.12
0.078,7.12
0.0781,7.12
0.0782,7.08
0.0783,7.12
0.0784,7.12
0.0785,7.08
0.0786,7.12
0.0787,7.12
0.0788,7.12
0.0789,7.08
0.079,7.12
0.0791,7.08
0.0792,7.12
0.0793,7.12
0.0794,7.12
0.0795,7.08
0.0796,7.12
0.0797,7.12
0.0798,7.08
0.0799,7.12
0.08,7.08
0.0801,7.08
0.0802,7.08
0.0803,7.12
0.0804,7.12
0.0805,7.12
0.0806,7.08
0.0807,7.12
0.0808,7.08
0.0809,7.08
0.081,7.08
0.0811,7.12
0.0812,7.08
0.0813,7.12
0.0814,7.12
0.0815,7.12
0.0816,7.12
0.0817,7.12
0.0818,7.08
0.0819,7
0.082,7.08
0.0821,7.08
0.0822,7.08
0.0823,7.08
0.0824,7.08
0.0825,7.08
0.0826,7.08
0.0827,7.08
0.0828,7.08
0.0829,7.04
0.083,7.08
0.0831,7.08
0.0832,7.08
0.0833,7.12
0.0834,7.08
0.0835,7.08
0.0836,7.08
0.0837,7.08
0.0838,7.04
0.0839,7.08
0.084,7.12
0.0841,7.08
0.0842,7.08
0.0843,7.08
0.0844,7.08
0.0845,7.08
0.0846,7.04
0.0847,7.08
0.0848,7.08
0.0849,7.12
0.085,7.08
0.0851,7.04
0.0852,7.08
0.0853,7.08
0.0854,7.12
0.0855,7.04
0.0856,7.08
0.0857,7.04
0.0858,7.04
0.0859,7.08
0.086,7.12
0.0861,7.04
0.0862,7.04
0.0863,7.08
0.0864,7.04
0.0865,7
0.0866,7.08
0.0867,7.04
0.0868,7.08
0.0869,7.08
0.087,7.04
0.0871,7.04
0.0872,7.04
0.0873,7.04
0.0874,7.04
0.0875,7.04
0.0876,7.04
0.0877,7.04
0.0878,7.04
0.0879,7.04
0.088,7.04
0.0881,7.04
0.0882,7.04
0.0883,7.04
0.0884,7.04
0.0885,7
0.0886,7.04
0.0887,7.04
0.0888,7.04
0.0889,7.04
0.089,7.04
0.0891,7.04
0.0892,7.04
0.0893,7.04
0.0894,7
0.0895,7.04
0.0896,7.04
0.0897,7.04
0.0898,7.04
0.0899,7.04
0.09,7.04
0.0901,7.08
0.0902,7.04
0.0903,7.04
0.0904,7.04
0.0905,7.04
0.0906,7.08
0.0907,7.08
0.0908,7.04
0.0909,7.08
0.091,7.04
0.0911,7.04
0.0912,7.08
0.0913,7.08
0.0914,7.04
0.0915,7.08
0.0916,7.04
0.0917,7.04
0.0918,7.08
0.0919,7.08
0.092,7.08
0.0921,7.04
0.0922,7.08
0.0923,7.04
0.0924,7.08
0.0925,7.08
0.0926,7.04
0.0927,7.12
0.0928,7.04
0.0929,7
0.093,7.08
0.0931,7.08
0.0932,7.08
0.0933,7.08
0.0934,7.08
0.0935,7.04
0.0936,7.08
0.0937,7.04
0.0938,7.08
0.0939,7.04
0.094,7.12
0.0941,7.08
0.0942,7.04
0.0943,7.08
0.0944,7.08
0.0945,7.08
0.0946,7.08
0.0947,7.08
0.0948,7.08
0.0949,7.04
0.095,7.08
0.0951,7.08
0.0952,7.08
0.0953,7.08
0.0954,7.12
0.0955,7.08
0.0956,7.08
0.0957,7.08
0.0958,7.12
0.0959,7.08
0.096,7.08
0.0961,7.08
0.0962,7.08
0.0963,7.08
0.0964,7.08
0.0965,7.08
0.0966,7.08
0.0967,7.12
0.0968,7.08
0.0969,7.08
0.097,7.12
0.0971,7.12
0.0972,7.12
0.0973,7.12
0.0974,7.08
0.0975,7.12
0.0976,7.12
0.0977,7.12
0.0978,7.08
0.0979,7.12
0.098,7.12
0.0981,7.12
0.0982,7.12
0.0983,7.08
0.0984,7.08
0.0985,7.12
0.0986,7.12
0.0987,7.08
0.0988,7.08
0.0989,7.12
0.099,7.12
0.0991,7.12
0.0992,7.12
0.0993,7.12
0.0994,7.08
0.0995,7.08
0.0996,7.12
0.0997,7.12
0.0998,7.08
0.0999,7.08
0.1,7.12
0.1001,7.12
0.1002,7.12
0.1003,7.12
0.1004,7.12
0.1005,7.08
0.1006,7.12
0.1007,7.08
0.1008,7.12
0.1009,7.08
0.101,7.08
0.1011,7.08
0.1012,7.08
0.1013,7.08
0.1014,7.12
0.1015,7.08
0.1016,7.08
0.1017,7.08
0.1018,7.08
0.1019,7.12
0.102,7.08
0.1021,7.08
0.1022,7
0.1023,7.04
0.1024,7.08
0.1025,7.08
0.1026,7.08
0.1027,7.08
0.1028,7.08
0.1029,7.08
0.103,7.08
0.1031,7.08
0.1032,7.08
0.1033,7.08
0.1034,7.08
0.1035,7.08
0.1036,7.08
0.1037,7.08
0.1038,7.08
0.1039,7.08
0.104,7.04
0.1041,7.08
0.1042,7.04
0.1043,7.08
0.1044,7.04
0.1045,7.12
0.1046,7.08
0.1047,7.08
0.1048,7.08
0.1049,7
0.105,7.08
0.1051,7.08
0.1052,7.04
0.1053,7.08
0.1054,7.08
0.1055,7.08
0.1056,7.04
0.1057,7.08
0.1058,7.04
0.1059,7.08
0.106,7.04
0.1061,7.08
0.1062,7.04
0.1063,7.04
0.1064,7.08
0.1065,7.08
0.1066,7.08
0.1067,7.04
0.1068,7.04
0.1069,7.04
0.107,7.04
0.1071,7.04
0.1072,7.04
0.1073,7.04
0.1074,7
0.1075,7.12
0.1076,7.04
0.1077,7.04
0.1078,7.04
0.1079,7.08
0.108,7.04
0.1081,7.04
0.1082,7.12
0.1083,7.04
0.1084,7.04
0.1085,7.04
0.1086,7.04
0.1087,7.08
0.1088,7.04
0.1089,7.04
0.109,7
0.1091,7.04
0.1092,7.04
0.1093,7.04
0.1094,7.04
0.1095,7.08
0.1096,7.04
0.1097,7.04
0.1098,7.04
0.1099,7.04
0.11,7.04
0.1101,7.08
0.1102,6.96
0.1103,7.08
0.1104,7.04
0.1105,7.04
0.1106,7.04
0.1107,7.08
0.1108,7.04
0.1109,7.04
0.111,7.12
0.1111,7.04
0.1112,7.04
0.1113,7.04
0.1114,7.04
0.1115,7.04
0.1116,7.04
0.1117,7.04
0.1118,7.04
0.1119,7.08
0.112,7.04
0.1121,7.08
0.1122,7.04
0.1123,7.04
0.1124,7.04
0.1125,7
0.1126,7.04
0.1127,7.04
0.1128,7.08
0.1129,7.08
0.113,7.08
0.1131,7.08
0.1132,7.12
0.1133,7.08
0.1134,7.08
0.1135,7.12
0.1136,7.08
0.1137,7.08
0.1138,7.08
0.1139,7.08
0.114,7.08
0.1141,7.08
0.1142,7.12
0.1143,7.08
0.1144,7.04
0.1145,7.08
0.1146,7.08
0.1147,7.08
0.1148,7.08
0.1149,7.08
0.115,7.12
0.1151,7.04
0.1152,7.08
0.1153,7.08
0.1154,7.08
0.1155,7.08
0.1156,7.08
0.1157,7.08
0.1158,7.08
0.1159,7.08
0.116,7.08
0.1161,7.08
0.1162,7.08
0.1163,7.08
0.1164,7.12
0.1165,7.08
0.1166,7.08
0.1167,7.12
0.1168,7.08
0.1169,7.08
0.117,7.12
0.1171,7.08
0.1172,7.08
0.1173,7.08
0.1174,7.08
0.1175,7.08
0.1176,7.08
0.1177,7.08
0.1178,7.08
0.1179,7.12
0.118,7.08
0.1181,7.08
0.1182,7.08
0.1183,7.12
0.1184,7.12
0.1185,7.12
0.1186,7.08
0.1187,7.08
0.1188,7.08
0.1189,7.08
0.119,7.08
0.1191,7.08
0.1192,7.12
0.1193,7.12
0.1194,7.12
0.1195,7.12
0.1196,7.08
0.1197,7.12
0.1198,7.08
0.1199,7.08
0.12,7.08
0.1201,7.08
0.1202,7.12
0.1203,7.12
0.1204,7.12
0.1205,7.08
0.1206,7.08
0.1207,7.08
0.1208,7.08
0.1209,7.08
0.121,7.12
0.1211,7.08
0.1212,7.08
0.1213,7.12
0.1214,7.08
0.1215,7.08
0.1216,7.08
0.1217,7.08
0.1218,7.08
0.1219,7.08
0.122,7.08
0.1221,7.04
0.1222,7.08
0.1223,7.08
0.1224,7.08
0.1225,7.08
0.1226,7.08
0.1227,7.08
0.1228,7.08
0.1229,7.12
0.123,7.08
0.1231,7.08
0.1232,7.08
0.1233,7.04
0.1234,7.08
0.1235,7.08
0.1236,7.08
0.1237,7.08
0.1238,7.12
0.1239,7.08
0.124,7.08
0.1241,7.08
0.1242,7.08
0.1243,7.08
0.1244,7.08
0.1245,7.12
0.1246,7.04
0.1247,7.08
0.1248,7.08
0.1249,7.08
