0,0
0.0004,0
0.0008,0
0.0012,0.56
0.0016,12.56
0.002,12.56
0.0024,12.56
0.0028,12.56
0.0032,12.56
0.0036,12.56
0.004,12.56
0.0044,12.56
0.0048,12.56
0.0052,12.56
0.0056,12.56
0.006,12.56
0.0064,12.56
0.0068,12.56
0.0072,12.56
0.0076,12.56
0.008,12.56
0.0084,12.56
0.0088,12.56
0.0092,12.56
0.0096,12.56
0.01,12.56
0.0104,12.56
0.0108,12.56
0.0112,12.56
0.0116,12.56
0.012,12.56
0.0124,12.56
0.0128,12.56
0.0132,12.56
0.0136,12.56
0.014,12.56
0.0144,12.56
0.0148,12.56
0.0152,12.56
0.0156,12.56
0.016,12.56
0.0164,12.56
0.0168,12.56
0.0172,12.56
0.0176,12.56
0.018,12.56
0.0184,12.56
0.0188,12.56
0.0192,12.56
0.0196,12.56
0.02,12.56
0.0204,12.56
0.0208,12.48
0.0212,12.56
0.0216,12.56
0.022,12.56
0.0224,12.56
0.0228,12.56
0.0232,12.56
0.0236,12.56
0.024,12.56
0.0244,12.56
0.0248,12.56
0.0252,12.56
0.0256,12.56
0.026,12.56
0.0264,12.56
0.0268,12.56
0.0272,12.56
0.0276,12.56
0.028,12.56
0.0284,12.56
0.0288,12.56
0.0292,12.56
0.0296,12.56
0.03,12.56
0.0304,12.56
0.0308,12.56
0.0312,12.56
0.0316,12.56
0.032,12.56
0.0324,12.56
0.0328,12.56
0.0332,12.48
0.0336,12.56
0.034,12.56
0.0344,12.56
0.0348,12.56
0.0352,12.56
0.0356,12.56
0.036,12.56
0.0364,12.56
0.0368,12.56
0.0372,12.56
0.0376,12.56
0.038,12.56
0.0384,12.56
0.0388,12.56
0.0392,12.56
0.0396,12.56
0.04,12.56
0.0404,12.56
0.0408,12.56
0.0412,12.56
0.0416,12.56
0.042,12.48
0.0424,12.56
0.0428,12.56
0.0432,12.56
0.0436,12.56
0.044,12.56
0.0444,12.56
0.0448,12.56
0.0452,12.56
0.0456,12.56
0.046,12.56
0.0464,12.56
0.0468,12.56
0.0472,12.56
0.0476,12.56
0.048,12.56
0.0484,12.56
0.0488,12.56
0.0492,12.56
0.0496,12.56
0.05,12.56
0.0504,12.56
0.0508,12.56
0.0512,12.48
0.0516,12.56
0.052,12.56
0.0524,12.56
0.0528,12.56
0.0532,12.56
0.0536,12.56
0.054,12.56
0.0544,12.56
0.0548,12.56
0.0552,12.56
0.0556,12.56
0.056,12.56
0.0564,12.56
0.0568,12.56
0.0572,12.56
0.0576,12.64
0.058,12.56
0.0584,12.56
0.0588,12.56
0.0592,12.56
0.0596,12.56
0.06,12.56
0.0604,12.56
0.0608,12.56
0.0612,12.56
0.0616,12.56
0.062,12.56
0.0624,12.56
0.0628,12.56
0.0632,12.56
0.0636,12.56
0.064,12.56
0.0644,12.56
0.0648,12.56
0.0652,12.56
0.0656,12.56
0.066,12.56
0.0664,12.56
0.0668,12.56
0.0672,12.56
0.0676,12.56
0.068,12.56
0.0684,12.56
0.0688,12.56
0.0692,12.56
0.0696,12.56
0.07,12.56
0.0704,12.56
0.0708,12.56
0.0712,12.56
0.0716,12.56
0.072,12.56
0.0724,12.56
0.0728,12.56
0.0732,12.56
0.0736,12.56
0.074,12.48
0.0744,12.56
0.0748,12.56
0.0752,12.56
0.0756,12.56
0.076,12.56
0.0764,12.56
0.0768,12.56
0.0772,12.56
0.0776,12.56
0.078,12.56
0.0784,12.56
0.0788,12.56
0.0792,12.56
0.0796,12.56
0.08,12.48
0.0804,12.56
0.0808,12.56
0.0812,12.56
0.0816,12.56
0.082,12.56
0.0824,12.56
0.0828,12.56
0.0832,12.56
0.0836,12.56
0.084,12.56
0.0844,12.56
0.0848,12.56
0.0852,12.56
0.0856,12.56
0.086,12.56
0.0864,12.56
0.0868,12.56
0.0872,12.56
0.0876,12.56
0.088,12.56
0.0884,12.56
0.0888,12.56
0.0892,12.56
0.0896,12.56
0.09,12.56
0.0904,12.56
0.0908,12.56
0.0912,12.56
0.0916,12.56
0.092,12.56
0.0924,12.48
0.0928,12.56
0.0932,12.56
0.0936,12.56
0.094,12.56
0.0944,12.56
0.0948,12.56
0.0952,12.56
0.0956,12.56
0.096,12.56
0.0964,12.56
0.0968,12.56
0.0972,12.56
0.0976,12.56
0.098,12.56
0.0984,12.56
0.0988,12.56
0.0992,12.48
0.0996,12.56
0.1,12.56
0.1004,12.56
0.1008,12.56
0.1012,12.56
0.1016,12.56
0.102,12.56
0.1024,12.56
0.1028,12.56
0.1032,12.56
0.1036,12.56
0.104,12.56
0.1044,12.56
0.1048,12.56
0.1052,12.56
0.1056,12.56
0.106,12.56
0.1064,12.56
0.1068,12.56
0.1072,12.56
0.1076,12.56
0.108,12.56
0.1084,12.56
0.1088,12.56
0.1092,12.56
0.1096,12.56
0.11,12.56
0.1104,12.56
0.1108,12.56
0.1112,12.56
0.1116,12.56
0.112,12.56
0.1124,12.56
0.1128,12.56
0.1132,12.56
0.1136,12.56
0.114,12.56
0.1144,12.56
0.1148,12.56
0.1152,12.56
0.1156,12.56
0.116,12.56
0.1164,12.56
0.1168,12.56
0.1172,12.56
0.1176,12.56
0.118,12.56
0.1184,12.56
0.1188,12.56
0.1192,12.56
0.1196,12.56
0.12,12.56
0.1204,12.56
0.1208,12.56
0.1212,12.56
0.1216,12.56
0.122,12.56
0.1224,12.56
0.1228,12.56
0.1232,12.56
0.1236,12.56
0.124,12.56
0.1244,12.56
0.1248,12.56
0.1252,12.56
0.1256,12.56
0.126,12.56
0.1264,12.56
0.1268,12.56
0.1272,12.56
0.1276,12.56
0.128,12.56
0.1284,12.56
0.1288,12.56
0.1292,12.48
0.1296,12.56
0.13,12.56
0.1304,12.56
0.1308,12.56
0.1312,12.56
0.1316,12.56
0.132,12.56
0.1324,12.56
0.1328,12.56
0.1332,12.56
0.1336,12.56
0.134,12.56
0.1344,12.56
0.1348,12.56
0.1352,12.56
0.1356,12.56
0.136,12.56
0.1364,12.56
0.1368,12.56
0.1372,12.56
0.1376,12.56
0.138,12.56
0.1384,12.56
0.1388,12.56
0.1392,12.56
0.1396,12.56
0.14,12.56
0.1404,12.56
0.1408,12.56
0.1412,12.56
0.1416,12.56
0.142,12.56
0.1424,12.56
0.1428,12.56
0.1432,12.56
0.1436,12.56
0.144,12.56
0.1444,12.56
0.1448,12.56
0.1452,12.56
0.1456,12.56
0.146,12.56
0.1464,12.56
0.1468,12.48
0.1472,12.56
0.1476,12.56
0.148,12.56
0.1484,12.56
0.1488,12.56
0.1492,12.48
0.1496,12.56
0.15,12.56
0.1504,12.56
0.1508,12.56
0.1512,12.56
0.1516,12.56
0.152,12.56
0.1524,12.56
0.1528,12.56
0.1532,12.56
0.1536,12.56
0.154,12.56
0.1544,12.56
0.1548,12.56
0.1552,12.48
0.1556,12.56
0.156,12.56
0.1564,12.56
0.1568,12.56
0.1572,12.56
0.1576,12.56
0.158,12.56
0.1584,12.56
0.1588,12.56
0.1592,12.56
0.1596,12.56
0.16,12.56
0.1604,12.56
0.1608,12.56
0.1612,12.56
0.1616,12.56
0.162,12.56
0.1624,12.56
0.1628,12.56
0.1632,12.56
0.1636,12.56
0.164,12.56
0.1644,12.56
0.1648,12.56
0.1652,12.56
0.1656,12.56
0.166,12.56
0.1664,12.56
0.1668,12.56
0.1672,12.56
0.1676,12.56
0.168,12.56
0.1684,12.56
0.1688,12.56
0.1692,12.56
0.1696,12.56
0.17,12.56
0.1704,12.56
0.1708,12.56
0.1712,12.56
0.1716,12.56
0.172,12.56
0.1724,12.56
0.1728,12.56
0.1732,12.56
0.1736,12.56
0.174,12.56
0.1744,12.56
0.1748,12.56
0.1752,12.56
0.1756,12.48
0.176,12.56
0.1764,12.56
0.1768,12.56
0.1772,12.56
0.1776,12.56
0.178,12.56
0.1784,12.56
0.1788,12.56
0.1792,12.56
0.1796,12.56
0.18,12.56
0.1804,12.56
0.1808,12.56
0.1812,12.56
0.1816,12.56
0.182,12.56
0.1824,12.56
0.1828,12.56
0.1832,12.56
0.1836,12.56
0.184,12.56
0.1844,12.48
0.1848,12.56
0.1852,12.56
0.1856,12.56
0.186,12.56
0.1864,12.56
0.1868,12.56
0.1872,12.48
0.1876,12.56
0.188,12.56
0.1884,12.56
0.1888,12.56
0.1892,12.56
0.1896,12.56
0.19,12.56
0.1904,12.56
0.1908,12.48
0.1912,12.56
0.1916,12.56
0.192,12.56
0.1924,12.48
0.1928,12.56
0.1932,12.56
0.1936,12.56
0.194,12.56
0.1944,12.56
0.1948,12.56
0.1952,12.56
0.1956,12.56
0.196,12.56
0.1964,12.56
0.1968,12.56
0.1972,12.56
0.1976,12.56
0.198,12.56
0.1984,12.56
0.1988,12.56
0.1992,12.56
0.1996,12.56
0.2,12.56
0.2004,12.56
0.2008,12.56
0.2012,12.56
0.2016,12.56
0.202,12.56
0.2024,12.56
0.2028,12.56
0.2032,12.56
0.2036,12.56
0.204,12.56
0.2044,12.56
0.2048,12.56
0.2052,12.56
0.2056,12.56
0.206,12.56
0.2064,12.56
0.2068,12.56
0.2072,12.56
0.2076,12.56
0.208,12.56
0.2084,12.56
0.2088,12.56
0.2092,12.56
0.2096,12.56
0.21,12.56
0.2104,12.56
0.2108,12.56
0.2112,12.56
0.2116,12.56
0.212,12.56
0.2124,12.56
0.2128,12.56
0.2132,12.56
0.2136,12.56
0.214,12.56
0.2144,12.56
0.2148,12.56
0.2152,12.56
0.2156,12.56
0.216,12.56
0.2164,12.56
0.2168,12.56
0.2172,12.56
0.2176,12.56
0.218,12.56
0.2184,12.56
0.2188,12.56
0.2192,12.56
0.2196,12.56
0.22,12.56
0.2204,12.56
0.2208,12.56
0.2212,12.56
0.2216,12.56
0.222,12.56
0.2224,12.56
0.2228,12.56
0.2232,12.56
0.2236,12.48
0.224,12.56
0.2244,12.56
0.2248,12.56
0.2252,12.56
0.2256,12.56
0.226,12.56
0.2264,12.56
0.2268,12.56
0.2272,12.56
0.2276,12.56
0.228,12.56
0.2284,12.56
0.2288,12.56
0.2292,12.56
0.2296,12.56
0.23,12.56
0.2304,12.48
0.2308,12.56
0.2312,12.56
0.2316,12.56
0.232,12.56
0.2324,12.56
0.2328,12.56
0.2332,12.56
0.2336,12.56
0.234,12.56
0.2344,12.56
0.2348,12.56
0.2352,12.56
0.2356,12.56
0.236,12.56
0.2364,12.56
0.2368,12.56
0.2372,12.56
0.2376,12.48
0.238,12.56
0.2384,12.56
0.2388,12.56
0.2392,12.56
0.2396,12.56
0.24,12.56
0.2404,12.56
0.2408,12.56
0.2412,12.56
0.2416,12.56
0.242,12.56
0.2424,12.56
0.2428,12.56
0.2432,12.56
0.2436,12.56
0.244,12.56
0.2444,12.56
0.2448,12.56
0.2452,12.56
0.2456,12.56
0.246,12.56
0.2464,12.56
0.2468,12.56
0.2472,12.56
0.2476,12.56
0.248,12.56
0.2484,12.56
0.2488,12.56
0.2492,12.56
0.2496,12.48
0.25,12.56
0.2504,12.56
0.2508,12.56
0.2512,12.56
0.2516,12.56
0.252,12.56
0.2524,12.56
0.2528,12.56
0.2532,12.56
0.2536,12.56
0.254,12.56
0.2544,12.56
0.2548,12.56
0.2552,12.56
0.2556,12.56
0.256,12.56
0.2564,12.56
0.2568,12.56
0.2572,12.56
0.2576,12.56
0.258,12.56
0.2584,12.56
0.2588,12.56
0.2592,12.56
0.2596,12.56
0.26,12.56
0.2604,12.56
0.2608,12.56
0.2612,12.56
0.2616,12.48
0.262,12.56
0.2624,12.56
0.2628,12.56
0.2632,12.56
0.2636,12.56
0.264,12.56
0.2644,12.56
0.2648,12.56
0.2652,12.56
0.2656,12.56
0.266,12.56
0.2664,12.56
0.2668,12.56
0.2672,12.56
0.2676,12.56
0.268,12.56
0.2684,12.56
0.2688,12.56
0.2692,12.56
0.2696,12.48
0.27,12.56
0.2704,12.56
0.2708,12.56
0.2712,12.56
0.2716,12.56
0.272,12.56
0.2724,12.56
0.2728,12.56
0.2732,12.56
0.2736,12.56
0.274,12.56
0.2744,12.56
0.2748,12.56
0.2752,12.56
0.2756,12.48
0.276,12.56
0.2764,12.56
0.2768,12.56
0.2772,12.56
0.2776,12.56
0.278,12.56
0.2784,12.56
0.2788,12.56
0.2792,12.56
0.2796,12.56
0.28,12.56
0.2804,12.56
0.2808,12.56
0.2812,12.56
0.2816,12.56
0.282,12.56
0.2824,12.56
0.2828,12.56
0.2832,12.56
0.2836,12.56
0.284,12.48
0.2844,12.56
0.2848,12.56
0.2852,12.56
0.2856,12.56
0.286,12.56
0.2864,12.56
0.2868,12.56
0.2872,12.56
0.2876,12.56
0.288,12.56
0.2884,12.56
0.2888,12.56
0.2892,12.56
0.2896,12.56
0.29,12.56
0.2904,12.56
0.2908,12.56
0.2912,12.56
0.2916,12.56
0.292,12.56
0.2924,12.56
0.2928,12.56
0.2932,12.56
0.2936,12.56
0.294,12.56
0.2944,12.56
0.2948,12.56
0.2952,12.56
0.2956,12.56
0.296,12.56
0.2964,12.56
0.2968,12.56
0.2972,12.56
0.2976,12.56
0.298,12.56
0.2984,12.56
0.2988,12.56
0.2992,12.56
0.2996,12.56
0.3,12.56
0.3004,12.56
0.3008,12.56
0.3012,12.56
0.3016,12.64
0.302,12.56
0.3024,12.56
0.3028,12.56
0.3032,12.56
0.3036,12.56
0.304,12.56
0.3044,12.56
0.3048,12.48
0.3052,12.56
0.3056,12.56
0.306,12.56
0.3064,12.48
0.3068,12.56
0.3072,12.56
0.3076,12.56
0.308,12.56
0.3084,12.56
0.3088,12.56
0.3092,12.56
0.3096,12.56
0.31,12.56
0.3104,12.56
0.3108,12.56
0.3112,12.56
0.3116,12.56
0.312,12.56
0.3124,12.56
0.3128,12.56
0.3132,12.56
0.3136,12.56
0.314,12.56
0.3144,12.56
0.3148,12.56
0.3152,12.56
0.3156,12.56
0.316,12.56
0.3164,12.56
0.3168,12.56
0.3172,12.56
0.3176,12.56
0.318,12.56
0.3184,12.56
0.3188,12.56
0.3192,12.56
0.3196,12.56
0.32,12.56
0.3204,12.56
0.3208,12.56
0.3212,12.56
0.3216,12.56
0.322,12.56
0.3224,12.56
0.3228,12.56
0.3232,12.56
0.3236,12.56
0.324,12.56
0.3244,12.56
0.3248,12.56
0.3252,12.56
0.3256,12.56
0.326,12.56
0.3264,12.56
0.3268,12.56
0.3272,12.56
0.3276,12.56
0.328,12.56
0.3284,12.56
0.3288,12.56
0.3292,12.56
0.3296,12.56
0.33,12.56
0.3304,12.56
0.3308,12.56
0.3312,12.56
0.3316,12.56
0.332,12.56
0.3324,12.56
0.3328,12.56
0.3332,12.56
0.3336,12.56
0.334,12.56
0.3344,12.56
0.3348,12.56
0.3352,12.56
0.3356,12.56
0.336,12.48
0.3364,12.56
0.3368,12.56
0.3372,12.56
0.3376,12.56
0.338,12.56
0.3384,12.56
0.3388,12.56
0.3392,12.56
0.3396,12.48
0.34,12.56
0.3404,12.56
0.3408,12.56
0.3412,12.56
0.3416,12.56
0.342,12.56
0.3424,12.56
0.3428,12.56
0.3432,12.56
0.3436,12.56
0.344,12.56
0.3444,12.56
0.3448,12.48
0.3452,12.56
0.3456,12.56
0.346,12.56
0.3464,12.56
0.3468,12.56
0.3472,12.56
0.3476,12.56
0.348,12.56
0.3484,12.56
0.3488,12.56
0.3492,12.56
0.3496,12.56
0.35,12.56
0.3504,12.56
0.3508,12.56
0.3512,12.56
0.3516,12.56
0.352,12.56
0.3524,12.56
0.3528,12.56
0.3532,12.56
0.3536,12.56
0.354,12.56
0.3544,12.56
0.3548,12.56
0.3552,12.56
0.3556,12.56
0.356,12.56
0.3564,12.56
0.3568,12.56
0.3572,12.56
0.3576,12.56
0.358,12.56
0.3584,12.56
0.3588,12.56
0.3592,12.56
0.3596,12.56
0.36,12.56
0.3604,12.56
0.3608,12.56
0.3612,12.56
0.3616,12.56
0.362,12.56
0.3624,12.56
0.3628,12.56
0.3632,12.56
0.3636,12.48
0.364,12.56
0.3644,12.56
0.3648,12.56
0.3652,12.56
0.3656,12.56
0.366,12.56
0.3664,12.56
0.3668,12.56
0.3672,12.56
0.3676,12.56
0.368,12.48
0.3684,12.56
0.3688,12.56
0.3692,12.56
0.3696,12.56
0.37,12.56
0.3704,12.56
0.3708,12.56
0.3712,12.56
0.3716,12.56
0.372,12.56
0.3724,12.56
0.3728,12.56
0.3732,12.56
0.3736,12.56
0.374,12.56
0.3744,12.56
0.3748,12.56
0.3752,12.56
0.3756,12.56
0.376,12.56
0.3764,12.56
0.3768,12.56
0.3772,12.56
0.3776,12.56
0.378,12.56
0.3784,12.56
0.3788,12.56
0.3792,12.56
0.3796,12.56
0.38,12.56
0.3804,12.56
0.3808,12.56
0.3812,12.56
0.3816,12.56
0.382,12.56
0.3824,12.56
0.3828,12.56
0.3832,12.56
0.3836,12.56
0.384,12.56
0.3844,12.56
0.3848,12.56
0.3852,12.56
0.3856,12.56
0.386,12.56
0.3864,12.56
0.3868,12.56
0.3872,12.56
0.3876,12.56
0.388,12.56
0.3884,12.56
0.3888,12.56
0.3892,12.56
0.3896,12.56
0.39,12.56
0.3904,12.56
0.3908,12.56
0.3912,12.56
0.3916,12.56
0.392,12.48
0.3924,12.64
0.3928,12.56
0.3932,12.56
0.3936,12.56
0.394,12.56
0.3944,12.56
0.3948,12.56
0.3952,12.56
0.3956,12.56
0.396,12.56
0.3964,12.56
0.3968,12.56
0.3972,12.56
0.3976,12.56
0.398,12.56
0.3984,12.56
0.3988,12.56
0.3992,12.56
0.3996,12.56
0.4,12.56
0.4004,12.56
0.4008,12.56
0.4012,12.56
0.4016,12.56
0.402,12.56
0.4024,12.56
0.4028,12.56
0.4032,12.56
0.4036,12.48
0.404,12.56
0.4044,12.56
0.4048,12.56
0.4052,12.56
0.4056,12.56
0.406,12.56
0.4064,12.56
0.4068,12.56
0.4072,12.56
0.4076,12.56
0.408,12.56
0.4084,12.56
0.4088,12.56
0.4092,12.56
0.4096,12.56
0.41,12.56
0.4104,12.56
0.4108,12.56
0.4112,12.56
0.4116,12.56
0.412,12.56
0.4124,12.56
0.4128,12.56
0.4132,12.56
0.4136,12.56
0.414,12.56
0.4144,12.56
0.4148,12.56
0.4152,12.56
0.4156,12.56
0.416,12.56
0.4164,12.56
0.4168,12.48
0.4172,12.56
0.4176,12.56
0.418,12.56
0.4184,12.56
0.4188,12.56
0.4192,12.56
0.4196,12.56
0.42,12.56
0.4204,12.56
0.4208,12.56
0.4212,12.56
0.4216,12.56
0.422,12.56
0.4224,12.56
0.4228,12.56
0.4232,12.56
0.4236,12.56
0.424,12.56
0.4244,12.56
0.4248,12.56
0.4252,12.56
0.4256,12.56
0.426,12.56
0.4264,12.56
0.4268,12.56
0.4272,12.56
0.4276,12.56
0.428,12.56
0.4284,12.56
0.4288,12.56
0.4292,12.56
0.4296,12.56
0.43,12.56
0.4304,12.56
0.4308,12.56
0.4312,12.56
0.4316,12.56
0.432,12.56
0.4324,12.56
0.4328,12.56
0.4332,12.56
0.4336,12.56
0.434,12.56
0.4344,12.48
0.4348,12.56
0.4352,12.56
0.4356,12.56
0.436,12.56
0.4364,12.56
0.4368,12.56
0.4372,12.56
0.4376,12.56
0.438,12.56
0.4384,12.56
0.4388,12.56
0.4392,12.56
0.4396,12.56
0.44,12.56
0.4404,12.56
0.4408,12.56
0.4412,12.56
0.4416,12.56
0.442,12.56
0.4424,12.56
0.4428,12.56
0.4432,12.56
0.4436,12.56
0.444,12.56
0.4444,12.56
0.4448,12.56
0.4452,12.56
0.4456,12.56
0.446,12.56
0.4464,12.56
0.4468,12.56
0.4472,12.56
0.4476,12.56
0.448,12.56
0.4484,12.56
0.4488,12.48
0.4492,12.56
0.4496,12.56
0.45,12.56
0.4504,12.56
0.4508,12.56
0.4512,12.56
0.4516,12.56
0.452,12.56
0.4524,12.56
0.4528,12.56
0.4532,12.56
0.4536,12.56
0.454,12.56
0.4544,12.56
0.4548,12.56
0.4552,12.56
0.4556,12.56
0.456,12.56
0.4564,12.56
0.4568,12.56
0.4572,12.56
0.4576,12.56
0.458,12.56
0.4584,12.56
0.4588,12.56
0.4592,12.56
0.4596,12.56
0.46,12.56
0.4604,12.56
0.4608,12.56
0.4612,12.56
0.4616,12.56
0.462,12.56
0.4624,12.56
0.4628,12.56
0.4632,12.56
0.4636,12.56
0.464,12.56
0.4644,12.56
0.4648,12.56
0.4652,12.56
0.4656,12.56
0.466,12.56
0.4664,12.56
0.4668,12.56
0.4672,12.56
0.4676,12.56
0.468,12.56
0.4684,12.56
0.4688,12.56
0.4692,12.56
0.4696,12.56
0.47,12.56
0.4704,12.56
0.4708,12.56
0.4712,12.56
0.4716,12.56
0.472,12.48
0.4724,12.56
0.4728,12.56
0.4732,12.56
0.4736,12.56
0.474,12.56
0.4744,12.56
0.4748,12.56
0.4752,12.56
0.4756,12.56
0.476,12.56
0.4764,12.56
0.4768,12.56
0.4772,12.56
0.4776,12.56
0.478,12.56
0.4784,12.56
0.4788,12.56
0.4792,12.56
0.4796,12.56
0.48,12.56
0.4804,12.56
0.4808,12.56
0.4812,12.56
0.4816,12.56
0.482,12.56
0.4824,12.56
0.4828,12.56
0.4832,12.56
0.4836,12.56
0.484,12.56
0.4844,12.56
0.4848,12.56
0.4852,12.56
0.4856,12.56
0.486,12.56
0.4864,12.56
0.4868,12.56
0.4872,12.56
0.4876,12.56
0.488,12.56
0.4884,12.56
0.4888,12.56
0.4892,12.56
0.4896,12.56
0.49,12.56
0.4904,12.56
0.4908,12.56
0.4912,12.56
0.4916,12.56
0.492,12.56
0.4924,12.56
0.4928,12.56
0.4932,12.56
0.4936,12.56
0.494,12.56
0.4944,12.56
0.4948,12.56
0.4952,12.56
0.4956,12.56
0.496,12.56
0.4964,12.56
0.4968,12.56
0.4972,12.56
0.4976,12.56
0.498,12.56
0.4984,12.56
0.4988,12.56
0.4992,12.56
0.4996,12.56
0.5,12.56
0.5004,12.56
0.5008,12.56
0.5012,12.56
0.5016,12.56
0.502,12.56
0.5024,12.56
0.5028,12.56
0.5032,12.56
0.5036,12.56
0.504,12.56
0.5044,12.56
0.5048,12.56
0.5052,12.56
0.5056,12.56
0.506,12.56
0.5064,12.56
0.5068,12.56
0.5072,12.56
0.5076,12.56
0.508,12.56
0.5084,12.56
0.5088,12.56
0.5092,12.56
0.5096,12.56
0.51,12.56
0.5104,12.56
0.5108,12.56
0.5112,12.56
0.5116,12.56
0.512,12.56
0.5124,12.56
0.5128,12.56
0.5132,12.56
0.5136,12.56
0.514,12.56
0.5144,12.56
0.5148,12.56
0.5152,12.56
0.5156,12.56
0.516,12.56
0.5164,12.56
0.5168,12.56
0.5172,12.56
0.5176,12.56
0.518,12.56
0.5184,12.56
0.5188,12.56
0.5192,12.56
0.5196,12.56
0.52,12.56
0.5204,12.56
0.5208,12.56
0.5212,12.56
0.5216,12.56
0.522,12.56
0.5224,12.56
0.5228,12.56
0.5232,12.56
0.5236,12.56
0.524,12.56
0.5244,12.56
0.5248,12.56
0.5252,12.56
0.5256,12.56
0.526,12.56
0.5264,12.48
0.5268,12.56
0.5272,12.56
0.5276,12.56
0.528,12.56
0.5284,12.56
0.5288,12.56
0.5292,12.56
0.5296,12.56
0.53,12.56
0.5304,12.56
0.5308,12.56
0.5312,12.56
0.5316,12.56
0.532,12.56
0.5324,12.56
0.5328,12.56
0.5332,12.56
0.5336,12.56
0.534,12.56
0.5344,12.56
0.5348,12.56
0.5352,12.56
0.5356,12.56
0.536,12.56
0.5364,12.56
0.5368,12.56
0.5372,12.56
0.5376,12.56
0.538,12.56
0.5384,12.56
0.5388,12.56
0.5392,12.56
0.5396,12.56
0.54,12.56
0.5404,12.56
0.5408,12.56
0.5412,12.56
0.5416,12.56
0.542,12.56
0.5424,12.56
0.5428,12.56
0.5432,12.56
0.5436,12.56
0.544,12.56
0.5444,12.56
0.5448,12.56
0.5452,12.56
0.5456,12.56
0.546,12.56
0.5464,12.56
0.5468,12.56
0.5472,12.56
0.5476,12.56
0.548,12.56
0.5484,12.56
0.5488,12.56
0.5492,12.56
0.5496,12.56
0.55,12.56
0.5504,12.56
0.5508,12.56
0.5512,12.56
0.5516,12.56
0.552,12.56
0.5524,12.56
0.5528,12.56
0.5532,12.56
0.5536,12.56
0.554,12.56
0.5544,12.56
0.5548,12.56
0.5552,12.56
0.5556,12.56
0.556,12.56
0.5564,12.56
0.5568,12.56
0.5572,12.56
0.5576,12.56
0.558,12.56
0.5584,12.56
0.5588,12.56
0.5592,12.56
0.5596,12.56
0.56,12.56
0.5604,12.56
0.5608,12.56
0.5612,12.56
0.5616,12.56
0.562,12.56
0.5624,12.56
0.5628,12.56
0.5632,12.56
0.5636,12.56
0.564,12.56
0.5644,12.56
0.5648,12.56
0.5652,12.56
0.5656,12.56
0.566,12.56
0.5664,12.56
0.5668,12.56
0.5672,12.56
0.5676,12.56
0.568,12.48
0.5684,12.56
0.5688,12.48
0.5692,12.56
0.5696,12.56
0.57,12.56
0.5704,12.56
0.5708,12.56
0.5712,12.56
0.5716,12.56
0.572,12.56
0.5724,12.56
0.5728,12.56
0.5732,12.56
0.5736,12.56
0.574,12.56
0.5744,12.56
0.5748,12.56
0.5752,12.56
0.5756,12.56
0.576,12.56
0.5764,12.56
0.5768,12.56
0.5772,12.56
0.5776,12.56
0.578,12.56
0.5784,12.56
0.5788,12.56
0.5792,12.56
0.5796,12.56
0.58,12.56
0.5804,12.56
0.5808,12.56
0.5812,12.56
0.5816,12.56
0.582,12.56
0.5824,12.56
0.5828,12.56
0.5832,12.56
0.5836,12.56
0.584,12.56
0.5844,12.56
0.5848,12.56
0.5852,12.56
0.5856,12.56
0.586,12.56
0.5864,12.56
0.5868,12.56
0.5872,12.56
0.5876,12.56
0.588,12.56
0.5884,12.56
0.5888,12.56
0.5892,12.56
0.5896,12.56
0.59,12.56
0.5904,12.56
0.5908,12.56
0.5912,12.56
0.5916,12.56
0.592,12.56
0.5924,12.56
0.5928,12.56
0.5932,12.56
0.5936,12.56
0.594,12.56
0.5944,12.56
0.5948,12.56
0.5952,12.56
0.5956,12.56
0.596,12.56
0.5964,12.56
0.5968,12.56
0.5972,12.56
0.5976,12.56
0.598,12.56
0.5984,12.56
0.5988,12.56
0.5992,12.56
0.5996,12.56
0.6,12.56
0.6004,12.56
0.6008,12.48
0.6012,12.56
0.6016,12.56
0.602,12.56
0.6024,12.56
0.6028,12.56
0.6032,12.56
0.6036,12.56
0.604,12.56
0.6044,12.56
0.6048,12.56
0.6052,12.56
0.6056,12.56
0.606,12.56
0.6064,12.56
0.6068,12.56
0.6072,12.56
0.6076,12.56
0.608,12.56
0.6084,12.48
0.6088,12.56
0.6092,12.56
0.6096,12.56
0.61,12.56
0.6104,12.56
0.6108,12.56
0.6112,12.56
0.6116,12.56
0.612,12.56
0.6124,12.56
0.6128,12.56
0.6132,12.56
0.6136,12.56
0.614,12.56
0.6144,12.56
0.6148,12.56
0.6152,12.56
0.6156,12.56
0.616,12.56
0.6164,12.56
0.6168,12.56
0.6172,12.56
0.6176,12.56
0.618,12.56
0.6184,12.56
0.6188,12.56
0.6192,12.56
0.6196,12.56
0.62,12.56
0.6204,12.56
0.6208,12.48
0.6212,12.56
0.6216,12.56
0.622,12.56
0.6224,12.56
0.6228,12.56
0.6232,12.56
0.6236,12.56
0.624,12.56
0.6244,12.48
0.6248,12.56
0.6252,12.56
0.6256,12.56
0.626,12.56
0.6264,12.56
0.6268,12.56
0.6272,12.56
0.6276,12.56
0.628,12.56
0.6284,12.56
0.6288,12.56
0.6292,12.56
0.6296,12.56
0.63,12.56
0.6304,12.56
0.6308,12.56
0.6312,12.56
0.6316,12.56
0.632,12.56
0.6324,12.56
0.6328,12.56
0.6332,12.56
0.6336,12.56
0.634,12.56
0.6344,12.56
0.6348,12.56
0.6352,12.56
0.6356,12.56
0.636,12.56
0.6364,12.56
0.6368,12.56
0.6372,12.56
0.6376,12.48
0.638,12.56
0.6384,12.56
0.6388,12.56
0.6392,12.56
0.6396,12.56
0.64,12.56
0.6404,12.56
0.6408,12.56
0.6412,12.56
0.6416,12.56
0.642,12.56
0.6424,12.56
0.6428,12.56
0.6432,12.56
0.6436,12.56
0.644,12.56
0.6444,12.56
0.6448,12.56
0.6452,12.56
0.6456,12.56
0.646,12.56
0.6464,12.56
0.6468,12.56
0.6472,12.56
0.6476,12.56
0.648,12.56
0.6484,12.56
0.6488,12.56
0.6492,12.56
0.6496,12.56
0.65,12.56
0.6504,12.56
0.6508,12.56
0.6512,12.56
0.6516,12.56
0.652,12.56
0.6524,12.56
0.6528,12.56
0.6532,12.56
0.6536,12.56
0.654,12.56
0.6544,12.56
0.6548,12.56
0.6552,12.56
0.6556,12.56
0.656,12.56
0.6564,12.56
0.6568,12.56
0.6572,12.56
0.6576,12.56
0.658,12.56
0.6584,12.56
0.6588,12.56
0.6592,12.56
0.6596,12.56
0.66,12.56
0.6604,12.56
0.6608,12.56
0.6612,12.56
0.6616,12.48
0.662,12.56
0.6624,12.48
0.6628,12.56
0.6632,12.56
0.6636,12.56
0.664,12.56
0.6644,12.56
0.6648,12.56
0.6652,12.56
0.6656,12.56
0.666,12.56
0.6664,12.56
0.6668,12.56
0.6672,12.56
0.6676,12.56
0.668,12.56
0.6684,12.56
0.6688,12.56
0.6692,12.56
0.6696,12.56
0.67,12.56
0.6704,12.56
0.6708,12.56
0.6712,12.56
0.6716,12.56
0.672,12.56
0.6724,12.56
0.6728,12.56
0.6732,12.48
0.6736,12.56
0.674,12.56
0.6744,12.56
0.6748,12.56
0.6752,12.56
0.6756,12.56
0.676,12.56
0.6764,12.56
0.6768,12.56
0.6772,12.56
0.6776,12.56
0.678,12.56
0.6784,12.56
0.6788,12.56
0.6792,12.56
0.6796,12.56
0.68,12.56
0.6804,12.56
0.6808,12.56
0.6812,12.56
0.6816,12.56
0.682,12.56
0.6824,12.48
0.6828,12.56
0.6832,12.56
0.6836,12.56
0.684,12.56
0.6844,12.56
0.6848,12.56
0.6852,12.56
0.6856,12.56
0.686,12.56
0.6864,12.56
0.6868,12.56
0.6872,12.56
0.6876,12.56
0.688,12.56
0.6884,12.56
0.6888,12.56
0.6892,12.56
0.6896,12.56
0.69,12.56
0.6904,12.56
0.6908,12.56
0.6912,12.56
0.6916,12.48
0.692,12.56
0.6924,12.56
0.6928,12.56
0.6932,12.56
0.6936,12.56
0.694,12.56
0.6944,12.56
0.6948,12.56
0.6952,12.56
0.6956,12.56
0.696,12.56
0.6964,12.56
0.6968,12.56
0.6972,12.56
0.6976,12.56
0.698,12.56
0.6984,12.56
0.6988,12.56
0.6992,12.56
0.6996,12.56
0.7,12.56
0.7004,12.56
0.7008,12.56
0.7012,12.56
0.7016,12.56
0.702,12.56
0.7024,12.56
0.7028,12.56
0.7032,12.56
0.7036,12.56
0.704,12.56
0.7044,12.56
0.7048,12.56
0.7052,12.56
0.7056,12.56
0.706,12.56
0.7064,12.56
0.7068,12.56
0.7072,12.56
0.7076,12.56
0.708,12.56
0.7084,12.56
0.7088,12.56
0.7092,12.56
0.7096,12.56
0.71,12.56
0.7104,12.56
0.7108,12.56
0.7112,12.64
0.7116,12.56
0.712,12.56
0.7124,12.56
0.7128,12.56
0.7132,12.56
0.7136,12.56
0.714,12.56
0.7144,12.56
0.7148,12.56
0.7152,12.56
0.7156,12.48
0.716,12.56
0.7164,12.56
0.7168,12.56
0.7172,12.56
0.7176,12.56
0.718,12.56
0.7184,12.56
0.7188,12.56
0.7192,12.56
0.7196,12.56
0.72,12.56
0.7204,12.56
0.7208,12.56
0.7212,12.56
0.7216,12.56
0.722,12.56
0.7224,12.56
0.7228,12.56
0.7232,12.56
0.7236,12.56
0.724,12.56
0.7244,12.56
0.7248,12.56
0.7252,12.56
0.7256,12.56
0.726,12.56
0.7264,12.56
0.7268,12.56
0.7272,12.56
0.7276,12.56
0.728,12.56
0.7284,12.56
0.7288,12.56
0.7292,12.56
0.7296,12.56
0.73,12.56
0.7304,12.56
0.7308,12.56
0.7312,12.56
0.7316,12.56
0.732,12.56
0.7324,12.56
0.7328,12.56
0.7332,12.56
0.7336,12.56
0.734,12.56
0.7344,12.56
0.7348,12.56
0.7352,12.56
0.7356,12.56
0.736,12.56
0.7364,12.56
0.7368,12.56
0.7372,12.56
0.7376,12.56
0.738,12.56
0.7384,12.56
0.7388,12.56
0.7392,12.56
0.7396,12.56
0.74,12.56
0.7404,12.56
0.7408,12.56
0.7412,12.56
0.7416,12.56
0.742,12.56
0.7424,12.56
0.7428,12.56
0.7432,12.56
0.7436,12.56
0.744,12.56
0.7444,12.56
0.7448,12.56
0.7452,12.56
0.7456,12.56
0.746,12.56
0.7464,12.56
0.7468,12.56
0.7472,12.56
0.7476,12.56
0.748,12.56
0.7484,12.56
0.7488,12.56
0.7492,12.56
0.7496,12.56
0.75,12.56
0.7504,12.56
0.7508,12.56
0.7512,12.56
0.7516,12.56
0.752,12.56
0.7524,12.56
0.7528,12.56
0.7532,12.56
0.7536,12.56
0.754,12.56
0.7544,12.56
0.7548,12.56
0.7552,12.56
0.7556,12.56
0.756,12.56
0.7564,12.56
0.7568,12.56
0.7572,12.56
0.7576,12.56
0.758,12.56
0.7584,12.56
0.7588,12.56
0.7592,12.56
0.7596,12.56
0.76,12.56
0.7604,12.56
0.7608,12.56
0.7612,12.56
0.7616,12.56
0.762,12.56
0.7624,12.56
0.7628,12.56
0.7632,12.56
0.7636,12.56
0.764,12.56
0.7644,12.56
0.7648,12.56
0.7652,12.56
0.7656,12.56
0.766,12.48
0.7664,12.56
0.7668,12.56
0.7672,12.56
0.7676,12.56
0.768,12.56
0.7684,12.48
0.7688,12.56
0.7692,12.56
0.7696,12.56
0.77,12.56
0.7704,12.56
0.7708,12.56
0.7712,12.56
0.7716,12.56
0.772,12.56
0.7724,12.56
0.7728,12.56
0.7732,12.56
0.7736,12.56
0.774,12.56
0.7744,12.56
0.7748,12.56
0.7752,12.56
0.7756,12.56
0.776,12.48
0.7764,12.56
0.7768,12.56
0.7772,12.56
0.7776,12.56
0.778,12.56
0.7784,12.56
0.7788,12.56
0.7792,12.56
0.7796,12.56
0.78,12.56
0.7804,12.56
0.7808,12.56
0.7812,12.56
0.7816,12.56
0.782,12.56
0.7824,12.56
0.7828,12.56
0.7832,12.56
0.7836,12.56
0.784,12.56
0.7844,12.56
0.7848,12.56
0.7852,12.56
0.7856,12.56
0.786,12.56
0.7864,12.56
0.7868,12.56
0.7872,12.56
0.7876,12.56
0.788,12.56
0.7884,12.56
0.7888,12.56
0.7892,12.56
0.7896,12.56
0.79,12.56
0.7904,12.56
0.7908,12.56
0.7912,12.56
0.7916,12.56
0.792,12.56
0.7924,12.56
0.7928,12.48
0.7932,12.56
0.7936,12.56
0.794,12.56
0.7944,12.56
0.7948,12.56
0.7952,12.56
0.7956,12.56
0.796,12.56
0.7964,12.56
0.7968,12.56
0.7972,12.56
0.7976,12.56
0.798,12.56
0.7984,12.56
0.7988,12.56
0.7992,12.56
0.7996,12.56
0.8,12.56
0.8004,12.56
0.8008,12.48
0.8012,12.56
0.8016,12.56
0.802,12.56
0.8024,12.56
0.8028,12.56
0.8032,12.56
0.8036,12.56
0.804,12.56
0.8044,12.56
0.8048,12.56
0.8052,12.56
0.8056,12.56
0.806,12.56
0.8064,12.56
0.8068,12.56
0.8072,12.56
0.8076,12.56
0.808,12.56
0.8084,12.56
0.8088,12.56
0.8092,12.56
0.8096,12.56
0.81,12.56
0.8104,12.56
0.8108,12.56
0.8112,12.56
0.8116,12.56
0.812,12.56
0.8124,12.56
0.8128,12.56
0.8132,12.56
0.8136,12.48
0.814,12.56
0.8144,12.56
0.8148,12.56
0.8152,12.56
0.8156,12.56
0.816,12.56
0.8164,12.56
0.8168,12.56
0.8172,12.56
0.8176,12.56
0.818,12.56
0.8184,12.56
0.8188,12.56
0.8192,12.56
0.8196,12.56
0.82,12.56
0.8204,12.56
0.8208,12.56
0.8212,12.56
0.8216,12.56
0.822,12.56
0.8224,12.56
0.8228,12.56
0.8232,12.56
0.8236,12.56
0.824,12.56
0.8244,12.56
0.8248,12.56
0.8252,12.56
0.8256,12.48
0.826,12.56
0.8264,12.56
0.8268,12.56
0.8272,12.56
0.8276,12.56
0.828,12.56
0.8284,12.56
0.8288,12.56
0.8292,12.56
0.8296,12.56
0.83,12.56
0.8304,12.56
0.8308,12.56
0.8312,12.56
0.8316,12.56
0.832,12.56
0.8324,12.56
0.8328,12.56
0.8332,12.56
0.8336,12.56
0.834,12.56
0.8344,12.56
0.8348,12.56
0.8352,12.56
0.8356,12.56
0.836,12.56
0.8364,12.56
0.8368,12.48
0.8372,12.56
0.8376,12.56
0.838,12.56
0.8384,12.56
0.8388,12.56
0.8392,12.56
0.8396,12.56
0.84,12.56
0.8404,12.56
0.8408,12.56
0.8412,12.56
0.8416,12.56
0.842,12.56
0.8424,12.56
0.8428,12.56
0.8432,12.56
0.8436,12.56
0.844,12.56
0.8444,12.56
0.8448,12.56
0.8452,12.56
0.8456,12.56
0.846,12.56
0.8464,12.56
0.8468,12.56
0.8472,12.56
0.8476,12.56
0.848,12.56
0.8484,12.56
0.8488,12.56
0.8492,12.56
0.8496,12.56
0.85,12.56
0.8504,12.56
0.8508,12.56
0.8512,12.56
0.8516,12.56
0.852,12.56
0.8524,12.56
0.8528,12.56
0.8532,12.56
0.8536,12.56
0.854,12.56
0.8544,12.56
0.8548,12.56
0.8552,12.56
0.8556,12.56
0.856,12.56
0.8564,12.56
0.8568,12.56
0.8572,12.56
0.8576,12.56
0.858,12.56
0.8584,12.56
0.8588,12.56
0.8592,12.56
0.8596,12.56
0.86,12.56
0.8604,12.56
0.8608,12.56
0.8612,12.56
0.8616,12.56
0.862,12.56
0.8624,12.56
0.8628,12.56
0.8632,12.56
0.8636,12.56
0.864,12.56
0.8644,12.56
0.8648,12.56
0.8652,12.56
0.8656,12.56
0.866,12.56
0.8664,12.56
0.8668,12.56
0.8672,12.56
0.8676,12.56
0.868,12.56
0.8684,12.56
0.8688,12.48
0.8692,12.56
0.8696,12.56
0.87,12.56
0.8704,12.56
0.8708,12.56
0.8712,12.56
0.8716,12.56
0.872,12.56
0.8724,12.56
0.8728,12.56
0.8732,12.56
0.8736,12.56
0.874,12.56
0.8744,12.56
0.8748,12.56
0.8752,12.56
0.8756,12.56
0.876,12.56
0.8764,12.56
0.8768,12.56
0.8772,12.56
0.8776,12.56
0.878,12.56
0.8784,12.56
0.8788,12.56
0.8792,12.56
0.8796,12.56
0.88,12.56
0.8804,12.56
0.8808,12.56
0.8812,12.56
0.8816,12.56
0.882,12.56
0.8824,12.56
0.8828,12.48
0.8832,12.56
0.8836,12.56
0.884,12.56
0.8844,12.56
0.8848,12.56
0.8852,12.56
0.8856,12.56
0.886,12.56
0.8864,12.56
0.8868,12.56
0.8872,12.56
0.8876,12.56
0.888,12.56
0.8884,12.56
0.8888,12.56
0.8892,12.56
0.8896,12.56
0.89,12.56
0.8904,12.56
0.8908,12.56
0.8912,12.56
0.8916,12.56
0.892,12.56
0.8924,12.56
0.8928,12.56
0.8932,12.56
0.8936,12.56
0.894,12.56
0.8944,12.56
0.8948,12.56
0.8952,12.56
0.8956,12.56
0.896,12.56
0.8964,12.56
0.8968,12.56
0.8972,12.56
0.8976,12.56
0.898,12.56
0.8984,12.56
0.8988,12.56
0.8992,12.56
0.8996,12.56
0.9,12.56
0.9004,12.56
0.9008,12.56
0.9012,12.56
0.9016,12.56
0.902,12.56
0.9024,12.56
0.9028,12.56
0.9032,12.56
0.9036,12.48
0.904,12.56
0.9044,12.56
0.9048,12.56
0.9052,12.56
0.9056,12.56
0.906,12.56
0.9064,12.56
0.9068,12.56
0.9072,12.56
0.9076,12.56
0.908,12.56
0.9084,12.56
0.9088,12.56
0.9092,12.56
0.9096,12.56
0.91,12.56
0.9104,12.56
0.9108,12.56
0.9112,12.56
0.9116,12.56
0.912,12.56
0.9124,12.56
0.9128,12.56
0.9132,12.56
0.9136,12.56
0.914,12.56
0.9144,12.56
0.9148,12.56
0.9152,12.56
0.9156,12.56
0.916,12.56
0.9164,12.56
0.9168,12.56
0.9172,12.56
0.9176,12.56
0.918,12.56
0.9184,12.56
0.9188,12.56
0.9192,12.56
0.9196,12.56
0.92,12.56
0.9204,12.56
0.9208,12.56
0.9212,12.56
0.9216,12.56
0.922,12.56
0.9224,12.56
0.9228,12.56
0.9232,12.56
0.9236,12.56
0.924,12.56
0.9244,12.56
0.9248,12.56
0.9252,12.56
0.9256,12.56
0.926,12.56
0.9264,12.56
0.9268,12.56
0.9272,12.56
0.9276,12.56
0.928,12.56
0.9284,12.56
0.9288,12.56
0.9292,12.56
0.9296,12.56
0.93,12.56
0.9304,12.48
0.9308,12.56
0.9312,12.56
0.9316,12.56
0.932,12.56
0.9324,12.56
0.9328,12.56
0.9332,12.56
0.9336,12.56
0.934,12.56
0.9344,12.56
0.9348,12.56
0.9352,12.56
0.9356,12.56
0.936,12.56
0.9364,12.56
0.9368,12.56
0.9372,12.56
0.9376,12.56
0.938,12.56
0.9384,12.56
0.9388,12.56
0.9392,12.56
0.9396,12.56
0.94,12.56
0.9404,12.56
0.9408,12.56
0.9412,12.56
0.9416,12.56
0.942,12.56
0.9424,12.56
0.9428,12.56
0.9432,12.56
0.9436,12.56
0.944,12.56
0.9444,12.56
0.9448,12.56
0.9452,12.56
0.9456,12.56
0.946,12.56
0.9464,12.56
0.9468,12.56
0.9472,12.56
0.9476,12.48
0.948,12.56
0.9484,12.56
0.9488,12.56
0.9492,12.56
0.9496,12.56
0.95,12.56
0.9504,12.56
0.9508,12.48
0.9512,12.56
0.9516,12.56
0.952,12.56
0.9524,12.56
0.9528,12.56
0.9532,12.56
0.9536,12.56
0.954,12.56
0.9544,12.48
0.9548,12.56
0.9552,12.56
0.9556,12.48
0.956,12.56
0.9564,12.56
0.9568,12.56
0.9572,12.56
0.9576,12.56
0.958,12.56
0.9584,12.56
0.9588,12.56
0.9592,12.56
0.9596,12.56
0.96,12.56
