0,10.4
0.001,10.4
0.002,10.32
0.003,10.32
0.004,10.32
0.005,10.32
0.006,10.32
0.007,10.32
0.008,10.32
0.009,10.32
0.01,10.32
0.011,10.32
0.012,10.24
0.013,10.32
0.014,10.32
0.015,10.32
0.016,10.32
0.017,10.24
0.018,10.24
0.019,10.16
0.02,10.16
0.021,10.24
0.022,10.16
0.023,10.08
0.024,10.08
0.025,10.08
0.026,10
0.027,9.92
0.028,9.92
0.029,9.76
0.03,9.68
0.031,9.68
0.032,9.6
0.033,9.6
0.034,9.52
0.035,9.36
0.036,9.36
0.037,9.28
0.038,9.28
0.039,9.2
0.04,9.12
0.041,9.04
0.042,8.96
0.043,8.88
0.044,8.88
0.045,8.8
0.046,8.72
0.047,8.64
0.048,8.56
0.049,8.56
0.05,8.4
0.051,8.4
0.052,8.32
0.053,8.24
0.054,8.16
0.055,8.08
0.056,7.92
0.057,7.84
0.058,7.84
0.059,7.76
0.06,7.68
0.061,7.6
0.062,7.52
0.063,7.44
0.064,7.28
0.065,7.2
0.066,7.12
0.067,7.12
0.068,7.04
0.069,6.88
0.07,6.88
0.071,6.8
0.072,6.64
0.073,6.64
0.074,6.56
0.075,6.48
0.076,6.4
0.077,6.32
0.078,6.24
0.079,6.24
0.08,6.16
0.081,6.08
0.082,6
0.083,5.92
0.084,5.92
0.085,5.76
0.086,5.76
0.087,5.76
0.088,5.52
0.089,5.52
0.09,5.52
0.091,5.44
0.092,5.36
0.093,5.36
0.094,5.28
0.095,5.2
0.096,5.12
0.097,5.12
0.098,5.04
0.099,4.96
0.1,4.96
0.101,4.88
0.102,4.8
0.103,4.8
0.104,4.72
0.105,4.64
0.106,4.64
0.107,4.56
0.108,4.56
0.109,4.48
0.11,4.4
0.111,4.4
0.112,4.32
0.113,4.32
0.114,4.24
0.115,4.24
0.116,4.24
0.117,4.08
0.118,4.08
0.119,4
0.12,4
0.121,3.92
0.122,3.92
0.123,3.84
0.124,3.84
0.125,3.76
0.126,3.76
0.127,3.68
0.128,3.68
0.129,3.6
0.13,3.6
0.131,3.6
0.132,3.52
0.133,3.44
0.134,3.44
0.135,3.44
0.136,3.36
0.137,3.28
0.138,3.28
0.139,3.2
0.14,3.2
0.141,3.2
0.142,3.2
0.143,3.12
0.144,3.12
0.145,3.04
0.146,3.04
0.147,2.96
0.148,2.96
0.149,2.96
0.15,2.96
0.151,2.88
0.152,2.88
0.153,2.8
0.154,2.8
0.155,2.72
0.156,2.72
0.157,2.72
0.158,2.64
0.159,2.64
0.16,2.56
0.161,2.56
0.162,2.56
0.163,2.48
0.164,2.48
0.165,2.48
0.166,2.4
0.167,2.4
0.168,2.4
0.169,2.32
0.17,2.32
0.171,2.24
0.172,2.32
0.173,2.24
0.174,2.24
0.175,2.24
0.176,2.24
0.177,2.16
0.178,2.16
0.179,2.16
0.18,2.16
0.181,2.08
0.182,2.08
0.183,2.08
0.184,2
0.185,2.08
0.186,2
0.187,2
0.188,2
0.189,1.92
0.19,1.92
0.191,1.92
0.192,1.84
0.193,1.84
0.194,1.84
0.195,1.84
0.196,1.84
0.197,1.76
0.198,1.76
0.199,1.76
0.2,1.76
0.201,1.76
0.202,1.68
0.203,1.68
0.204,1.68
0.205,1.6
0.206,1.68
0.207,1.6
0.208,1.6
0.209,1.6
0.21,1.52
0.211,1.52
0.212,1.52
0.213,1.52
0.214,1.52
0.215,1.52
0.216,1.44
0.217,1.44
0.218,1.44
0.219,1.44
0.22,1.44
0.221,1.44
0.222,1.36
0.223,1.36
0.224,1.36
0.225,1.36
0.226,1.36
0.227,1.28
0.228,1.28
0.229,1.36
0.23,1.28
0.231,1.28
0.232,1.28
0.233,1.28
0.234,1.28
0.235,1.2
0.236,1.2
0.237,1.2
0.238,1.2
0.239,1.2
0.24,1.2
0.241,1.2
0.242,1.12
0.243,1.2
0.244,1.12
0.245,1.04
0.246,1.12
0.247,1.12
0.248,1.12
0.249,1.04
0.25,1.04
0.251,1.04
0.252,1.04
0.253,1.04
0.254,1.04
0.255,1.04
0.256,1.04
0.257,0.96
0.258,1.04
0.259,0.96
0.26,0.96
0.261,0.96
0.262,0.96
0.263,0.96
0.264,0.96
0.265,0.96
0.266,0.88
0.267,0.88
0.268,0.88
0.269,0.88
0.27,0.8
0.271,0.88
0.272,0.88
0.273,0.88
0.274,0.8
0.275,0.8
0.276,0.8
0.277,0.8
0.278,0.8
0.279,0.8
0.28,0.8
0.281,0.8
0.282,0.8
0.283,0.8
0.284,0.8
0.285,0.8
0.286,0.72
0.287,0.72
0.288,0.72
0.289,0.72
0.29,0.72
0.291,0.72
0.292,0.72
0.293,0.72
0.294,0.72
0.295,0.72
0.296,0.72
0.297,0.64
0.298,0.64
0.299,0.64
0.3,0.72
0.301,0.64
0.302,0.64
0.303,0.72
0.304,0.64
0.305,0.64
0.306,0.64
0.307,0.64
0.308,0.64
0.309,0.64
0.31,0.64
0.311,0.64
0.312,0.64
0.313,0.56
0.314,0.56
0.315,0.56
0.316,0.64
0.317,0.64
0.318,0.56
0.319,0.56
0.32,0.56
0.321,0.56
0.322,0.56
0.323,0.56
0.324,0.56
0.325,0.56
0.326,0.56
0.327,0.56
0.328,0.56
0.329,0.56
0.33,0.48
0.331,0.56
0.332,0.48
0.333,0.48
0.334,0.56
0.335,0.48
0.336,0.48
0.337,0.48
0.338,0.48
0.339,0.48
0.34,0.48
0.341,0.48
0.342,0.48
0.343,0.4
0.344,0.48
0.345,0.4
0.346,0.4
0.347,0.48
0.348,0.48
0.349,0.48
0.35,0.48
0.351,0.48
0.352,0.4
0.353,0.4
0.354,0.4
0.355,0.4
0.356,0.4
0.357,0.4
0.358,0.48
0.359,0.4
0.36,0.4
0.361,0.32
0.362,0.4
0.363,0.32
0.364,0.4
0.365,0.32
0.366,0.4
0.367,0.4
0.368,0.4
0.369,0.4
0.37,0.32
0.371,0.4
0.372,0.32
0.373,0.4
0.374,0.4
0.375,0.32
0.376,0.32
0.377,0.4
0.378,0.4
0.379,0.32
0.38,0.32
0.381,0.32
0.382,0.32
0.383,0.32
0.384,0.32
0.385,0.32
0.386,0.32
0.387,0.32
0.388,0.32
0.389,0.32
0.39,0.32
0.391,0.32
0.392,0.32
0.393,0.24
0.394,0.32
0.395,0.32
0.396,0.32
0.397,0.32
0.398,0.32
0.399,0.32
0.4,0.32
0.401,0.32
0.402,0.24
0.403,0.32
0.404,0.32
0.405,0.24
0.406,0.24
0.407,0.24
0.408,0.32
0.409,0.32
0.41,0.24
0.411,0.24
0.412,0.32
0.413,0.32
0.414,0.24
0.415,0.32
0.416,0.24
0.417,0.24
0.418,0.24
0.419,0.32
0.42,0.24
0.421,0.24
0.422,0.24
0.423,0.24
0.424,0.24
0.425,0.24
0.426,0.24
0.427,0.32
0.428,0.24
0.429,0.24
0.43,0.24
0.431,0.24
0.432,0.24
0.433,0.24
0.434,0.24
0.435,0.24
0.436,0.24
0.437,0.24
0.438,0.24
0.439,0.24
0.44,0.24
0.441,0.24
0.442,0.16
0.443,0.24
0.444,0.24
0.445,0.24
0.446,0.24
0.447,0.16
0.448,0.24
0.449,0.24
0.45,0.24
0.451,0.24
0.452,0.16
0.453,0.16
0.454,0.24
0.455,0.24
0.456,0.16
0.457,0.16
0.458,0.24
0.459,0.24
0.46,0.24
0.461,0.16
0.462,0.16
0.463,0.16
0.464,0.16
0.465,0.16
0.466,0.16
0.467,0.24
0.468,0.16
0.469,0.16
0.47,0.24
0.471,0.16
0.472,0.16
0.473,0.16
0.474,0.16
0.475,0.16
0.476,0.16
0.477,0.16
0.478,0.16
0.479,0.16
0.48,0.16
0.481,0.16
0.482,0.16
0.483,0.16
0.484,0.16
0.485,0.16
0.486,0.16
0.487,0.16
0.488,0.16
0.489,0.16
0.49,0.16
0.491,0.16
0.492,0.16
0.493,0.16
0.494,0.16
0.495,0.16
0.496,0.16
0.497,0.16
0.498,0.16
0.499,0.16
0.5,0.16
0.501,0.16
0.502,0.16
0.503,0.16
0.504,0.16
0.505,0.08
0.506,0.08
0.507,0.16
0.508,0.16
0.509,0.16
0.51,0.16
0.511,0.16
0.512,0.16
0.513,0.16
0.514,0.16
0.515,0.08
0.516,0.16
0.517,0.16
0.518,0.16
0.519,0.08
0.52,0.16
0.521,0.16
0.522,0.16
0.523,0.08
0.524,0.16
0.525,0.16
0.526,0.16
0.527,0.16
0.528,0.08
0.529,0.16
0.53,0.08
0.531,0.08
0.532,0.08
0.533,0.08
0.534,0.16
0.535,0.08
0.536,0.16
0.537,0.16
0.538,0.08
0.539,0.16
0.54,0.16
0.541,0.08
0.542,0.16
0.543,0.08
0.544,0.16
0.545,0.08
0.546,0.16
0.547,0.08
0.548,0.08
0.549,0.08
0.55,0.08
0.551,0.16
0.552,0.16
0.553,0.08
0.554,0.16
0.555,0.16
0.556,0.08
0.557,0.08
0.558,0.08
0.559,0.08
0.56,0.08
0.561,0.08
0.562,0.08
0.563,0.08
0.564,0.08
0.565,0.08
0.566,0.08
0.567,0.08
0.568,0.08
0.569,0.08
0.57,0.16
0.571,0.08
0.572,0.08
0.573,0.08
0.574,0.08
0.575,0.08
0.576,0.08
0.577,0.08
0.578,0.08
0.579,0.08
0.58,0.08
0.581,0.08
0.582,0.08
0.583,0.08
0.584,0.08
0.585,0.08
0.586,0.08
0.587,0.08
0.588,0.08
0.589,0.08
0.59,0.08
0.591,0.08
0.592,0.08
0.593,0.08
0.594,0.08
0.595,0.16
0.596,0.08
0.597,0.08
0.598,0.08
0.599,0.08
0.6,0.08
0.601,0.08
0.602,0.08
0.603,0.08
0.604,0.16
0.605,0.08
0.606,0.08
0.607,0.08
0.608,0.08
0.609,0.08
0.61,0.08
0.611,0.08
0.612,0.08
0.613,0.08
0.614,0.08
0.615,0.08
0.616,0.08
0.617,0.08
0.618,0.08
0.619,0.16
0.62,0.08
0.621,0.08
0.622,0.08
0.623,0.08
0.624,0.08
0.625,0.08
0.626,0.08
0.627,0.08
0.628,0.08
0.629,0.08
0.63,0.08
0.631,0.08
0.632,0.08
0.633,0.08
0.634,0.08
0.635,0.08
0.636,0.08
0.637,0.08
0.638,0.08
0.639,0.08
0.64,0.08
0.641,0.08
0.642,0.08
0.643,0.08
0.644,0.08
0.645,0.08
0.646,0.08
0.647,0.08
0.648,0.08
0.649,0.08
0.65,0.08
0.651,0.08
0.652,0.08
0.653,0.08
0.654,0.08
0.655,0.08
0.656,0.08
0.657,0.08
0.658,0.08
0.659,0.08
0.66,0.08
0.661,0.08
0.662,0.08
0.663,0.08
0.664,0.08
0.665,0.08
0.666,0.08
0.667,0.08
0.668,0.08
0.669,0.08
0.67,0.08
0.671,0.08
0.672,0.08
0.673,0.08
0.674,0.08
0.675,0.08
0.676,0.08
0.677,0.08
0.678,0.08
0.679,0.08
0.68,0.08
0.681,0.08
0.682,0.08
0.683,0.08
0.684,0.08
0.685,0.08
0.686,0.08
0.687,0.08
0.688,0.08
0.689,0.08
0.69,0.08
0.691,0.08
0.692,0.08
0.693,0.08
0.694,0.08
0.695,0.08
0.696,0.08
0.697,0.08
0.698,0.08
0.699,0.08
0.7,0.08
0.701,0.08
0.702,0.08
0.703,0.08
0.704,0.16
0.705,0.08
0.706,0.08
0.707,0.08
0.708,0.08
0.709,0.08
0.71,0.08
0.711,0.08
0.712,0.08
0.713,0.08
0.714,0.08
0.715,0.08
0.716,0.08
0.717,0.08
0.718,0.08
0.719,0.08
0.72,0.08
0.721,0.08
0.722,0.08
0.723,0.08
0.724,0.08
0.725,0.08
0.726,0.08
0.727,0.08
0.728,0.08
0.729,0.08
0.73,0.08
0.731,0.08
0.732,0.08
0.733,0.08
0.734,0.08
0.735,0.08
0.736,0.08
0.737,0.08
0.738,0.08
0.739,0.08
0.74,0.08
0.741,0.08
0.742,0.08
0.743,0.08
0.744,0.08
0.745,0.08
0.746,0.08
0.747,0.08
0.748,0.08
0.749,0.08
0.75,0.08
0.751,0.08
0.752,0.08
0.753,0.08
0.754,0.08
0.755,0.08
0.756,0.08
0.757,0.08
0.758,0.08
0.759,0.08
0.76,0.08
0.761,0.08
0.762,0.08
0.763,0.08
0.764,0.08
0.765,0.08
0.766,0.08
0.767,0.08
0.768,0.08
0.769,0.08
0.77,0.08
0.771,0.08
0.772,0.08
0.773,0.08
0.774,0.08
0.775,0.08
0.776,0.08
0.777,0.08
0.778,0.08
0.779,0.08
0.78,0.08
0.781,0.08
0.782,0.08
0.783,0.08
0.784,0.08
0.785,0.08
0.786,0.08
0.787,0.08
0.788,0.08
0.789,0.08
0.79,0.08
0.791,0.08
0.792,0.08
0.793,0.08
0.794,0
0.795,0.08
0.796,0.08
0.797,0.08
0.798,0
0.799,0.08
0.8,0.08
0.801,0.08
0.802,0.08
0.803,0.08
0.804,0.08
0.805,0.08
0.806,0.08
0.807,0.08
0.808,0.08
0.809,0.08
0.81,0.08
0.811,0.08
0.812,0.08
0.813,0.08
0.814,0.08
0.815,0.08
0.816,0.08
0.817,0.08
0.818,0.08
0.819,0.08
0.82,0.08
0.821,0.08
0.822,0.08
0.823,0.08
0.824,0.08
0.825,0.08
0.826,0.08
0.827,0.08
0.828,0.08
0.829,0.08
0.83,0.08
0.831,0.08
0.832,0.08
0.833,0.08
0.834,0.08
0.835,0.08
0.836,0.08
0.837,0.08
0.838,0.08
0.839,0
0.84,0.08
0.841,0.08
0.842,0.08
0.843,0.08
0.844,0.08
0.845,0.08
0.846,0.08
0.847,0.08
0.848,0.08
0.849,0.08
0.85,0.08
0.851,0.08
0.852,0.08
0.853,0.08
0.854,0.08
0.855,0.08
0.856,0.08
0.857,0.08
0.858,0.08
0.859,0.08
0.86,0.08
0.861,0.08
0.862,0.08
0.863,0.08
0.864,0.08
0.865,0.08
0.866,0.08
0.867,0.08
0.868,0.08
0.869,0.08
0.87,0.08
0.871,0.08
0.872,0.08
0.873,0.08
0.874,0.08
0.875,0
0.876,0.08
0.877,0.08
0.878,0.08
0.879,0.08
0.88,0.08
0.881,0.08
0.882,0.08
0.883,0.08
0.884,0.08
0.885,0
0.886,0.08
0.887,0.08
0.888,0.08
0.889,0.08
0.89,0.08
0.891,0.08
0.892,0.08
0.893,0.08
0.894,0.08
0.895,0
0.896,0.08
0.897,0.08
0.898,0.08
0.899,0.08
0.9,0.08
0.901,0.08
0.902,0.08
0.903,0.08
0.904,0.08
0.905,0.08
0.906,0.08
0.907,0
0.908,0.08
0.909,0.08
0.91,0.08
0.911,0.08
0.912,0.08
0.913,0.08
0.914,0.08
0.915,0
0.916,0.08
0.917,0.08
0.918,0.08
0.919,0.08
0.92,0.08
0.921,0.08
0.922,0.08
0.923,0.08
0.924,0.08
0.925,0.08
0.926,0.08
0.927,0.08
0.928,0
0.929,0.08
0.93,0.08
0.931,0.08
0.932,0.08
0.933,0.08
0.934,0.08
0.935,0.08
0.936,0.08
0.937,0
0.938,0.08
0.939,0.08
0.94,0.08
0.941,0.08
0.942,0.08
0.943,0.08
0.944,0.08
0.945,0.08
0.946,0.08
0.947,0.08
0.948,0.08
0.949,0.08
0.95,0.08
0.951,0.08
0.952,0.08
0.953,0.08
0.954,0.08
0.955,0.08
0.956,0.08
0.957,0
0.958,0.08
0.959,0.08
0.96,0
0.961,0.08
0.962,0.08
0.963,0.08
0.964,0.08
0.965,0.08
0.966,0.08
0.967,0.08
0.968,0
0.969,0.08
0.97,0.08
0.971,0
0.972,0.08
0.973,0.08
0.974,0.08
0.975,0.08
0.976,0.08
0.977,0.08
0.978,0
0.979,0.08
0.98,0.08
0.981,0.08
0.982,0.08
0.983,0.08
0.984,0.08
0.985,0.08
0.986,0.08
0.987,0.08
0.988,0.08
0.989,0.08
0.99,0.08
0.991,0.08
0.992,0.08
0.993,0.08
0.994,0
0.995,0.08
0.996,0.08
0.997,0.08
0.998,0
0.999,0.08
1,0.08
1.001,0
1.002,0.08
1.003,0.08
1.004,0.08
1.005,0.08
1.006,0.08
1.007,0.08
1.008,0.08
1.009,0.08
1.01,0.08
1.011,0.08
1.012,0.08
1.013,0.08
1.014,0.08
1.015,0.08
1.016,0.08
1.017,0.08
1.018,0.08
1.019,0.08
1.02,0.08
1.021,0.08
1.022,0.08
1.023,0.08
1.024,0.08
1.025,0.08
1.026,0.08
1.027,0.08
1.028,0.08
1.029,0
1.03,0.08
1.031,0.08
1.032,0
1.033,0.08
1.034,0.08
1.035,0
1.036,0.08
1.037,0.08
1.038,0.08
1.039,0.08
1.04,0.08
1.041,0.08
1.042,0.08
1.043,0
1.044,0.08
1.045,0
1.046,0.08
1.047,0.08
1.048,0.08
1.049,0.08
1.05,0.08
1.051,0.08
1.052,0.08
1.053,0.08
1.054,0.08
1.055,0.08
1.056,0
1.057,0.08
1.058,0.08
1.059,0.08
1.06,0.08
1.061,0.08
1.062,0.08
1.063,0.08
1.064,0
1.065,0.08
1.066,0.08
1.067,0.08
1.068,0.08
1.069,0
1.07,0
1.071,0.08
1.072,0.08
1.073,0
1.074,0.08
1.075,0.08
1.076,0.08
1.077,0.08
1.078,0.08
1.079,0.08
1.08,0.08
1.081,0
1.082,0.08
1.083,0.08
1.084,0.08
1.085,0.08
1.086,0.08
1.087,0.08
1.088,0.08
1.089,0
1.09,0
1.091,0.08
1.092,0.08
1.093,0.08
1.094,0.08
1.095,0.08
1.096,0.08
1.097,0.08
1.098,0.08
1.099,0.08
1.1,0
1.101,0.08
1.102,0.08
1.103,0.08
1.104,0
1.105,0.08
1.106,0.08
1.107,0.08
1.108,0.08
1.109,0
1.11,0.08
1.111,0.08
1.112,0.08
1.113,0
1.114,0
1.115,0.08
1.116,0.08
1.117,0.08
1.118,0.08
1.119,0.08
1.12,0.08
1.121,0.08
1.122,0
1.123,0.08
1.124,0.08
1.125,0.08
1.126,0.08
1.127,0.08
1.128,0.08
1.129,0
1.13,0.08
1.131,0.08
1.132,0.08
1.133,0.08
1.134,0.08
1.135,0.08
1.136,0.08
1.137,0.08
1.138,0
1.139,0.08
1.14,0.08
1.141,0.08
1.142,0
1.143,0.08
1.144,0.08
1.145,0.08
1.146,0.08
1.147,0.08
1.148,0.08
1.149,0.08
1.15,0
1.151,0.08
1.152,0.08
1.153,0.08
1.154,0.08
1.155,0.08
1.156,0.08
1.157,0.08
1.158,0.08
1.159,0.08
1.16,0.08
1.161,0.08
1.162,0.08
1.163,0.08
1.164,0.08
1.165,0
1.166,0.08
1.167,0.08
1.168,0.08
1.169,0.08
1.17,0.08
1.171,0.08
1.172,0
1.173,0.08
1.174,0.08
1.175,0.08
1.176,0.08
1.177,0.08
1.178,0.08
1.179,0.08
1.18,0.08
1.181,0.08
1.182,0
1.183,0.08
1.184,0.08
1.185,0.08
1.186,0.08
1.187,0.08
1.188,0
1.189,0.08
1.19,0.08
1.191,0.08
1.192,0.08
1.193,0
1.194,0.08
1.195,0
1.196,0.08
1.197,0.08
1.198,0.08
1.199,0.08
1.2,0.08
1.201,0.08
1.202,0.08
1.203,0.08
1.204,0.08
1.205,0.08
1.206,0.08
1.207,0.08
1.208,0.08
1.209,0.08
1.21,0
1.211,0
1.212,0.08
1.213,0.08
1.214,0.08
1.215,0.08
1.216,0.08
1.217,0.08
1.218,0.08
1.219,0
1.22,0.08
1.221,0.08
1.222,0.08
1.223,0.08
1.224,0.08
1.225,0.08
1.226,0
1.227,0.08
1.228,0.08
1.229,0
1.23,0.08
1.231,0.08
1.232,0.08
1.233,0.08
1.234,0.08
1.235,0.08
1.236,0.08
1.237,0.08
1.238,0.08
1.239,0
1.24,0
1.241,0.08
1.242,0
1.243,0.08
1.244,0.08
1.245,0
1.246,0.08
1.247,0.08
1.248,0.08
1.249,0.08
1.25,0
1.251,0.08
1.252,0.08
1.253,0.08
1.254,0
1.255,0.08
1.256,0.08
1.257,0.08
1.258,0.08
1.259,0.08
1.26,0.08
1.261,0.08
1.262,0
1.263,0.08
1.264,0.08
1.265,0.08
1.266,0.08
1.267,0.08
1.268,0.08
1.269,0
1.27,0
1.271,0.08
1.272,0.08
1.273,0
1.274,0.08
1.275,0.08
1.276,0.08
1.277,0.08
1.278,0.08
1.279,0.08
1.28,0.08
1.281,0.08
1.282,0.08
1.283,0.08
1.284,0
1.285,0
1.286,0.08
1.287,0.08
1.288,0
1.289,0
1.29,0.08
1.291,0.08
1.292,0.08
1.293,0
1.294,0.08
1.295,0.08
1.296,0.08
1.297,0.08
1.298,0.08
1.299,0.08
1.3,0.08
1.301,0.08
1.302,0.08
1.303,0.08
1.304,0.08
1.305,0.08
1.306,0.08
1.307,0.08
1.308,0.08
1.309,0.08
1.31,0.08
1.311,0
1.312,0.08
1.313,0.08
1.314,0
1.315,0.08
1.316,0
1.317,0.08
1.318,0.08
1.319,0.08
1.32,0.08
1.321,0.08
1.322,0.08
1.323,0.08
1.324,0.08
1.325,0.08
1.326,0
1.327,0.08
1.328,0.08
1.329,0.08
1.33,0.08
1.331,0.08
1.332,0.08
1.333,0.08
1.334,0.08
1.335,0.08
1.336,0
1.337,0.08
1.338,0.08
1.339,0.08
1.34,0
1.341,0
1.342,0.08
1.343,0.08
1.344,0.08
1.345,0.08
1.346,0.08
1.347,0
1.348,0.08
1.349,0.08
1.35,0.08
1.351,0
1.352,0.08
1.353,0.08
1.354,0.08
1.355,0
1.356,0.08
1.357,0
1.358,0.08
1.359,0.08
1.36,0.08
1.361,0
1.362,0.08
1.363,0
1.364,0
1.365,0.08
1.366,0
1.367,0.08
1.368,0.08
1.369,0.08
1.37,0
1.371,0.08
1.372,0
1.373,0
1.374,0
1.375,0.08
1.376,0.08
1.377,0.08
1.378,0
1.379,0.08
1.38,0.08
1.381,0.08
1.382,0.08
1.383,0.08
1.384,0
1.385,0.08
1.386,0.08
1.387,0.08
1.388,0.08
1.389,0
1.39,0
1.391,0.08
1.392,0.08
1.393,0.08
1.394,0.08
1.395,0.08
1.396,0.08
1.397,0.08
1.398,0.08
1.399,0.08
1.4,0.08
1.401,0.08
1.402,0.08
1.403,0.08
1.404,0.08
1.405,0.08
1.406,0.08
1.407,0.08
1.408,0
1.409,0.08
1.41,0
1.411,0.08
1.412,0.08
1.413,0.08
1.414,0.08
1.415,0
1.416,0.08
1.417,0.08
1.418,0
1.419,0
1.42,0.08
1.421,0
1.422,0
1.423,0.08
1.424,0.08
1.425,0
1.426,0
1.427,0.08
1.428,0.08
1.429,0.08
1.43,0.08
1.431,0.08
1.432,0.08
1.433,0.08
1.434,0.08
1.435,0.08
1.436,0.08
1.437,0.08
1.438,0.08
1.439,0.08
1.44,0.08
1.441,0.08
1.442,0.08
1.443,0.08
1.444,0.08
1.445,0
1.446,0.08
1.447,0.08
1.448,0.08
1.449,0
1.45,0
1.451,0.08
1.452,0.08
1.453,0.08
1.454,0
1.455,0.08
1.456,0
1.457,0.08
1.458,0.08
1.459,0
1.46,0.08
1.461,0
1.462,0
1.463,0.08
1.464,0.08
1.465,0.08
1.466,0.08
1.467,0
1.468,0.08
1.469,0
1.47,0.08
1.471,0.08
1.472,0.08
1.473,0.08
1.474,0.08
1.475,0.08
1.476,0.08
1.477,0.08
1.478,0.08
1.479,0.08
1.48,0.08
1.481,0.08
1.482,0.08
1.483,0.08
1.484,0.08
1.485,0.08
1.486,0.08
1.487,0.08
1.488,0
1.489,0.08
1.49,0.08
1.491,0.08
1.492,0.08
1.493,0
1.494,0
1.495,0.08
1.496,0
1.497,0.08
1.498,0
1.499,0.08
1.5,0.08
1.501,0.08
1.502,0
1.503,0.08
1.504,0.08
1.505,0.08
1.506,0.08
1.507,0.08
1.508,0.08
1.509,0.08
1.51,0.08
1.511,0.08
1.512,0.08
1.513,0.08
1.514,0.08
1.515,0
1.516,0
1.517,0.08
1.518,0.08
1.519,0.08
1.52,0.08
1.521,0
1.522,0.08
1.523,0.08
1.524,0.08
1.525,0.08
1.526,0
1.527,0
1.528,0.08
1.529,0.08
1.53,0.08
1.531,0.08
1.532,0
1.533,0.08
1.534,0.08
1.535,0.08
1.536,0.08
1.537,0.08
1.538,0.08
1.539,0.08
1.54,0
1.541,0.08
1.542,0.08
1.543,0.08
1.544,0.08
1.545,0
1.546,0.08
1.547,0.08
1.548,0.08
1.549,0.08
1.55,0
1.551,0.08
1.552,0.08
1.553,0.08
1.554,0.08
1.555,0
1.556,0.08
1.557,0.08
1.558,0.08
1.559,0
1.56,0.08
1.561,0.08
1.562,0
1.563,0.08
1.564,0
1.565,0
1.566,0
1.567,0
1.568,0.08
1.569,0.08
1.57,0.08
1.571,0
1.572,0.08
1.573,0.08
1.574,0
1.575,0.08
1.576,0
1.577,0
1.578,0.08
1.579,0.08
1.58,0.08
1.581,0.08
1.582,0
1.583,0.08
1.584,0.08
1.585,0
1.586,0
1.587,0
1.588,0.08
1.589,0.08
1.59,0
1.591,0.08
1.592,0.08
1.593,0.08
1.594,0.08
1.595,0.08
1.596,0
1.597,0
1.598,0.08
1.599,0.08
1.6,0.08
1.601,0.08
1.602,0.08
1.603,0.08
1.604,0.08
1.605,0
1.606,0.08
1.607,0.08
1.608,0.08
1.609,0.08
1.61,0.08
1.611,0.08
1.612,0.08
1.613,0.08
1.614,0
1.615,0.08
1.616,0.08
1.617,0.08
1.618,0.08
1.619,0
1.62,0.08
1.621,0.08
1.622,0.08
1.623,0.08
1.624,0.08
1.625,0.08
1.626,0.08
1.627,0.08
1.628,0.08
1.629,0.08
1.63,0.08
1.631,0.08
1.632,0.08
1.633,0.08
1.634,0
1.635,0.08
1.636,0.08
1.637,0.08
1.638,0.08
1.639,0.08
1.64,0.08
1.641,0.08
1.642,0.08
1.643,0
1.644,0.08
1.645,0.08
1.646,0.08
1.647,0.08
1.648,0
1.649,0.08
1.65,0
1.651,0
1.652,0.08
1.653,0.08
1.654,0.08
1.655,0.08
1.656,0.08
1.657,0
1.658,0.08
1.659,0.08
1.66,0.08
1.661,0
1.662,0
1.663,0.08
1.664,0
1.665,0.08
1.666,0.08
1.667,0
1.668,0.08
1.669,0.08
1.67,0.08
1.671,0
1.672,0.08
1.673,0.08
1.674,0.08
1.675,0
1.676,0.08
1.677,0.08
1.678,0
1.679,0.08
1.68,0.08
1.681,0.08
1.682,0.08
1.683,0.08
1.684,0
1.685,0
1.686,0.08
1.687,0.08
1.688,0.08
1.689,0
1.69,0
1.691,0.08
1.692,0
1.693,0.08
1.694,0
1.695,0.08
1.696,0
1.697,0.08
1.698,0
1.699,0.08
1.7,0
1.701,0.08
1.702,0.08
1.703,0.08
1.704,0.08
1.705,0
1.706,0.08
1.707,0.08
1.708,0
1.709,0.08
1.71,0.08
1.711,0.08
1.712,0.08
1.713,0.08
1.714,0.08
1.715,0
1.716,0
1.717,0.08
1.718,0
1.719,0.08
1.72,0.08
1.721,0
1.722,0.08
1.723,0.08
1.724,0.08
1.725,0.08
1.726,0
1.727,0.08
1.728,0
1.729,0.08
1.73,0.08
1.731,0
1.732,0.08
1.733,0.08
1.734,0
1.735,0
1.736,0.08
1.737,0
1.738,0.08
1.739,0.08
1.74,0.08
1.741,0.08
1.742,0.08
1.743,0.08
1.744,0
1.745,0
1.746,0
1.747,0.08
1.748,0
1.749,0
1.75,0
1.751,0
1.752,0.08
1.753,0
1.754,0.08
1.755,0
1.756,0.08
1.757,0.08
1.758,0
1.759,0.08
1.76,0.08
1.761,0.08
1.762,0.08
1.763,0
1.764,0.08
1.765,0.08
1.766,0
1.767,0
1.768,0
1.769,0.08
1.77,0.08
1.771,0.08
1.772,0.08
1.773,0.08
1.774,0.08
1.775,0.08
1.776,0
1.777,0.08
