0,10.32
0.001,10.24
0.002,10.24
0.003,10.24
0.004,10.24
0.005,10.24
0.006,10.24
0.007,10.24
0.008,10.24
0.009,10.16
0.01,10.24
0.011,10.16
0.012,10.16
0.013,10.24
0.014,10.16
0.015,10.16
0.016,10.08
0.017,10.08
0.018,10.08
0.019,10
0.02,10
0.021,9.92
0.022,9.84
0.023,9.68
0.024,9.6
0.025,9.52
0.026,9.36
0.027,8.72
0.028,8.8
0.029,8.16
0.03,8.08
0.031,7.68
0.032,7.36
0.033,7.12
0.034,6.96
0.035,6.72
0.036,6.8
0.037,6.56
0.038,6.4
0.039,6.24
0.04,6.24
0.041,6.24
0.042,6.16
0.043,6.24
0.044,6.16
0.045,6.16
0.046,6.16
0.047,6.08
0.048,6.16
0.049,6.08
0.05,6.08
0.051,6
0.052,6
0.053,6.08
0.054,6
0.055,6.08
0.056,5.92
0.057,6
0.058,5.76
0.059,5.92
0.06,5.92
0.061,6
0.062,5.92
0.063,5.84
0.064,5.92
0.065,5.92
0.066,5.92
0.067,5.92
0.068,5.92
0.069,5.84
0.07,5.84
0.071,5.92
0.072,5.84
0.073,5.84
0.074,5.92
0.075,5.84
0.076,5.84
0.077,5.84
0.078,5.84
0.079,5.84
0.08,5.76
0.081,5.84
0.082,5.84
0.083,5.68
0.084,5.68
0.085,5.76
0.086,5.68
0.087,5.68
0.088,5.76
0.089,5.68
0.09,5.52
0.091,5.52
0.092,5.6
0.093,5.68
0.094,5.68
0.095,5.52
0.096,5.6
0.097,5.6
0.098,5.68
0.099,5.6
0.1,5.6
0.101,5.6
0.102,5.52
0.103,5.52
0.104,5.52
0.105,5.52
0.106,5.6
0.107,5.52
0.108,5.52
0.109,5.52
0.11,5.52
0.111,5.52
0.112,5.52
0.113,5.44
0.114,5.44
0.115,5.44
0.116,5.36
0.117,5.44
0.118,5.36
0.119,5.44
0.12,5.36
0.121,5.44
0.122,5.44
0.123,5.36
0.124,5.28
0.125,5.2
0.126,5.28
0.127,5.28
0.128,5.28
0.129,5.28
0.13,5.28
0.131,5.28
0.132,5.28
0.133,5.28
0.134,5.2
0.135,5.2
0.136,5.28
0.137,5.28
0.138,5.2
0.139,5.2
0.14,5.2
0.141,5.2
0.142,5.2
0.143,5.2
0.144,5.2
0.145,5.2
0.146,5.2
0.147,5.2
0.148,5.2
0.149,5.12
0.15,5.12
0.151,5.2
0.152,4.96
0.153,5.12
0.154,5.04
0.155,5.12
0.156,5.04
0.157,5.12
0.158,5.04
0.159,5.04
0.16,4.96
0.161,4.96
0.162,4.96
0.163,5.04
0.164,5.04
0.165,5.04
0.166,4.96
0.167,5.04
0.168,5.04
0.169,4.96
0.17,4.96
0.171,4.96
0.172,4.96
0.173,5.04
0.174,4.96
0.175,4.96
0.176,4.96
0.177,4.96
0.178,4.96
0.179,4.96
0.18,4.96
0.181,4.96
0.182,4.88
0.183,4.96
0.184,4.88
0.185,4.96
0.186,4.96
0.187,4.88
0.188,4.88
0.189,4.88
0.19,4.8
0.191,4.88
0.192,4.8
0.193,4.8
0.194,4.72
0.195,4.8
0.196,4.8
0.197,4.8
0.198,4.64
0.199,4.64
0.2,4.72
0.201,4.72
0.202,4.72
0.203,4.72
0.204,4.64
0.205,4.72
0.206,4.72
0.207,4.72
0.208,4.72
0.209,4.64
0.21,4.72
0.211,4.64
0.212,4.64
0.213,4.64
0.214,4.64
0.215,4.56
0.216,4.56
0.217,4.64
0.218,4.64
0.219,4.56
0.22,4.56
0.221,4.48
0.222,4.56
0.223,4.56
0.224,4.56
0.225,4.48
0.226,4.56
0.227,4.48
0.228,4.48
0.229,4.48
0.23,4.4
0.231,4.48
0.232,4.4
0.233,4.48
0.234,4.4
0.235,4.32
0.236,4.4
0.237,4.4
0.238,4.4
0.239,4.32
0.24,4.24
0.241,4.24
0.242,4.4
0.243,4.32
0.244,4.32
0.245,4.32
0.246,4.32
0.247,4.32
0.248,4.32
0.249,4.32
0.25,4.32
0.251,4.32
0.252,4.32
0.253,4.24
0.254,4.24
0.255,4.24
0.256,4.24
0.257,4.24
0.258,4.24
0.259,4.24
0.26,4.24
0.261,4.24
0.262,4.24
0.263,4.24
0.264,4.16
0.265,4.24
0.266,4.24
0.267,4.16
0.268,4.16
0.269,4.16
0.27,4.24
0.271,4.16
0.272,4.08
0.273,4.08
0.274,4.08
0.275,4.08
0.276,4
0.277,4.08
0.278,4.08
0.279,4
0.28,4.08
0.281,4.08
0.282,4
0.283,4.08
0.284,3.92
0.285,3.92
0.286,3.92
0.287,4
0.288,4
0.289,4
0.29,4
0.291,4
0.292,3.92
0.293,4
0.294,4
0.295,3.92
0.296,3.92
0.297,3.92
0.298,3.92
0.299,3.92
0.3,4
0.301,3.92
0.302,3.84
0.303,3.84
0.304,3.92
0.305,3.92
0.306,3.92
0.307,3.84
0.308,3.84
0.309,3.92
0.31,3.92
0.311,3.76
0.312,3.84
0.313,3.92
0.314,3.84
0.315,3.84
0.316,3.76
0.317,3.84
0.318,3.76
0.319,3.76
0.32,3.76
0.321,3.76
0.322,3.76
0.323,3.76
0.324,3.68
0.325,3.76
0.326,3.76
0.327,3.76
0.328,3.6
0.329,3.68
0.33,3.68
0.331,3.68
0.332,3.6
0.333,3.6
0.334,3.52
0.335,3.6
0.336,3.6
0.337,3.6
0.338,3.6
0.339,3.6
0.34,3.6
0.341,3.6
0.342,3.6
0.343,3.6
0.344,3.6
0.345,3.52
0.346,3.6
0.347,3.52
0.348,3.6
0.349,3.52
0.35,3.52
0.351,3.6
0.352,3.6
0.353,3.44
0.354,3.44
0.355,3.52
0.356,3.52
0.357,3.52
0.358,3.44
0.359,3.52
0.36,3.44
0.361,3.44
0.362,3.44
0.363,3.44
0.364,3.44
0.365,3.44
0.366,3.36
0.367,3.44
0.368,3.44
0.369,3.44
0.37,3.36
0.371,3.36
0.372,3.36
0.373,3.36
0.374,3.36
0.375,3.28
0.376,3.28
0.377,3.28
0.378,3.36
0.379,3.36
0.38,3.2
0.381,3.2
0.382,3.2
0.383,3.28
0.384,3.2
0.385,3.2
0.386,3.2
0.387,3.12
0.388,3.12
0.389,3.04
0.39,3.12
0.391,3.12
0.392,3.2
0.393,3.12
0.394,3.12
0.395,3.12
0.396,3.04
0.397,3.04
0.398,3.12
0.399,3.12
0.4,3.04
0.401,3.04
0.402,3.04
0.403,2.96
0.404,2.96
0.405,3.04
0.406,3.04
0.407,3.04
0.408,3.04
0.409,2.96
0.41,2.96
0.411,2.96
0.412,2.96
0.413,2.96
0.414,2.96
0.415,2.96
0.416,2.96
0.417,2.96
0.418,2.96
0.419,2.96
0.42,2.96
0.421,2.88
0.422,2.88
0.423,2.88
0.424,2.96
0.425,2.88
0.426,2.88
0.427,2.8
0.428,2.88
0.429,2.88
0.43,2.88
0.431,2.8
0.432,2.8
0.433,2.8
0.434,2.8
0.435,2.8
0.436,2.72
0.437,2.72
0.438,2.72
0.439,2.72
0.44,2.72
0.441,2.8
0.442,2.72
0.443,2.72
0.444,2.72
0.445,2.72
0.446,2.72
0.447,2.72
0.448,2.72
0.449,2.64
0.45,2.64
0.451,2.64
0.452,2.56
0.453,2.56
0.454,2.56
0.455,2.56
0.456,2.64
0.457,2.64
0.458,2.64
0.459,2.64
0.46,2.64
0.461,2.56
0.462,2.56
0.463,2.56
0.464,2.56
0.465,2.56
0.466,2.56
0.467,2.56
0.468,2.48
0.469,2.56
0.47,2.48
0.471,2.48
0.472,2.48
0.473,2.48
0.474,2.48
0.475,2.48
0.476,2.56
0.477,2.48
0.478,2.48
0.479,2.48
0.48,2.48
0.481,2.48
0.482,2.48
0.483,2.48
0.484,2.4
0.485,2.4
0.486,2.48
0.487,2.4
0.488,2.4
0.489,2.48
0.49,2.4
0.491,2.4
0.492,2.32
0.493,2.4
0.494,2.4
0.495,2.4
0.496,2.4
0.497,2.32
0.498,2.32
0.499,2.32
0.5,2.32
0.501,2.4
0.502,2.32
0.503,2.32
0.504,2.24
0.505,2.32
0.506,2.24
0.507,2.24
0.508,2.24
0.509,2.24
0.51,2.16
0.511,2.24
0.512,2.24
0.513,2.24
0.514,2.24
0.515,2.24
0.516,2.16
0.517,2.24
0.518,2.16
0.519,2.16
0.52,2.16
0.521,2.16
0.522,2.24
0.523,2.16
0.524,2.16
0.525,2.16
0.526,2.16
0.527,2.16
0.528,2.16
0.529,2.08
0.53,2.08
0.531,2.08
0.532,2.08
0.533,2.08
0.534,2.08
0.535,2.16
0.536,2.08
0.537,2.16
0.538,2.08
0.539,2.08
0.54,2.08
0.541,2
0.542,2
0.543,2
0.544,2
0.545,2.08
0.546,2
0.547,2
0.548,2
0.549,2
0.55,2
0.551,2
0.552,2
0.553,2
0.554,2
0.555,1.92
0.556,2
0.557,2
0.558,1.92
0.559,2
0.56,2
0.561,2
0.562,1.92
0.563,1.84
0.564,1.92
0.565,1.92
0.566,1.92
0.567,1.84
0.568,1.92
0.569,1.84
0.57,1.84
0.571,1.84
0.572,1.84
0.573,1.84
0.574,1.84
0.575,1.84
0.576,1.84
0.577,1.84
0.578,1.76
0.579,1.84
0.58,1.76
0.581,1.76
0.582,1.76
0.583,1.76
0.584,1.76
0.585,1.76
0.586,1.76
0.587,1.76
0.588,1.76
0.589,1.76
0.59,1.68
0.591,1.68
0.592,1.68
0.593,1.68
0.594,1.68
0.595,1.68
0.596,1.68
0.597,1.68
0.598,1.68
0.599,1.6
0.6,1.68
0.601,1.6
0.602,1.6
0.603,1.6
0.604,1.6
0.605,1.6
0.606,1.6
0.607,1.52
0.608,1.52
0.609,1.52
0.61,1.6
0.611,1.52
0.612,1.52
0.613,1.52
0.614,1.52
0.615,1.52
0.616,1.52
0.617,1.52
0.618,1.52
0.619,1.44
0.62,1.44
0.621,1.52
0.622,1.44
0.623,1.44
0.624,1.44
0.625,1.44
0.626,1.44
0.627,1.44
0.628,1.44
0.629,1.44
0.63,1.44
0.631,1.44
0.632,1.44
0.633,1.36
0.634,1.36
0.635,1.36
0.636,1.36
0.637,1.36
0.638,1.28
0.639,1.28
0.64,1.36
0.641,1.36
0.642,1.36
0.643,1.36
0.644,1.28
0.645,1.28
0.646,1.36
0.647,1.28
0.648,1.28
0.649,1.28
0.65,1.28
0.651,1.28
0.652,1.28
0.653,1.28
0.654,1.28
0.655,1.28
0.656,1.2
0.657,1.2
0.658,1.2
0.659,1.2
0.66,1.28
0.661,1.2
0.662,1.2
0.663,1.2
0.664,1.2
0.665,1.2
0.666,1.12
0.667,1.12
0.668,1.12
0.669,1.2
0.67,1.12
0.671,1.12
0.672,1.12
0.673,1.12
0.674,1.12
0.675,1.12
0.676,1.04
0.677,1.12
0.678,1.04
0.679,1.04
0.68,1.04
0.681,1.04
0.682,1.04
0.683,1.04
0.684,1.04
0.685,1.04
0.686,1.04
0.687,0.96
0.688,1.04
0.689,0.96
0.69,0.96
0.691,0.96
0.692,0.88
0.693,0.88
0.694,0.96
0.695,0.88
0.696,0.96
0.697,0.96
0.698,0.88
0.699,0.88
0.7,0.88
0.701,0.88
0.702,0.88
0.703,0.88
0.704,0.8
0.705,0.8
0.706,0.8
0.707,0.8
0.708,0.8
0.709,0.8
0.71,0.8
0.711,0.8
0.712,0.72
0.713,0.8
0.714,0.8
0.715,0.72
0.716,0.72
0.717,0.72
0.718,0.72
0.719,0.72
0.72,0.72
0.721,0.72
0.722,0.72
0.723,0.72
0.724,0.64
0.725,0.72
0.726,0.72
0.727,0.64
0.728,0.64
0.729,0.72
0.73,0.64
0.731,0.64
0.732,0.56
0.733,0.64
0.734,0.64
0.735,0.56
0.736,0.64
0.737,0.64
0.738,0.56
0.739,0.56
0.74,0.56
0.741,0.56
0.742,0.56
0.743,0.56
0.744,0.56
0.745,0.56
0.746,0.56
0.747,0.56
0.748,0.56
0.749,0.56
0.75,0.56
0.751,0.48
0.752,0.56
0.753,0.48
0.754,0.48
0.755,0.48
0.756,0.48
0.757,0.48
0.758,0.48
0.759,0.48
0.76,0.4
0.761,0.4
0.762,0.4
0.763,0.4
0.764,0.4
0.765,0.4
0.766,0.4
0.767,0.4
0.768,0.32
0.769,0.32
0.77,0.4
0.771,0.32
0.772,0.4
0.773,0.4
0.774,0.32
0.775,0.32
0.776,0.32
0.777,0.32
0.778,0.32
0.779,0.32
0.78,0.32
0.781,0.32
0.782,0.32
0.783,0.24
0.784,0.24
0.785,0.32
0.786,0.32
0.787,0.24
0.788,0.24
0.789,0.24
0.79,0.24
0.791,0.24
0.792,0.24
0.793,0.24
0.794,0.24
0.795,0.16
0.796,0.16
0.797,0.16
0.798,0.16
0.799,0.16
0.8,0.16
0.801,0.16
0.802,0.16
0.803,0.16
0.804,0.16
0.805,0.16
0.806,0.16
0.807,0.16
0.808,0.08
0.809,0.08
0.81,0.08
0.811,0.08
0.812,0.08
0.813,0.08
0.814,0.16
0.815,0.08
0.816,0.08
0.817,0.08
0.818,0.08
0.819,0.08
0.82,0.08
0.821,0
0.822,0
0.823,0
0.824,0.08
0.825,0.08
0.826,0.08
0.827,0
0.828,0
0.829,0
0.83,0
0.831,0
0.832,0
0.833,0
0.834,0
0.835,0
0.836,-0.08
0.837,0
0.838,-0.08
0.839,0
0.84,0
0.841,0
0.842,0
0.843,0
0.844,-0.08
0.845,0
0.846,-0.08
0.847,0
0.848,0
0.849,-0.08
0.85,-0.08
0.851,0
0.852,-0.08
0.853,0
0.854,0
0.855,0
0.856,-0.08
0.857,0
0.858,-0.08
0.859,0
0.86,0
0.861,-0.08
0.862,-0.08
0.863,-0.08
0.864,0
0.865,0
0.866,0
0.867,-0.08
0.868,0
0.869,-0.08
0.87,-0.08
0.871,-0.08
0.872,0
0.873,0
0.874,-0.08
0.875,0
0.876,0
0.877,0
0.878,0
0.879,-0.08
0.88,0
0.881,0
0.882,-0.08
0.883,0
0.884,0
0.885,0
0.886,0
0.887,0
0.888,0
0.889,-0.08
0.89,0
0.891,0
0.892,0
0.893,0
0.894,0
0.895,0
0.896,0
0.897,-0.08
0.898,0
0.899,0
0.9,0
0.901,0
0.902,0
0.903,0
0.904,-0.08
0.905,0
0.906,0
0.907,0
0.908,0
0.909,0
0.91,0
0.911,0
0.912,0
0.913,0
0.914,0
0.915,0
0.916,0
0.917,0
0.918,0
0.919,0
0.92,-0.08
0.921,0
0.922,0
0.923,0
0.924,0
0.925,0
0.926,0
0.927,0
0.928,0
0.929,0
0.93,0
0.931,0
0.932,0
0.933,0
0.934,0
0.935,0
0.936,0
0.937,0
0.938,0
0.939,0
0.94,0
0.941,0
0.942,0
0.943,0
0.944,0
0.945,0
0.946,0
0.947,0
0.948,0
0.949,0
0.95,0
0.951,0
0.952,0
0.953,0
0.954,0
0.955,0
0.956,0
0.957,0
0.958,0
0.959,0
0.96,0
0.961,0
0.962,0
0.963,0
0.964,0
0.965,0
0.966,0
0.967,0
0.968,0
0.969,0
0.97,0
0.971,0
0.972,0
0.973,0
0.974,0
0.975,-0.08
0.976,0
0.977,0
0.978,0
0.979,0
0.98,0
0.981,0
0.982,0
0.983,0
0.984,0
0.985,0
0.986,-0.08
0.987,0
0.988,0
0.989,0
0.99,0
0.991,0
0.992,0
0.993,0
0.994,0
0.995,0
0.996,0
0.997,0
0.998,0
0.999,0
1,0
1.001,0
1.002,0
1.003,0
1.004,0
1.005,0
1.006,0
1.007,0
1.008,0
1.009,0
1.01,0
1.011,0
1.012,0.08
1.013,0
1.014,0
1.015,0
1.016,0
1.017,0
1.018,0
1.019,0
1.02,0
1.021,-0.08
1.022,0
1.023,0
1.024,0
1.025,0
1.026,0
1.027,0
1.028,0
1.029,0
1.03,0
1.031,0
1.032,0
1.033,0
1.034,0
1.035,0
1.036,0
1.037,0
1.038,0
1.039,0
1.04,0
1.041,0
1.042,0
1.043,0.08
1.044,0.08
1.045,0
1.046,0
1.047,0
1.048,0
1.049,0
1.05,0
1.051,0
1.052,0
1.053,0
1.054,0
1.055,0
1.056,0
1.057,-0.08
1.058,0
1.059,0
1.06,0
1.061,0
1.062,0
1.063,0
1.064,0
1.065,0
1.066,0
1.067,0
1.068,0
1.069,0
1.07,0
1.071,0
1.072,0
1.073,0.08
1.074,0
1.075,0
1.076,0
1.077,0
1.078,0
1.079,0
1.08,0
1.081,0
1.082,0
1.083,0
1.084,-0.08
1.085,0
1.086,0
1.087,0.08
1.088,0
1.089,0
1.09,0
1.091,0
1.092,0
1.093,0
1.094,0
1.095,0
1.096,0
1.097,0
1.098,0
1.099,0
1.1,0
1.101,0
1.102,0
1.103,0
1.104,0
1.105,0.08
1.106,0
1.107,0
1.108,0
1.109,0.08
1.11,0
1.111,0
1.112,0
1.113,0
1.114,0
1.115,0
1.116,0
1.117,0
1.118,0
1.119,0
1.12,0
1.121,0
1.122,0
1.123,0
1.124,0
1.125,0
1.126,0
1.127,0
1.128,0
1.129,0
1.13,0
1.131,0
1.132,0
1.133,0
1.134,0
1.135,0
1.136,0
1.137,0
1.138,0
1.139,0
1.14,0
1.141,0
1.142,0
1.143,-0.08
1.144,0
1.145,0
1.146,0
1.147,0
1.148,0
1.149,-0.08
1.15,0
1.151,0
1.152,0
1.153,0
1.154,0
1.155,0
1.156,0
1.157,0
1.158,0
1.159,0
1.16,0
1.161,0
1.162,0
1.163,0
1.164,0
1.165,0
1.166,0
1.167,0
1.168,0
1.169,-0.08
1.17,0
1.171,0
1.172,0
1.173,0
1.174,0
1.175,0
1.176,0
1.177,0
1.178,0
1.179,0
1.18,0
1.181,0
1.182,0
1.183,0
1.184,0
1.185,0
1.186,0
1.187,0
1.188,0
1.189,0
1.19,0
1.191,0
1.192,0
1.193,0
1.194,0
1.195,0
1.196,0
1.197,0
1.198,0
1.199,0
1.2,0
1.201,0
1.202,0
1.203,0
1.204,0
1.205,-0.08
1.206,0
1.207,0
1.208,0
1.209,0
1.21,0
1.211,0
1.212,0
1.213,0
1.214,0
1.215,0
1.216,0
1.217,0
1.218,0
1.219,0
1.22,0
1.221,0
1.222,0
1.223,0
1.224,0
1.225,0
1.226,0
1.227,0
1.228,0
1.229,0
1.23,0
1.231,0
1.232,0
1.233,0
1.234,0
1.235,0
1.236,0
1.237,0
1.238,0
1.239,0
1.24,0
1.241,0
1.242,0
1.243,0
1.244,0
1.245,0
1.246,0
1.247,0
1.248,0
1.249,0
1.25,0
1.251,0
1.252,0
1.253,0
1.254,0
1.255,0
1.256,0
1.257,0
1.258,0
1.259,0
1.26,0
1.261,-0.08
1.262,0
1.263,0.08
1.264,0
1.265,0
1.266,0
1.267,0
1.268,0
1.269,0
1.27,0
1.271,-0.08
1.272,0
1.273,0
1.274,0
1.275,0
1.276,0
1.277,0
1.278,-0.08
1.279,0
1.28,0
1.281,0
1.282,0
1.283,0
1.284,0
1.285,0
1.286,0
1.287,-0.08
1.288,0
1.289,-0.08
1.29,0
1.291,0
1.292,0
1.293,0
1.294,0
1.295,0
1.296,0
1.297,0.08
1.298,0
1.299,0
1.3,0
1.301,0
1.302,0
1.303,0
1.304,0
1.305,0
1.306,0
1.307,0
1.308,0
1.309,0
1.31,0
1.311,0
1.312,0
1.313,0
1.314,0
1.315,0
1.316,0
1.317,0
1.318,-0.08
1.319,0
1.32,0
1.321,0
1.322,0
1.323,0
1.324,0
1.325,0
1.326,0
1.327,0
1.328,0
1.329,0
1.33,0
1.331,0
1.332,0
1.333,0
1.334,0
1.335,0
1.336,0
1.337,0
1.338,0
1.339,0
1.34,0
1.341,0
1.342,0
1.343,0
1.344,0
1.345,0
1.346,0
1.347,0
1.348,0
1.349,0
1.35,0
1.351,0
1.352,0
1.353,0
1.354,0
1.355,0
1.356,0
1.357,0
1.358,0
1.359,0
1.36,0
1.361,0
1.362,-0.08
1.363,0
1.364,0
1.365,0
1.366,0
1.367,0
1.368,0
1.369,0
1.37,0
1.371,0
1.372,0
1.373,0
1.374,0
1.375,0
1.376,0
1.377,-0.08
1.378,-0.08
1.379,0
1.38,0
1.381,0
1.382,0
1.383,0
1.384,0
1.385,0
1.386,-0.08
1.387,0
1.388,0
1.389,0
1.39,0
1.391,0
1.392,0
1.393,0
1.394,0
1.395,-0.08
1.396,0
1.397,0
1.398,0
1.399,0
1.4,0
1.401,0
1.402,0
1.403,0
1.404,0
1.405,0
1.406,0
1.407,0
1.408,0
1.409,0
1.41,0
1.411,0
1.412,0
1.413,0
1.414,0
1.415,0
1.416,0
1.417,0
1.418,0
1.419,0
1.42,0
1.421,-0.08
1.422,0
1.423,0
1.424,0
1.425,0
1.426,0
1.427,0
1.428,0
1.429,0
1.43,0
1.431,0
1.432,0
1.433,0
1.434,0
1.435,0
1.436,0
1.437,0
1.438,0
1.439,0
1.44,-0.08
1.441,0
1.442,0
1.443,0
1.444,0
1.445,0
1.446,0
1.447,0
1.448,0
1.449,0
1.45,0
1.451,-0.08
1.452,0
1.453,0
1.454,0
1.455,0
1.456,0
1.457,0
1.458,0
1.459,0
1.46,0
1.461,0
1.462,0
1.463,0
1.464,0
1.465,0
1.466,0
1.467,0
1.468,0
1.469,0
1.47,0
1.471,0
1.472,0
1.473,0
1.474,0
1.475,0
1.476,0
1.477,0
1.478,0
1.479,-0.08
1.48,-0.08
1.481,0
1.482,0
1.483,0
1.484,0
1.485,0
1.486,0
1.487,0
1.488,0
1.489,0
1.49,0
1.491,0
1.492,0
1.493,0
1.494,0
1.495,0
1.496,0
1.497,0
1.498,0
1.499,0
1.5,0
1.501,0
1.502,0
1.503,0
1.504,0
1.505,0
1.506,0
1.507,0
1.508,0
1.509,0
1.51,0
1.511,0
1.512,0
1.513,0
1.514,0
1.515,0
1.516,0
1.517,0
1.518,0
1.519,0
1.52,0
1.521,0
1.522,0
1.523,0
1.524,0
1.525,0
1.526,0
1.527,0
1.528,0
1.529,0
1.53,0
1.531,0
1.532,0
1.533,0
1.534,0
1.535,0
1.536,0
1.537,0
1.538,0
1.539,0
1.54,0
1.541,0
1.542,0
1.543,0
1.544,0
1.545,0.08
1.546,0
1.547,0
1.548,0
1.549,0
1.55,0
1.551,0
1.552,0
1.553,0
1.554,0
1.555,0
1.556,0
1.557,0
1.558,0
1.559,0
1.56,0
1.561,0
1.562,0
1.563,0
1.564,0
1.565,0
1.566,0
1.567,0
1.568,0
1.569,0
1.57,0
1.571,0
1.572,0
1.573,0
1.574,0
1.575,0
1.576,0
1.577,0
1.578,0
1.579,0
1.58,0
1.581,0
1.582,0
1.583,0
1.584,0
1.585,0
1.586,0
1.587,0
1.588,0
1.589,-0.08
1.59,0
1.591,0
1.592,0
1.593,0
1.594,0
1.595,0
1.596,-0.08
1.597,0
1.598,0
1.599,-0.08
1.6,0
1.601,0
1.602,0
1.603,0
1.604,0
1.605,0
1.606,0
1.607,0
1.608,0
1.609,0
1.61,0
1.611,0
1.612,0
1.613,0
1.614,0
1.615,0
1.616,0
1.617,0
1.618,0
1.619,0
1.62,0
1.621,0
1.622,0
1.623,0
1.624,0
1.625,0
1.626,0
1.627,0
1.628,0
1.629,0
1.63,0
1.631,0
1.632,0
1.633,0
1.634,0
1.635,0
1.636,0
1.637,0
1.638,0
1.639,0
1.64,0
1.641,0
1.642,0
1.643,0
1.644,0
1.645,0
1.646,0
1.647,0
1.648,0
1.649,0
1.65,0
1.651,0
1.652,0
1.653,0
1.654,0
1.655,0
1.656,0
1.657,0
1.658,0
1.659,0
1.66,0
1.661,0
1.662,0
1.663,0
1.664,-0.08
1.665,0
1.666,0
1.667,0
1.668,-0.08
1.669,0
1.67,0
1.671,0
1.672,0
1.673,0
1.674,0
1.675,0
1.676,0
1.677,0
1.678,0
1.679,0
1.68,0
1.681,0
1.682,0
1.683,0
1.684,0
1.685,0
1.686,0
1.687,0
1.688,0
1.689,0
1.69,0
1.691,0
1.692,0
1.693,0
1.694,0
1.695,0
1.696,0
1.697,0
1.698,0
1.699,0
1.7,0
1.701,0
1.702,0
1.703,0
1.704,0
1.705,0
1.706,0
1.707,0
1.708,0
1.709,-0.08
1.71,0
1.711,-0.08
1.712,0
1.713,0
1.714,0
1.715,0
1.716,-0.08
1.717,0
1.718,0
1.719,0
1.72,0
1.721,0.08
1.722,0
1.723,0
1.724,0
1.725,0
1.726,-0.08
1.727,0
1.728,0
1.729,0
1.73,0
1.731,0
1.732,0
1.733,0
1.734,0
1.735,0
1.736,0
1.737,0
1.738,0
1.739,0
1.74,0
1.741,0
1.742,-0.08
1.743,0
1.744,0
1.745,-0.08
1.746,0
1.747,0
1.748,0
1.749,0
1.75,0
1.751,0
1.752,0
1.753,0
1.754,0
1.755,0
1.756,0
1.757,0
1.758,0
1.759,0
1.76,0
1.761,0
1.762,0
1.763,0
1.764,0
1.765,0
1.766,0
1.767,0
1.768,0
1.769,0
1.77,0
1.771,0
1.772,0
1.773,0
1.774,0
1.775,0
1.776,0
1.777,0
