0,2.16
0.00002,2.48
0.00004,2.76
0.00006,3
0.00008,3.28
0.0001,3.52
0.00012,3.84
0.00014,3.96
0.00016,4.16
0.00018,4.32
0.0002,4.48
0.00022,4.64
0.00024,4.84
0.00026,4.92
0.00028,5.08
0.0003,5.2
0.00032,5.36
0.00034,5.4
0.00036,5.44
0.00038,5.64
0.0004,5.72
0.00042,5.92
0.00044,5.88
0.00046,5.92
0.00048,6.04
0.0005,6.08
0.00052,6.12
0.00054,6.2
0.00056,6.28
0.00058,6.28
0.0006,6.32
0.00062,6.4
0.00064,6.4
0.00066,6.48
0.00068,6.48
0.0007,6.56
0.00072,6.52
0.00074,6.6
0.00076,6.64
0.00078,6.68
0.0008,6.68
0.00082,6.72
0.00084,6.72
0.00086,6.76
0.00088,6.76
0.0009,6.8
0.00092,6.8
0.00094,6.8
0.00096,6.84
0.00098,6.84
0.001,6.84
0.00102,6.88
0.00104,6.88
0.00106,6.92
0.00108,6.88
0.0011,6.92
0.00112,6.88
0.00114,6.88
0.00116,6.92
0.00118,6.92
0.0012,6.92
0.00122,6.96
0.00124,7
0.00126,7.04
0.00128,6.96
0.0013,7
0.00132,7
0.00134,7
0.00136,7
0.00138,7
0.0014,7
0.00142,7
0.00144,7
0.00146,7
0.00148,7
0.0015,7.04
0.00152,7
0.00154,7
0.00156,7
0.00158,7
0.0016,7
0.00162,7.04
0.00164,7
0.00166,7.04
0.00168,7.04
0.0017,7.04
0.00172,7
0.00174,7
0.00176,7
0.00178,7.04
0.0018,7
0.00182,7.08
0.00184,7
0.00186,7.04
0.00188,7.04
0.0019,7.04
0.00192,7.04
0.00194,7.04
0.00196,7.04
0.00198,7.04
0.002,7.04
0.00202,7.04
0.00204,7.04
0.00206,7.04
0.00208,7.04
0.0021,7
0.00212,7.04
0.00214,7.04
0.00216,7.08
0.00218,7
0.0022,7.04
0.00222,7
0.00224,7.04
0.00226,7.04
0.00228,7.04
0.0023,7.12
0.00232,7
0.00234,7.04
0.00236,7.04
0.00238,7.04
0.0024,7.08
0.00242,7.04
0.00244,7.08
0.00246,7.08
0.00248,7.04
0.0025,7.04
0.00252,7.04
0.00254,7.04
0.00256,7.04
0.00258,7.04
0.0026,7.04
0.00262,7.04
0.00264,7.08
0.00266,7.04
0.00268,7.16
0.0027,7.08
0.00272,7.08
0.00274,7.04
0.00276,7.04
0.00278,7.08
0.0028,7.08
0.00282,7.08
0.00284,7.04
0.00286,7.04
0.00288,7.12
0.0029,7.08
0.00292,7.04
0.00294,7.08
0.00296,7.04
0.00298,7.04
0.003,7.08
0.00302,7
0.00304,7.04
0.00306,7.04
0.00308,7.04
0.0031,7.04
0.00312,7.04
0.00314,7.04
0.00316,7.04
0.00318,7.08
0.0032,7.08
0.00322,7.04
0.00324,7.08
0.00326,7.08
0.00328,6.92
0.0033,7.04
0.00332,7.04
0.00334,7.08
0.00336,7.08
0.00338,7.04
0.0034,7.12
0.00342,7.04
0.00344,7.08
0.00346,7.08
0.00348,7.04
0.0035,7.08
0.00352,7.08
0.00354,7.08
0.00356,7.08
0.00358,7.04
0.0036,7.08
0.00362,7.04
0.00364,7.08
0.00366,7.04
0.00368,7.04
0.0037,7.08
0.00372,7
0.00374,7.04
0.00376,7.04
0.00378,7.08
0.0038,7.04
0.00382,7.08
0.00384,7.04
0.00386,7.08
0.00388,7.04
0.0039,7.04
0.00392,7.04
0.00394,7.04
0.00396,7.08
0.00398,7.04
0.004,7.08
0.00402,7.08
0.00404,7.08
0.00406,7.04
0.00408,7.08
0.0041,7.04
0.00412,7.08
0.00414,7.04
0.00416,7.08
0.00418,7.04
0.0042,7.08
0.00422,7.08
0.00424,7.08
0.00426,7.04
0.00428,7.08
0.0043,7.08
0.00432,7.08
0.00434,7.08
0.00436,7.08
0.00438,7.08
0.0044,7.08
0.00442,7.04
0.00444,7.08
0.00446,7.04
0.00448,7.08
0.0045,7.04
0.00452,7.04
0.00454,7.12
0.00456,7.08
0.00458,7.08
0.0046,7.08
0.00462,7.08
0.00464,7.08
0.00466,7.04
0.00468,7.04
0.0047,7.04
0.00472,7.04
0.00474,7.04
0.00476,7.08
0.00478,7.08
0.0048,7.04
0.00482,7.08
0.00484,7
0.00486,7.08
0.00488,7.08
0.0049,7.08
0.00492,7.12
0.00494,7.04
0.00496,7.04
0.00498,7.08
0.005,7.04
0.00502,7.08
0.00504,7.08
0.00506,7.08
0.00508,7.08
0.0051,7.08
0.00512,7.04
0.00514,7.04
0.00516,7.04
0.00518,7.08
0.0052,7.08
0.00522,7.08
0.00524,7.08
0.00526,7.04
0.00528,7.08
0.0053,7.08
0.00532,7.08
0.00534,7.08
0.00536,7.08
0.00538,7.04
0.0054,7.04
0.00542,7.12
0.00544,7.04
0.00546,7.04
0.00548,7.08
0.0055,7.08
0.00552,7.04
0.00554,7.08
0.00556,7.08
0.00558,7.08
0.0056,7.04
0.00562,7.08
0.00564,7.08
0.00566,7.08
0.00568,7.08
0.0057,7.08
0.00572,7.08
0.00574,7
0.00576,7.08
0.00578,7.08
0.0058,7.08
0.00582,7.08
0.00584,7.08
0.00586,7.08
0.00588,7.08
0.0059,7.08
0.00592,7.08
0.00594,7.08
0.00596,7.08
0.00598,7.08
0.006,7.08
0.00602,7.04
0.00604,7.04
0.00606,7.04
0.00608,7.08
0.0061,7.04
0.00612,7.12
0.00614,7.08
0.00616,7.08
0.00618,7.08
0.0062,7.08
0.00622,7.04
0.00624,7.08
0.00626,7.08
0.00628,7.08
0.0063,7.08
0.00632,7.08
0.00634,7.08
0.00636,7.08
0.00638,7.08
0.0064,7.08
0.00642,7.08
0.00644,7.08
0.00646,7.08
0.00648,7.08
0.0065,7.08
0.00652,7.12
0.00654,7.04
0.00656,7.04
0.00658,7.08
0.0066,7.08
0.00662,7.12
0.00664,7
0.00666,7.08
0.00668,7.08
0.0067,7.08
0.00672,7.08
0.00674,7.08
0.00676,7.08
0.00678,7.04
0.0068,7.08
0.00682,7.08
0.00684,7.12
0.00686,7.08
0.00688,7.12
0.0069,7.04
0.00692,7.08
0.00694,7.04
0.00696,7.08
0.00698,7.04
0.007,7.08
0.00702,7.08
0.00704,7.04
0.00706,7.08
0.00708,7.08
0.0071,7.08
0.00712,7.08
0.00714,7.04
0.00716,7.08
0.00718,7.12
0.0072,7.08
0.00722,7.08
0.00724,7.12
0.00726,7.08
0.00728,7.08
0.0073,7.16
0.00732,7.04
0.00734,7.08
0.00736,7.04
0.00738,7.08
0.0074,7.08
0.00742,7.08
0.00744,7.08
0.00746,7.08
0.00748,7.12
0.0075,7.08
0.00752,7.08
0.00754,7.08
0.00756,7.08
0.00758,7.04
0.0076,7.12
0.00762,7.04
0.00764,7.08
0.00766,7.08
0.00768,7.04
0.0077,7.08
0.00772,7.08
0.00774,7.12
0.00776,7.08
0.00778,7.12
0.0078,7.08
0.00782,7.08
0.00784,7.12
0.00786,7.08
0.00788,7.08
0.0079,7.08
0.00792,7.08
0.00794,7.08
0.00796,7.08
0.00798,7.12
0.008,7.12
0.00802,7.08
0.00804,7.08
0.00806,7.12
0.00808,7.12
0.0081,7.08
0.00812,7
0.00814,7.08
0.00816,7.08
0.00818,7.08
0.0082,7.08
0.00822,7.08
0.00824,7.08
0.00826,7.12
0.00828,7.12
0.0083,7.08
0.00832,7.08
0.00834,7.08
0.00836,7.08
0.00838,7.08
0.0084,7.04
0.00842,7.08
0.00844,7.08
0.00846,7.08
0.00848,7.04
0.0085,7.08
0.00852,7.08
0.00854,7.08
0.00856,7.12
0.00858,7.08
0.0086,7.04
0.00862,7.04
0.00864,7
0.00866,7
0.00868,7.04
0.0087,7
0.00872,7
0.00874,7
0.00876,7
0.00878,6.96
0.0088,6.96
0.00882,6.92
0.00884,6.92
0.00886,6.92
0.00888,6.96
0.0089,6.96
0.00892,6.92
0.00894,6.88
0.00896,6.92
0.00898,6.88
0.009,6.84
0.00902,6.88
0.00904,6.8
0.00906,6.88
0.00908,6.84
0.0091,6.88
0.00912,6.8
0.00914,6.8
0.00916,6.84
0.00918,6.8
0.0092,6.84
0.00922,6.76
0.00924,6.76
0.00926,6.76
0.00928,6.72
0.0093,6.76
0.00932,6.76
0.00934,6.76
0.00936,6.76
0.00938,6.72
0.0094,6.72
0.00942,6.76
0.00944,6.68
0.00946,6.72
0.00948,6.72
0.0095,6.68
0.00952,6.68
0.00954,6.64
0.00956,6.68
0.00958,6.64
0.0096,6.64
0.00962,6.64
0.00964,6.64
0.00966,6.6
0.00968,6.52
0.0097,6.68
0.00972,6.6
0.00974,6.6
0.00976,6.56
0.00978,6.56
0.0098,6.6
0.00982,6.56
0.00984,6.56
0.00986,6.56
0.00988,6.52
0.0099,6.52
0.00992,6.52
0.00994,6.52
0.00996,6.52
0.00998,6.48
0.01,6.44
0.01002,6.44
0.01004,6.44
0.01006,6.48
0.01008,6.44
0.0101,6.44
0.01012,6.4
0.01014,6.4
0.01016,6.4
0.01018,6.4
0.0102,6.4
0.01022,6.4
0.01024,6.4
0.01026,6.32
0.01028,6.36
0.0103,6.36
0.01032,6.4
0.01034,6.36
0.01036,6.36
0.01038,6.32
0.0104,6.32
0.01042,6.36
0.01044,6.32
0.01046,6.32
0.01048,6.28
0.0105,6.28
0.01052,6.24
0.01054,6.24
0.01056,6.24
0.01058,6.24
0.0106,6.24
0.01062,6.16
0.01064,6.2
0.01066,6.2
0.01068,6.16
0.0107,6.2
0.01072,6.16
0.01074,6.28
0.01076,6.16
0.01078,6.16
0.0108,6.12
0.01082,6.16
0.01084,6.12
0.01086,6.12
0.01088,6.16
0.0109,6.12
0.01092,6.12
0.01094,6.12
0.01096,6.04
0.01098,6.08
0.011,6.08
0.01102,6.04
0.01104,6.04
0.01106,6.04
0.01108,6.04
0.0111,6.04
0.01112,6
0.01114,6.04
0.01116,6
0.01118,6
0.0112,6
0.01122,5.96
0.01124,5.92
0.01126,6
0.01128,5.96
0.0113,5.96
0.01132,5.96
0.01134,5.96
0.01136,5.92
0.01138,5.92
0.0114,5.92
0.01142,5.92
0.01144,5.92
0.01146,5.92
0.01148,5.88
0.0115,5.88
0.01152,5.88
0.01154,5.88
0.01156,5.84
0.01158,5.84
0.0116,5.8
0.01162,5.8
0.01164,5.8
0.01166,5.8
0.01168,5.8
0.0117,5.8
0.01172,5.76
0.01174,5.76
0.01176,5.76
0.01178,5.76
0.0118,5.76
0.01182,5.76
0.01184,5.72
0.01186,5.72
0.01188,5.72
0.0119,5.72
0.01192,5.76
0.01194,5.72
0.01196,5.68
0.01198,5.68
0.012,5.68
0.01202,5.68
0.01204,5.68
0.01206,5.64
0.01208,5.64
0.0121,5.6
0.01212,5.64
0.01214,5.6
0.01216,5.6
0.01218,5.56
0.0122,5.56
0.01222,5.6
0.01224,5.56
0.01226,5.56
0.01228,5.56
0.0123,5.56
0.01232,5.56
0.01234,5.56
0.01236,5.56
0.01238,5.52
0.0124,5.52
0.01242,5.52
0.01244,5.48
0.01246,5.48
0.01248,5.48
0.0125,5.48
0.01252,5.48
0.01254,5.44
0.01256,5.44
0.01258,5.44
0.0126,5.44
0.01262,5.44
0.01264,5.44
0.01266,5.44
0.01268,5.4
0.0127,5.4
0.01272,5.4
0.01274,5.4
0.01276,5.4
0.01278,5.36
0.0128,5.4
0.01282,5.36
0.01284,5.36
0.01286,5.36
0.01288,5.36
0.0129,5.32
0.01292,5.32
0.01294,5.32
0.01296,5.32
0.01298,5.28
0.013,5.28
0.01302,5.28
0.01304,5.28
0.01306,5.28
0.01308,5.24
0.0131,5.24
0.01312,5.16
0.01314,5.2
0.01316,5.24
0.01318,5.2
0.0132,5.2
0.01322,5.2
0.01324,5.2
0.01326,5.2
0.01328,5.16
0.0133,5.16
0.01332,5.16
0.01334,5.16
0.01336,5.16
0.01338,5.16
0.0134,5.12
0.01342,5.08
0.01344,5.12
0.01346,5.12
0.01348,5.08
0.0135,5.08
0.01352,5.08
0.01354,5.08
0.01356,5.08
0.01358,5.08
0.0136,5.04
0.01362,5.04
0.01364,5.04
0.01366,5
0.01368,5
0.0137,5
0.01372,5
0.01374,5
0.01376,4.96
0.01378,4.96
0.0138,5.08
0.01382,4.92
0.01384,4.96
0.01386,4.96
0.01388,4.92
0.0139,4.92
0.01392,4.88
0.01394,4.92
0.01396,4.92
0.01398,4.88
0.014,4.84
0.01402,4.88
0.01404,4.88
0.01406,4.88
0.01408,4.84
0.0141,4.84
0.01412,4.84
0.01414,4.84
0.01416,4.8
0.01418,4.8
0.0142,4.8
0.01422,4.8
0.01424,4.8
0.01426,4.76
0.01428,4.76
0.0143,4.76
0.01432,4.76
0.01434,4.76
0.01436,4.72
0.01438,4.72
0.0144,4.72
0.01442,4.72
0.01444,4.72
0.01446,4.72
0.01448,4.68
0.0145,4.68
0.01452,4.68
0.01454,4.68
0.01456,4.68
0.01458,4.68
0.0146,4.64
0.01462,4.64
0.01464,4.64
0.01466,4.64
0.01468,4.64
0.0147,4.64
0.01472,4.6
0.01474,4.6
0.01476,4.6
0.01478,4.6
0.0148,4.6
0.01482,4.6
0.01484,4.56
0.01486,4.56
0.01488,4.56
0.0149,4.56
0.01492,4.56
0.01494,4.52
0.01496,4.52
0.01498,4.48
0.015,4.48
0.01502,4.48
0.01504,4.48
0.01506,4.48
0.01508,4.44
0.0151,4.44
0.01512,4.44
0.01514,4.44
0.01516,4.44
0.01518,4.44
0.0152,4.4
0.01522,4.4
0.01524,4.4
0.01526,4.4
0.01528,4.4
0.0153,4.36
0.01532,4.36
0.01534,4.36
0.01536,4.32
0.01538,4.4
0.0154,4.36
0.01542,4.32
0.01544,4.36
0.01546,4.28
0.01548,4.32
0.0155,4.28
0.01552,4.32
0.01554,4.32
0.01556,4.28
0.01558,4.28
0.0156,4.28
0.01562,4.24
0.01564,4.28
0.01566,4.24
0.01568,4.28
0.0157,4.24
0.01572,4.2
0.01574,4.2
0.01576,4.2
0.01578,4.2
0.0158,4.2
0.01582,4.16
0.01584,4.2
0.01586,4.16
0.01588,4.16
0.0159,4.16
0.01592,4.12
0.01594,4.12
0.01596,4.16
0.01598,4.12
0.016,4.12
0.01602,4.08
0.01604,4.08
0.01606,4
0.01608,4.08
0.0161,4.04
0.01612,4.04
0.01614,4.04
0.01616,4.04
0.01618,4.04
0.0162,4.04
0.01622,4.04
0.01624,4
0.01626,4
0.01628,3.96
0.0163,4.04
0.01632,4
0.01634,3.96
0.01636,4
0.01638,3.96
0.0164,3.96
0.01642,3.96
0.01644,3.92
0.01646,3.96
0.01648,3.92
0.0165,3.92
0.01652,3.92
0.01654,3.88
0.01656,3.92
0.01658,3.92
0.0166,3.88
0.01662,3.84
0.01664,3.88
0.01666,3.84
0.01668,3.84
0.0167,3.84
0.01672,3.84
0.01674,3.8
0.01676,3.88
0.01678,3.8
0.0168,3.8
0.01682,3.8
0.01684,3.8
0.01686,3.8
0.01688,3.8
0.0169,3.8
0.01692,3.76
0.01694,3.76
0.01696,3.76
0.01698,3.72
0.017,3.72
0.01702,3.72
0.01704,3.72
0.01706,3.68
0.01708,3.76
0.0171,3.68
0.01712,3.68
0.01714,3.64
0.01716,3.68
0.01718,3.68
0.0172,3.64
0.01722,3.64
0.01724,3.64
0.01726,3.64
0.01728,3.56
0.0173,3.56
0.01732,3.56
0.01734,3.6
0.01736,3.56
0.01738,3.6
0.0174,3.56
0.01742,3.56
0.01744,3.56
0.01746,3.52
0.01748,3.56
0.0175,3.52
0.01752,3.56
0.01754,3.48
0.01756,3.48
0.01758,3.48
0.0176,3.52
0.01762,3.48
0.01764,3.48
0.01766,3.48
0.01768,3.44
0.0177,3.48
0.01772,3.52
0.01774,3.68
0.01776,3.88
0.01778,4.16
0.0178,4.6
0.01782,5.12
0.01784,5.8
0.01786,6.6
0.01788,7.52
0.0179,6.28
0.01792,5.96
0.01794,6
0.01796,6.04
0.01798,6.12
0.018,6.16
0.01802,6.24
0.01804,6.28
0.01806,6.36
0.01808,6.4
0.0181,6.52
0.01812,6.44
0.01814,6.52
0.01816,6.56
0.01818,6.6
0.0182,6.6
0.01822,6.64
0.01824,6.64
0.01826,6.68
0.01828,6.72
0.0183,6.76
0.01832,6.76
0.01834,6.76
0.01836,6.8
0.01838,6.76
0.0184,6.8
0.01842,6.84
0.01844,6.84
0.01846,6.84
0.01848,6.84
0.0185,6.88
0.01852,6.84
0.01854,6.88
0.01856,6.88
0.01858,6.88
0.0186,6.92
0.01862,6.96
0.01864,6.92
0.01866,6.96
0.01868,6.96
0.0187,6.92
0.01872,6.96
0.01874,7
0.01876,6.96
0.01878,7
0.0188,6.96
0.01882,7
0.01884,6.92
0.01886,7
0.01888,7.04
0.0189,7
0.01892,7
0.01894,7
0.01896,7.04
0.01898,7
0.019,7
0.01902,7.08
0.01904,7
0.01906,7
0.01908,7
0.0191,7
0.01912,7.04
0.01914,7
0.01916,7.04
0.01918,7.04
0.0192,7.04
0.01922,7.04
0.01924,7.04
0.01926,7.16
0.01928,7.04
0.0193,7
0.01932,7
0.01934,7.04
0.01936,7
0.01938,7.08
0.0194,7.04
0.01942,7.04
0.01944,7.04
0.01946,7.04
0.01948,7
0.0195,7.04
0.01952,7.04
0.01954,7.04
0.01956,7.04
0.01958,7
0.0196,7
0.01962,7.04
0.01964,7
0.01966,7.04
0.01968,7.04
0.0197,7
0.01972,7.04
0.01974,7.04
0.01976,7.04
0.01978,7.04
0.0198,7.04
0.01982,7.04
0.01984,7.04
0.01986,7.08
0.01988,7
0.0199,7
0.01992,7.08
0.01994,7.08
0.01996,7.04
0.01998,7
0.02,7.04
0.02002,7.04
0.02004,7.08
0.02006,7
0.02008,7.04
0.0201,7.04
0.02012,7
0.02014,7.04
0.02016,7.04
0.02018,7.04
0.0202,7.04
0.02022,7.04
0.02024,7.04
0.02026,7
0.02028,7.04
0.0203,7.04
0.02032,7.04
0.02034,7.04
0.02036,7.04
0.02038,7.04
0.0204,7.08
0.02042,7.04
0.02044,7.04
0.02046,7.08
0.02048,7.04
0.0205,7
0.02052,7.04
0.02054,7.08
0.02056,7.04
0.02058,7.04
0.0206,7.04
0.02062,7.04
0.02064,7.04
0.02066,7.04
0.02068,7.04
0.0207,7.04
0.02072,7.08
0.02074,7.08
0.02076,7.04
0.02078,7.04
0.0208,7.08
0.02082,7.04
0.02084,7.04
0.02086,7
0.02088,7.04
0.0209,7
0.02092,7.12
0.02094,7
0.02096,7.08
0.02098,7.04
0.021,7
0.02102,7.04
0.02104,7.08
0.02106,7.04
0.02108,7.04
0.0211,7.04
0.02112,7.04
0.02114,7.04
0.02116,7.04
0.02118,7.08
0.0212,7.08
0.02122,7.04
0.02124,7.04
0.02126,7.08
0.02128,7.08
0.0213,7.08
0.02132,7.04
0.02134,7.12
0.02136,7.04
0.02138,7.04
0.0214,7.04
0.02142,7.04
0.02144,7.04
0.02146,7.08
0.02148,7.04
0.0215,7.04
0.02152,7.04
0.02154,7.04
0.02156,7.04
0.02158,7.04
0.0216,7.08
0.02162,7.08
0.02164,7.04
0.02166,7.04
0.02168,7.04
0.0217,7.04
0.02172,7.04
0.02174,7.08
0.02176,7.04
0.02178,7.04
0.0218,7.08
0.02182,7.04
0.02184,7.04
0.02186,7.04
0.02188,7.08
0.0219,7.04
0.02192,7.04
0.02194,7.04
0.02196,7.04
0.02198,7.08
0.022,7.08
0.02202,7.04
0.02204,7.08
0.02206,7.04
0.02208,7.04
0.0221,7.08
0.02212,7.08
0.02214,7.04
0.02216,7.04
0.02218,7.08
0.0222,7.04
0.02222,7.12
0.02224,7.08
0.02226,7.04
0.02228,7.04
0.0223,7.04
0.02232,7.04
0.02234,7.12
0.02236,7.12
0.02238,7.08
0.0224,7.04
0.02242,7.08
0.02244,7.08
0.02246,7.08
0.02248,7.04
0.0225,7
0.02252,7.04
0.02254,7.04
0.02256,7.04
0.02258,7.08
0.0226,7.04
0.02262,7.04
0.02264,7.08
0.02266,7.04
0.02268,7.08
0.0227,7.04
0.02272,7.04
0.02274,7.04
0.02276,7.04
0.02278,7.08
0.0228,7.04
0.02282,7.04
0.02284,7.04
0.02286,7.04
0.02288,7.08
0.0229,7.08
0.02292,7.04
0.02294,7.04
0.02296,7.12
0.02298,7.08
0.023,7.08
0.02302,7
0.02304,7
0.02306,7.08
0.02308,7.04
0.0231,7.08
0.02312,7.08
0.02314,7.08
0.02316,7.08
0.02318,7.08
0.0232,7.08
0.02322,7.04
0.02324,7.04
0.02326,7.04
0.02328,7.08
0.0233,7.08
0.02332,7.08
0.02334,7.08
0.02336,7.08
0.02338,7.04
0.0234,7.08
0.02342,7.12
0.02344,7.08
0.02346,7.08
0.02348,7.08
0.0235,7.08
0.02352,7.04
0.02354,7.08
0.02356,7.08
0.02358,7.08
0.0236,7.08
0.02362,7.04
0.02364,7.04
0.02366,7.08
0.02368,7.08
0.0237,7.04
0.02372,7.08
0.02374,7.04
0.02376,7.04
0.02378,7.08
0.0238,7.08
0.02382,7.08
0.02384,7.04
0.02386,7.04
0.02388,7.04
0.0239,7.04
0.02392,7.04
0.02394,7.08
0.02396,7.04
0.02398,7.04
0.024,7.12
0.02402,7.04
0.02404,7.08
0.02406,7.08
0.02408,7.08
0.0241,7.08
0.02412,7.04
0.02414,7.08
0.02416,7.04
0.02418,7.04
0.0242,7.04
0.02422,7.08
0.02424,7.04
0.02426,7.08
0.02428,7.04
0.0243,7.04
0.02432,7.08
0.02434,7.08
0.02436,7.04
0.02438,7.08
0.0244,7.04
0.02442,7.04
0.02444,7.04
0.02446,7.04
0.02448,7.08
0.0245,7.08
0.02452,7.04
0.02454,7.08
0.02456,7.04
0.02458,7.08
0.0246,7.04
0.02462,7.08
0.02464,7.08
0.02466,7.08
0.02468,7.04
0.0247,7.08
0.02472,7.08
0.02474,7.04
0.02476,7.04
0.02478,7.04
0.0248,7.08
0.02482,7.04
0.02484,7.08
0.02486,7.04
0.02488,7.08
0.0249,7.08
0.02492,7.08
0.02494,7.04
0.02496,7.04
0.02498,7.08
0.025,7.08
0.02502,7.04
0.02504,7.08
0.02506,7.08
0.02508,7.04
0.0251,7.12
0.02512,7.04
0.02514,7.08
0.02516,7.08
0.02518,7.08
0.0252,7.08
0.02522,7.08
0.02524,7.08
0.02526,7.08
0.02528,7.08
0.0253,7.08
0.02532,7.08
0.02534,7.08
0.02536,7.08
0.02538,7.08
0.0254,7.08
0.02542,7.12
0.02544,7.12
0.02546,7.08
0.02548,7.08
0.0255,7.04
0.02552,7.08
0.02554,7
0.02556,7.08
0.02558,7.08
0.0256,7.08
0.02562,7.08
0.02564,7.08
0.02566,7.08
0.02568,7.08
0.0257,7.08
0.02572,7.08
0.02574,7.04
0.02576,7.08
0.02578,7.08
0.0258,7.04
0.02582,7.08
0.02584,7.12
0.02586,7.08
0.02588,7.08
0.0259,7.08
0.02592,7.04
0.02594,7.08
0.02596,7.08
0.02598,7.08
0.026,7.04
0.02602,7.08
0.02604,7.08
0.02606,7.08
0.02608,7.08
0.0261,7.08
0.02612,7.04
0.02614,7.08
0.02616,7.08
0.02618,7.08
0.0262,7.08
0.02622,7.08
0.02624,7.12
0.02626,7.08
0.02628,7.04
0.0263,7.12
0.02632,7.08
0.02634,7.08
0.02636,7.16
0.02638,7.08
0.0264,7.08
0.02642,7.08
0.02644,7.08
0.02646,7.08
0.02648,7.04
0.0265,7.12
0.02652,7.08
0.02654,7.08
0.02656,7.12
0.02658,7.04
0.0266,7.12
0.02662,7.08
0.02664,7.12
0.02666,7.16
0.02668,7.12
0.0267,7.12
0.02672,7.08
0.02674,7.12
0.02676,7.08
0.02678,7.12
0.0268,7.08
0.02682,7.08
0.02684,7.08
0.02686,7.12
0.02688,7.08
0.0269,7.08
0.02692,7.08
0.02694,7.08
0.02696,7.12
0.02698,7.12
0.027,7.08
0.02702,7.12
0.02704,7.08
0.02706,7.08
0.02708,7.08
0.0271,7.12
0.02712,7.12
0.02714,7.08
0.02716,7.12
0.02718,7.08
0.0272,7.12
0.02722,7.08
0.02724,7.12
0.02726,7.12
0.02728,7.12
0.0273,7.12
0.02732,7.12
0.02734,7.12
0.02736,7.08
0.02738,7.12
0.0274,7.08
0.02742,7.12
0.02744,7.08
0.02746,7.12
0.02748,7.08
0.0275,7.12
0.02752,7.12
0.02754,7.12
0.02756,7.08
0.02758,7.12
0.0276,7.08
0.02762,7.08
0.02764,7.08
0.02766,7.12
0.02768,7.12
0.0277,7.08
0.02772,7.08
0.02774,7.08
0.02776,7.08
0.02778,7.08
0.0278,7.08
0.02782,7.08
0.02784,7.12
0.02786,7.08
0.02788,7.12
0.0279,7.08
0.02792,7.04
0.02794,7.08
0.02796,7.12
0.02798,7.08
0.028,7.08
0.02802,7.12
0.02804,7.08
0.02806,7.12
0.02808,7.08
0.0281,7.12
0.02812,7.08
0.02814,7.08
0.02816,7.12
0.02818,7.12
0.0282,7.12
0.02822,7.12
0.02824,7.12
0.02826,7.08
0.02828,7.12
0.0283,7.12
0.02832,7.12
0.02834,7.08
0.02836,7.12
0.02838,7.08
0.0284,7.12
0.02842,7.08
0.02844,7.08
0.02846,7.08
0.02848,7.12
0.0285,7.12
0.02852,7.08
0.02854,7.08
0.02856,7.08
0.02858,7.12
0.0286,7.12
0.02862,7.12
0.02864,7.08
0.02866,7.12
0.02868,7.12
0.0287,7.08
0.02872,7.04
0.02874,7.12
0.02876,7.08
0.02878,7.08
0.0288,7.08
0.02882,7.08
0.02884,7.08
0.02886,7.12
0.02888,7.08
0.0289,7.12
0.02892,7.12
0.02894,7.08
0.02896,7.08
0.02898,7.08
0.029,7.12
0.02902,7.08
0.02904,7.04
0.02906,7.12
0.02908,7.08
0.0291,7.12
0.02912,7.08
0.02914,7.08
0.02916,7.12
0.02918,7.08
0.0292,7.08
0.02922,7.08
0.02924,7.12
0.02926,7.12
0.02928,7.12
0.0293,7.08
0.02932,7.04
0.02934,7.04
0.02936,7.08
0.02938,7.08
0.0294,7.12
0.02942,7.12
0.02944,7.08
0.02946,7.08
0.02948,7.08
0.0295,7.12
0.02952,7.12
0.02954,7.08
0.02956,7.08
0.02958,7.08
0.0296,7.12
0.02962,7.08
0.02964,7.08
0.02966,7.12
0.02968,7.12
0.0297,7.12
0.02972,7.08
0.02974,7.08
0.02976,7.12
0.02978,7.12
0.0298,7.12
0.02982,7.08
0.02984,7.08
0.02986,7.08
0.02988,7.12
0.0299,7.12
0.02992,7.12
0.02994,7.08
0.02996,7.08
0.02998,7.08
0.03,7.08
0.03002,7.12
0.03004,7.08
0.03006,7.08
0.03008,7.08
0.0301,7.08
0.03012,7.12
0.03014,7.12
0.03016,7.12
0.03018,7.12
0.0302,7.12
0.03022,7.08
0.03024,7.08
0.03026,7.08
0.03028,7.08
0.0303,7.12
0.03032,7.08
0.03034,7.12
0.03036,7.04
0.03038,7.08
0.0304,7.08
0.03042,7.08
0.03044,7.08
0.03046,7.08
0.03048,7.12
0.0305,7.12
0.03052,7.08
0.03054,7.08
0.03056,7.12
0.03058,7.04
0.0306,7.08
0.03062,7.08
0.03064,7.08
0.03066,7.08
0.03068,7.08
0.0307,7.08
0.03072,7.08
0.03074,7.12
0.03076,7.08
0.03078,7.08
0.0308,7.04
0.03082,7.12
0.03084,7.08
0.03086,7.08
0.03088,7.12
0.0309,7.12
