#Digilent WaveForms Oscilloscope Acquisition,
#Device Name: Discovery2,
#Serial Number: SN:210321A364DA,
#Date Time: 2017-03-28 09:29::48.391,
,
Time (s),Channel 1 (V)
0,-2.540737434
0.0015625,-0.503139375
0.003125,1.833355
0.0046875,2.682657947
0.00625,2.828461029
0.0078125,3.152872884
0.009375,2.945103493
0.0109375,2.631626869
0.0125,2.595176099
0.0140625,2.587885945
0.015625,2.522274558
0.0171875,2.558725328
0.01875,2.566015483
0.0203125,2.547790097
0.021875,2.533209789
0.0234375,2.54414502
0.025,2.551435174
0.0265625,2.806590566
0.028125,3.061745958
0.0296875,2.719108718
0.03125,2.580595791
0.0328125,2.562370405
0.034375,2.482178711
0.0359375,2.562370405
0.0375,2.551435174
0.0390625,2.555080251
0.040625,2.529564712
0.0421875,2.522274558
0.04375,2.536854866
0.0453125,2.496759019
0.046875,2.897717492
0.0484375,3.043520573
0.05,2.60611133
0.0515625,2.54414502
0.053125,2.536854866
0.0546875,2.449373018
0.05625,2.551435174
0.0578125,2.514984404
0.059375,2.529564712
0.0609375,2.529564712
0.0625,2.525919635
0.0640625,2.522274558
0.065625,2.496759019
0.0671875,2.999779649
0.06875,2.985199341
0.0703125,2.518629481
0.071875,2.54414502
0.0734375,2.533209789
0.075,2.449373018
0.0765625,2.540499943
0.078125,2.504049173
0.0796875,2.522274558
0.08125,2.504049173
0.0828125,2.500404096
0.084375,2.514984404
0.0859375,2.573305637
0.0875,3.04716565
0.0890625,2.897717492
0.090625,2.533209789
0.0921875,2.54414502
0.09375,2.54414502
0.0953125,2.463953326
0.096875,2.536854866
0.0984375,2.500404096
0.1,2.518629481
0.1015625,2.504049173
0.103125,2.493113942
0.1046875,2.514984404
0.10625,2.675367793
0.1078125,3.036230419
0.109375,2.784720104
0.1109375,2.500404096
0.1125,2.533209789
0.1140625,2.511339327
0.115625,2.485823788
0.1171875,2.525919635
0.11875,2.504049173
0.1203125,2.514984404
0.121875,2.504049173
0.1234375,2.493113942
0.125,2.514984404
0.1265625,2.759204565
0.128125,3.025295188
0.1296875,2.671722716
0.13125,2.493113942
0.1328125,2.533209789
0.134375,2.434792709
0.1359375,2.511339327
0.1375,2.533209789
0.1390625,2.504049173
0.140625,2.511339327
0.1421875,2.511339327
0.14375,2.493113942
0.1453125,2.511339327
0.146875,2.897717492
0.1484375,3.028940265
0.15,2.562370405
0.1515625,2.493113942
0.153125,2.522274558
0.1546875,2.431147632
0.15625,2.529564712
0.1578125,2.525919635
0.159375,2.496759019
0.1609375,2.511339327
0.1625,2.511339327
0.1640625,2.489468865
0.165625,2.514984404
0.1671875,2.988844418
0.16875,2.952393647
0.1703125,2.511339327
0.171875,2.493113942
0.1734375,2.518629481
0.175,2.423857478
0.1765625,2.522274558
0.178125,2.514984404
0.1796875,2.485823788
0.18125,2.504049173
0.1828125,2.504049173
0.184375,2.482178711
0.1859375,2.580595791
0.1875,3.025295188
0.1890625,2.850331491
0.190625,2.518629481
0.1921875,2.493113942
0.19375,2.514984404
0.1953125,2.438437787
0.196875,2.522274558
0.1984375,2.511339327
0.2,2.493113942
0.2015625,2.500404096
0.203125,2.500404096
0.2046875,2.485823788
0.20625,2.686303024
0.2078125,3.028940265
0.209375,2.770139796
0.2109375,2.518629481
0.2125,2.493113942
0.2140625,2.482178711
0.215625,2.482178711
0.2171875,2.518629481
0.21875,2.518629481
0.2203125,2.500404096
0.221875,2.496759019
0.2234375,2.514984404
0.225,2.511339327
0.2265625,2.799300412
0.228125,3.014359957
0.2296875,2.635271946
0.23125,2.511339327
0.2328125,2.522274558
0.234375,2.449373018
0.2359375,2.511339327
0.2375,2.493113942
0.2390625,2.518629481
0.240625,2.496759019
0.2421875,2.496759019
0.24375,2.514984404
0.2453125,2.485823788
0.246875,2.908652723
0.2484375,3.007069803
0.25,2.529564712
0.2515625,2.511339327
0.253125,2.500404096
0.2546875,2.412922247
0.25625,2.511339327
0.2578125,2.489468865
0.259375,2.511339327
0.2609375,2.50769425
0.2625,2.514984404
0.2640625,2.511339327
0.265625,2.50769425
0.2671875,3.021650111
0.26875,2.956038725
0.2703125,2.504049173
0.271875,2.514984404
0.2734375,2.518629481
0.275,2.423857478
0.2765625,2.514984404
0.278125,2.485823788
0.2796875,2.504049173
0.28125,2.496759019
0.2828125,2.489468865
0.284375,2.504049173
0.2859375,2.573305637
0.2875,3.028940265
0.2890625,2.843041337
0.290625,2.489468865
0.2921875,2.518629481
0.29375,2.511339327
0.2953125,2.434792709
0.296875,2.514984404
0.2984375,2.50769425
0.3,2.511339327
0.3015625,2.496759019
0.303125,2.482178711
0.3046875,2.50769425
0.30625,2.67901287
0.3078125,3.007069803
0.309375,2.74097918
0.3109375,2.489468865
0.3125,2.514984404
0.3140625,2.456663172
0.315625,2.47124348
0.3171875,2.514984404
0.31875,2.514984404
0.3203125,2.514984404
0.321875,2.496759019
0.3234375,2.485823788
0.325,2.511339327
0.3265625,2.788365181
0.328125,3.01071488
0.3296875,2.638917023
0.33125,2.511339327
0.3328125,2.518629481
0.334375,2.423857478
0.3359375,2.504049173
0.3375,2.518629481
0.3390625,2.518629481
0.340625,2.514984404
0.3421875,2.504049173
0.34375,2.489468865
0.3453125,2.511339327
0.346875,2.926878108
0.3484375,3.018005034
0.35,2.540499943
0.3515625,2.50769425
0.353125,2.522274558
0.3546875,2.427502555
0.35625,2.518629481
0.3578125,2.518629481
0.359375,2.518629481
0.3609375,2.514984404
0.3625,2.514984404
0.3640625,2.514984404
0.365625,2.511339327
0.3671875,3.032585342
0.36875,2.937813339
0.3703125,2.504049173
0.371875,2.514984404
0.3734375,2.518629481
0.375,2.434792709
0.3765625,2.518629481
0.378125,2.514984404
0.3796875,2.511339327
0.38125,2.514984404
0.3828125,2.511339327
0.384375,2.50769425
0.3859375,2.613401484
0.3875,3.032585342
0.3890625,2.824815951
0.390625,2.504049173
0.3921875,2.511339327
0.39375,2.50769425
0.3953125,2.438437787
0.396875,2.514984404
0.3984375,2.511339327
0.4,2.511339327
0.4015625,2.514984404
0.403125,2.50769425
0.4046875,2.511339327
0.40625,2.722753795
0.4078125,3.025295188
0.409375,2.722753795
0.4109375,2.50769425
0.4125,2.50769425
0.4140625,2.449373018
0.415625,2.489468865
0.4171875,2.511339327
0.41875,2.482178711
0.4203125,2.504049173
0.421875,2.496759019
0.4234375,2.482178711
0.425,2.50769425
0.4265625,2.810235643
0.428125,3.003424726
0.4296875,2.620691638
0.43125,2.50769425
0.4328125,2.511339327
0.434375,2.416567324
0.4359375,2.496759019
0.4375,2.50769425
0.4390625,2.485823788
0.440625,2.496759019
0.4421875,2.504049173
0.44375,2.50769425
0.4453125,2.50769425
0.446875,2.915942877
0.4484375,2.985199341
0.45,2.518629481
0.4515625,2.478533634
0.453125,2.511339327
0.4546875,2.405632093
0.45625,2.489468865
0.4578125,2.511339327
0.459375,2.485823788
0.4609375,2.493113942
0.4625,2.500404096
0.4640625,2.478533634
0.465625,2.514984404
0.4671875,3.01071488
0.46875,2.894072415
0.4703125,2.496759019
0.471875,2.50769425
0.4734375,2.514984404
0.475,2.416567324
0.4765625,2.511339327
0.478125,2.50769425
0.4796875,2.504049173
0.48125,2.504049173
0.4828125,2.50769425
0.484375,2.500404096
0.4859375,2.617046561
0.4875,3.028940265
0.4890625,2.806590566
0.490625,2.504049173
0.4921875,2.50769425
0.49375,2.482178711
0.4953125,2.427502555
0.496875,2.511339327
0.4984375,2.504049173
0.5,2.504049173
0.5015625,2.504049173
0.503125,2.500404096
0.5046875,2.500404096
0.50625,2.733689026
0.5078125,3.021650111
0.509375,2.70452841
0.5109375,2.504049173
0.5125,2.511339327
0.5140625,2.423857478
0.515625,2.482178711
0.5171875,2.511339327
0.51875,2.504049173
0.5203125,2.511339327
0.521875,2.496759019
0.5234375,2.482178711
0.525,2.50769425
0.5265625,2.821170874
0.528125,2.999779649
0.5296875,2.595176099
0.53125,2.482178711
0.5328125,2.504049173
0.534375,2.416567324
0.5359375,2.496759019
0.5375,2.50769425
0.5390625,2.511339327
0.540625,2.511339327
0.5421875,2.504049173
0.54375,2.50769425
0.5453125,2.50769425
0.546875,2.952393647
0.5484375,2.996134572
0.55,2.518629481
0.5515625,2.504049173
0.553125,2.514984404
0.5546875,2.431147632
0.55625,2.511339327
0.5578125,2.511339327
0.559375,2.50769425
0.5609375,2.489468865
0.5625,2.489468865
0.5640625,2.50769425
0.565625,2.504049173
0.5671875,3.028940265
0.56875,2.890427338
0.5703125,2.474888557
0.571875,2.50769425
0.5734375,2.493113942
0.575,2.40927717
0.5765625,2.511339327
0.578125,2.50769425
0.5796875,2.504049173
0.58125,2.493113942
0.5828125,2.485823788
0.584375,2.500404096
0.5859375,2.638917023
0.5875,3.028940265
0.5890625,2.784720104
0.590625,2.474888557
0.5921875,2.50769425
0.59375,2.474888557
0.5953125,2.420212401
0.596875,2.50769425
0.5984375,2.478533634
0.6,2.496759019
0.6015625,2.493113942
0.603125,2.478533634
0.6046875,2.500404096
0.60625,2.726398872
0.6078125,3.003424726
0.609375,2.682657947
0.6109375,2.478533634
0.6125,2.50769425
0.6140625,2.423857478
0.615625,2.504049173
0.6171875,2.50769425
0.61875,2.500404096
0.6203125,2.50769425
0.621875,2.504049173
0.6234375,2.500404096
0.625,2.504049173
0.6265625,2.861266722
0.628125,2.996134572
0.6296875,2.562370405
0.63125,2.504049173
0.6328125,2.485823788
0.634375,2.405632093
0.6359375,2.50769425
0.6375,2.478533634
0.6390625,2.50769425
0.640625,2.489468865
0.6421875,2.482178711
0.64375,2.504049173
0.6453125,2.474888557
0.646875,2.959683802
0.6484375,2.977909187
0.65,2.50769425
0.6515625,2.500404096
0.653125,2.511339327
0.6546875,2.420212401
0.65625,2.504049173
0.6578125,2.482178711
0.659375,2.504049173
0.6609375,2.482178711
0.6625,2.485823788
0.6640625,2.500404096
0.665625,2.540499943
0.6671875,3.028940265
0.66875,2.87584703
0.6703125,2.493113942
0.671875,2.504049173
0.6734375,2.511339327
0.675,2.431147632
0.6765625,2.504049173
0.678125,2.478533634
0.6796875,2.496759019
0.68125,2.489468865
0.6828125,2.482178711
0.684375,2.496759019
0.6859375,2.653497331
0.6875,3.025295188
0.6890625,2.770139796
0.690625,2.500404096
0.6921875,2.50769425
0.69375,2.485823788
0.6953125,2.453018095
0.696875,2.50769425
0.6984375,2.504049173
0.7,2.504049173
0.7015625,2.504049173
0.703125,2.500404096
0.7046875,2.500404096
0.70625,2.770139796
0.7078125,2.999779649
0.709375,2.646207177
0.7109375,2.504049173
0.7125,2.485823788
0.7140625,2.420212401
0.715625,2.50769425
0.7171875,2.50769425
0.71875,2.504049173
0.7203125,2.489468865
0.721875,2.489468865
0.7234375,2.500404096
0.725,2.478533634
0.7265625,2.87584703
0.728125,3.01071488
0.7296875,2.566015483
0.73125,2.504049173
0.7328125,2.50769425
0.734375,2.420212401
0.7359375,2.514984404
0.7375,2.504049173
0.7390625,2.511339327
0.740625,2.489468865
0.7421875,2.485823788
0.74375,2.50769425
0.7453125,2.478533634
0.746875,2.97426411
0.7484375,2.966973956
0.75,2.504049173
0.7515625,2.504049173
0.753125,2.514984404
0.7546875,2.427502555
0.75625,2.50769425
0.7578125,2.50769425
0.759375,2.50769425
0.7609375,2.500404096
0.7625,2.504049173
0.7640625,2.504049173
0.765625,2.558725328
0.7671875,3.032585342
0.76875,2.861266722
0.7703125,2.496759019
0.771875,2.504049173
0.7734375,2.493113942
0.775,2.40927717
0.7765625,2.511339327
0.778125,2.50769425
0.7796875,2.500404096
0.78125,2.504049173
0.7828125,2.504049173
0.784375,2.500404096
0.7859375,2.675367793
0.7875,3.021650111
0.7890625,2.751914411
0.790625,2.500404096
0.7921875,2.50769425
0.79375,2.463953326
0.7953125,2.445727941
0.796875,2.485823788
0.7984375,2.504049173
0.8,2.482178711
0.8015625,2.489468865
0.803125,2.496759019
0.8046875,2.474888557
0.80625,2.781075027
0.8078125,2.999779649
0.809375,2.627981792
0.8109375,2.504049173
0.8125,2.485823788
0.8140625,2.40927717
0.815625,2.500404096
0.8171875,2.482178711
0.81875,2.500404096
0.8203125,2.485823788
0.821875,2.489468865
0.8234375,2.500404096
0.825,2.504049173
0.8265625,2.897717492
0.828125,2.992489495
0.8296875,2.529564712
0.83125,2.50769425
0.8328125,2.485823788
0.834375,2.420212401
0.8359375,2.50769425
0.8375,2.478533634
0.8390625,2.50769425
0.840625,2.50769425
0.8421875,2.504049173
0.84375,2.50769425
0.8453125,2.478533634
0.846875,2.996134572
0.8484375,2.941458416
0.85,2.478533634
0.8515625,2.504049173
0.853125,2.493113942
0.8546875,2.423857478
0.85625,2.504049173
0.8578125,2.482178711
0.859375,2.504049173
0.8609375,2.485823788
0.8625,2.485823788
0.8640625,2.504049173
0.865625,2.551435174
0.8671875,3.021650111
0.86875,2.83939626
0.8703125,2.474888557
0.871875,2.50769425
0.8734375,2.50769425
0.875,2.423857478
0.8765625,2.50769425
0.878125,2.50769425
0.8796875,2.504049173
0.88125,2.504049173
0.8828125,2.504049173
0.884375,2.500404096
0.8859375,2.689948101
0.8875,3.021650111
0.8890625,2.74097918
0.890625,2.500404096
0.8921875,2.50769425
0.89375,2.460308249
0.8953125,2.47124348
0.896875,2.50769425
0.8984375,2.504049173
0.9,2.482178711
0.9015625,2.489468865
0.903125,2.496759019
0.9046875,2.47124348
0.90625,2.795655335
0.9078125,3.01071488
0.909375,2.627981792
0.9109375,2.496759019
0.9125,2.478533634
0.9140625,2.394696862
0.915625,2.496759019
0.9171875,2.474888557
0.91875,2.493113942
0.9203125,2.482178711
0.921875,2.482178711
0.9234375,2.493113942
0.925,2.47124348
0.9265625,2.905007646
0.928125,2.999779649
0.9296875,2.536854866
0.93125,2.50769425
0.9328125,2.511339327
0.934375,2.420212401
0.9359375,2.511339327
0.9375,2.482178711
0.9390625,2.50769425
0.940625,2.493113942
0.9421875,2.485823788
0.94375,2.504049173
0.9453125,2.478533634
0.946875,3.007069803
0.9484375,2.923233031
0.95,2.478533634
0.9515625,2.500404096
0.953125,2.493113942
0.9546875,2.405632093
0.95625,2.500404096
0.9578125,2.478533634
0.959375,2.500404096
0.9609375,2.485823788
0.9625,2.482178711
0.9640625,2.500404096
0.965625,2.566015483
0.9671875,3.018005034
0.96875,2.817525797
0.9703125,2.47124348
0.971875,2.504049173
0.9734375,2.489468865
0.975,2.416567324
0.9765625,2.504049173
0.978125,2.478533634
0.9796875,2.496759019
0.98125,2.489468865
0.9828125,2.478533634
0.984375,2.496759019
0.9859375,2.67901287
0.9875,3.003424726
0.9890625,2.719108718
0.990625,2.493113942
0.9921875,2.504049173
0.99375,2.453018095
0.9953125,2.474888557
0.996875,2.504049173
0.9984375,2.500404096
1,2.496759019
1.0015625,2.504049173
1.003125,2.489468865
1.0046875,-1.297766167
1.00625,-2.617284051
1.0078125,-3.204141453
1.009375,-2.784957595
1.0109375,-2.675605284
1.0125,-2.646444668
1.0140625,-2.53344728
1.015625,-2.657379899
1.0171875,-2.624574205
1.01875,-2.635509437
1.0203125,-2.635509437
1.021875,-2.617284051
1.0234375,-2.63186436
1.025,-2.613638974
1.0265625,-3.043758064
1.028125,-3.091144065
1.0296875,-2.609993897
1.03125,-2.595413589
1.0328125,-2.558962819
1.034375,-2.460545739
1.0359375,-2.577188204
1.0375,-2.548027588
1.0390625,-2.56989805
1.040625,-2.558962819
1.0421875,-2.548027588
1.04375,-2.573543127
1.0453125,-2.562607896
1.046875,-3.054693295
1.0484375,-2.970856523
1.05,-2.537092357
1.0515625,-2.548027588
1.053125,-2.529802203
1.0546875,-2.420449892
1.05625,-2.540737434
1.0578125,-2.548027588
1.059375,-2.551672665
1.0609375,-2.544382511
1.0625,-2.551672665
1.0640625,-2.548027588
1.065625,-2.661024976
1.0671875,-3.047403141
1.06875,-2.857859135
1.0703125,-2.540737434
1.071875,-2.537092357
1.0734375,-2.522512049
1.075,-2.431385123
1.0765625,-2.537092357
1.078125,-2.540737434
1.0796875,-2.518866972
1.08125,-2.518866972
1.0828125,-2.537092357
1.084375,-2.511576818
1.0859375,-2.748506824
1.0875,-3.018242524
1.0890625,-2.715701131
1.090625,-2.526157126
1.0921875,-2.504286664
1.09375,-2.424094969
1.0953125,-2.493351432
1.096875,-2.504286664
1.0984375,-2.526157126
1.1,-2.511576818
1.1015625,-2.518866972
1.103125,-2.53344728
1.1046875,-2.504286664
1.10625,-2.850568981
1.1078125,-3.01095237
1.109375,-2.60634882
1.1109375,-2.529802203
1.1125,-2.504286664
1.1140625,-2.39857943
1.115625,-2.518866972
1.1171875,-2.500641586
1.11875,-2.515221895
1.1203125,-2.511576818
1.121875,-2.507931741
1.1234375,-2.522512049
1.125,-2.504286664
1.1265625,-2.941695907
1.128125,-2.989081908
1.1296875,-2.522512049
1.13125,-2.522512049
1.1328125,-2.493351432
1.134375,-2.409514661
1.1359375,-2.515221895
1.1375,-2.493351432
1.1390625,-2.518866972
1.140625,-2.511576818
1.1421875,-2.496996509
1.14375,-2.522512049
1.1453125,-2.529802203
1.146875,-3.003662216
1.1484375,-2.908890214
1.15,-2.500641586
1.1515625,-2.515221895
1.153125,-2.493351432
1.1546875,-2.409514661
1.15625,-2.507931741
1.1578125,-2.489706355
1.159375,-2.507931741
1.1609375,-2.500641586
1.1625,-2.489706355
1.1640625,-2.515221895
1.165625,-2.620929128
1.1671875,-2.989081908
1.16875,-2.80318298
1.1703125,-2.489706355
1.171875,-2.504286664
1.1734375,-2.475126047
1.175,-2.409514661
1.1765625,-2.507931741
1.178125,-2.489706355
1.1796875,-2.500641586
1.18125,-2.500641586
1.1828125,-2.489706355
1.184375,-2.511576818
1.1859375,-2.722991285
1.1875,-2.985436831
1.1890625,-2.701120823
1.190625,-2.482416201
1.1921875,-2.500641586
1.19375,-2.413159738
1.1953125,-2.486061278
1.196875,-2.507931741
1.1984375,-2.511576818
1.2,-2.507931741
1.2015625,-2.511576818
1.203125,-2.511576818
1.2046875,-2.507931741
1.20625,-2.846923904
1.2078125,-2.996372062
1.209375,-2.595413589
1.2109375,-2.507931741
1.2125,-2.500641586
1.2140625,-2.394934353
1.215625,-2.500641586
1.2171875,-2.504286664
1.21875,-2.500641586
1.2203125,-2.493351432
1.221875,-2.489706355
1.2234375,-2.504286664
1.225,-2.486061278
1.2265625,-2.934405753
1.228125,-2.952631138
1.2296875,-2.493351432
1.23125,-2.504286664
1.2328125,-2.475126047
1.234375,-2.383999122
1.2359375,-2.496996509
1.2375,-2.475126047
1.2390625,-2.500641586
1.240625,-2.493351432
1.2421875,-2.482416201
1.24375,-2.504286664
1.2453125,-2.529802203
1.246875,-2.981791754
1.2484375,-2.87608452
1.25,-2.482416201
1.2515625,-2.500641586
1.253125,-2.482416201
1.2546875,-2.383999122
1.25625,-2.496996509
1.2578125,-2.478771124
1.259375,-2.500641586
1.2609375,-2.493351432
1.2625,-2.482416201
1.2640625,-2.507931741
1.265625,-2.63186436
1.2671875,-2.981791754
1.26875,-2.777667441
1.2703125,-2.482416201
1.271875,-2.496996509
1.2734375,-2.456900662
1.275,-2.409514661
1.2765625,-2.496996509
1.278125,-2.482416201
1.2796875,-2.493351432
1.28125,-2.489706355
1.2828125,-2.482416201
1.284375,-2.500641586
1.2859375,-2.726636362
1.2875,-2.970856523
1.2890625,-2.66831513
1.290625,-2.47148097
1.2921875,-2.489706355
1.29375,-2.391289276
1.2953125,-2.460545739
1.296875,-2.496996509
1.2984375,-2.475126047
1.3,-2.486061278
1.3015625,-2.493351432
1.303125,-2.475126047
1.3046875,-2.496996509
1.30625,-2.832343596
1.3078125,-2.967211446
1.309375,-2.56989805
1.3109375,-2.478771124
1.3125,-2.489706355
1.3140625,-2.380354045
1.315625,-2.475126047
1.3171875,-2.500641586
1.31875,-2.475126047
1.3203125,-2.489706355
1.321875,-2.493351432
1.3234375,-2.47148097
1.325,-2.500641586
1.3265625,-2.93805083
1.328125,-2.927115599
1.3296875,-2.507931741
1.33125,-2.475126047
1.3328125,-2.482416201
1.334375,-2.380354045
1.3359375,-2.475126047
1.3375,-2.496996509
1.3390625,-2.482416201
1.340625,-2.489706355
1.3421875,-2.493351432
1.34375,-2.478771124
1.3453125,-2.562607896
1.346875,-2.970856523
1.3484375,-2.835988673
1.35,-2.504286664
1.3515625,-2.475126047
1.353125,-2.482416201
1.3546875,-2.394934353
1.35625,-2.493351432
1.3578125,-2.496996509
1.359375,-2.500641586
1.3609375,-2.496996509
1.3625,-2.496996509
1.3640625,-2.500641586
1.365625,-2.661024976
1.3671875,-2.981791754
1.36875,-2.759442055
1.3703125,-2.496996509
1.371875,-2.489706355
1.3734375,-2.445965431
1.375,-2.424094969
1.3765625,-2.489706355
1.378125,-2.496996509
1.3796875,-2.496996509
1.38125,-2.493351432
1.3828125,-2.496996509
1.384375,-2.496996509
1.3859375,-2.755796978
1.3875,-2.985436831
1.3890625,-2.650089745
1.390625,-2.467835893
1.3921875,-2.489706355
1.39375,-2.376708968
1.3953125,-2.460545739
1.396875,-2.496996509
1.3984375,-2.475126047
1.4,-2.482416201
1.4015625,-2.489706355
1.403125,-2.47148097
1.4046875,-2.489706355
1.40625,-2.843278827
1.4078125,-2.959921292
1.409375,-2.548027588
1.4109375,-2.47148097
1.4125,-2.482416201
1.4140625,-2.365773736
1.415625,-2.467835893
1.4171875,-2.493351432
1.41875,-2.467835893
1.4203125,-2.482416201
1.421875,-2.486061278
1.4234375,-2.467835893
1.425,-2.493351432
1.4265625,-2.93805083
1.428125,-2.908890214
1.4296875,-2.496996509
1.43125,-2.467835893
1.4328125,-2.475126047
1.434375,-2.373063891
1.4359375,-2.467835893
1.4375,-2.489706355
1.4390625,-2.47148097
1.440625,-2.482416201
1.4421875,-2.486061278
1.44375,-2.467835893
1.4453125,-2.566252973
1.446875,-2.963566369
1.4484375,-2.814118211
1.45,-2.496996509
1.4515625,-2.467835893
1.453125,-2.467835893
1.4546875,-2.387644199
1.45625,-2.464190816
1.4578125,-2.486061278
1.459375,-2.475126047
1.4609375,-2.478771124
1.4625,-2.486061278
1.4640625,-2.467835893
1.465625,-2.661024976
1.4671875,-2.956276215
1.46875,-2.715701131
1.4703125,-2.493351432
1.471875,-2.460545739
1.4734375,-2.427740046
1.475,-2.424094969
1.4765625,-2.456900662
1.478125,-2.489706355
1.4796875,-2.475126047
1.48125,-2.467835893
1.4828125,-2.489706355
1.484375,-2.467835893
1.4859375,-2.759442055
1.4875,-2.963566369
1.4890625,-2.609993897
1.490625,-2.486061278
1.4921875,-2.467835893
1.49375,-2.383999122
1.4953125,-2.47148097
1.496875,-2.464190816
1.4984375,-2.486061278
1.5,-2.47148097
1.5015625,-2.475126047
1.503125,-2.489706355
1.5046875,-2.464190816
1.50625,-2.861504212
1.5078125,-2.959921292
1.509375,-2.511576818
1.5109375,-2.489706355
1.5125,-2.464190816
1.5140625,-2.365773736
1.515625,-2.478771124
1.5171875,-2.464190816
1.51875,-2.478771124
1.5203125,-2.475126047
1.521875,-2.47148097
1.5234375,-2.486061278
1.525,-2.47148097
1.5265625,-2.956276215
1.528125,-2.90160006
1.5296875,-2.464190816
1.53125,-2.486061278
1.5328125,-2.460545739
1.534375,-2.365773736
1.5359375,-2.478771124
1.5375,-2.460545739
1.5390625,-2.478771124
1.540625,-2.475126047
1.5421875,-2.467835893
1.54375,-2.482416201
1.5453125,-2.558962819
1.546875,-2.959921292
1.5484375,-2.806828057
1.55,-2.464190816
1.5515625,-2.482416201
1.553125,-2.456900662
1.5546875,-2.369418813
1.55625,-2.482416201
1.5578125,-2.456900662
1.559375,-2.478771124
1.5609375,-2.475126047
1.5625,-2.460545739
1.5640625,-2.489706355
1.565625,-2.682895438
1.5671875,-2.967211446
1.56875,-2.719346208
1.5703125,-2.489706355
1.571875,-2.478771124
1.5734375,-2.420449892
1.575,-2.442320354
1.5765625,-2.478771124
1.578125,-2.486061278
1.5796875,-2.486061278
1.58125,-2.482416201
1.5828125,-2.489706355
1.584375,-2.486061278
1.5859375,-2.774022364
1.5875,-2.970856523
1.5890625,-2.613638974
1.590625,-2.482416201
1.5921875,-2.478771124
1.59375,-2.394934353
1.5953125,-2.47148097
1.596875,-2.482416201
1.5984375,-2.482416201
1.6,-2.478771124
1.6015625,-2.482416201
1.603125,-2.486061278
1.6046875,-2.482416201
1.60625,-2.879729597
1.6078125,-2.959921292
1.609375,-2.515221895
1.6109375,-2.482416201
1.6125,-2.460545739
1.6140625,-2.376708968
1.615625,-2.47148097
1.6171875,-2.456900662
1.61875,-2.475126047
1.6203125,-2.467835893
1.621875,-2.464190816
1.6234375,-2.482416201
1.625,-2.467835893
1.6265625,-2.956276215
1.628125,-2.887019751
1.6296875,-2.456900662
1.63125,-2.482416201
1.6328125,-2.460545739
1.634375,-2.376708968
1.6359375,-2.475126047
1.6375,-2.456900662
1.6390625,-2.47148097
1.640625,-2.47148097
1.6421875,-2.460545739
1.64375,-2.478771124
1.6453125,-2.56989805
1.646875,-2.952631138
1.6484375,-2.784957595
1.65,-2.460545739
1.6515625,-2.475126047
1.653125,-2.445965431
1.6546875,-2.380354045
1.65625,-2.478771124
1.6578125,-2.453255585
1.659375,-2.475126047
1.6609375,-2.47148097
1.6625,-2.453255585
1.6640625,-2.482416201
1.665625,-2.66831513
1.6671875,-2.941695907
1.66875,-2.693830669
1.6703125,-2.456900662
1.671875,-2.467835893
1.6734375,-2.391289276
1.675,-2.431385123
1.6765625,-2.475126047
1.678125,-2.456900662
1.6796875,-2.47148097
1.68125,-2.467835893
1.6828125,-2.456900662
1.684375,-2.482416201
1.6859375,-2.76673221
1.6875,-2.945340984
1.6890625,-2.591768512
1.690625,-2.449610508
1.6921875,-2.467835893
1.69375,-2.365773736
1.6953125,-2.449610508
1.696875,-2.478771124
1.6984375,-2.456900662
1.7,-2.467835893
1.7015625,-2.47148097
1.703125,-2.456900662
1.7046875,-2.478771124
1.70625,-2.868794366
1.7078125,-2.930760676
1.709375,-2.504286664
1.7109375,-2.453255585
1.7125,-2.467835893
1.7140625,-2.351193428
1.715625,-2.449610508
1.7171875,-2.478771124
1.71875,-2.456900662
1.7203125,-2.464190816
1.721875,-2.475126047
1.7234375,-2.453255585
1.725,-2.496996509
1.7265625,-2.952631138
1.728125,-2.854214058
1.7296875,-2.478771124
1.73125,-2.453255585
1.7328125,-2.464190816
1.734375,-2.354838505
1.7359375,-2.453255585
1.7375,-2.475126047
1.7390625,-2.453255585
1.740625,-2.464190816
1.7421875,-2.475126047
1.74375,-2.449610508
1.7453125,-2.599058666
1.746875,-2.945340984
1.7484375,-2.744861747
1.75,-2.478771124
1.7515625,-2.449610508
1.753125,-2.442320354
1.7546875,-2.383999122
1.75625,-2.449610508
1.7578125,-2.467835893
1.759375,-2.456900662
1.7609375,-2.460545739
1.7625,-2.47148097
1.7640625,-2.453255585
1.765625,-2.697475746
1.7671875,-2.941695907
1.76875,-2.650089745
1.7703125,-2.478771124
1.771875,-2.445965431
1.7734375,-2.380354045
1.775,-2.445965431
1.7765625,-2.445965431
1.778125,-2.47148097
1.7796875,-2.460545739
1.78125,-2.453255585
1.7828125,-2.475126047
1.784375,-2.453255585
1.7859375,-2.788602672
1.7875,-2.945340984
1.7890625,-2.551672665
1.790625,-2.475126047
1.7921875,-2.449610508
1.79375,-2.362128659
1.7953125,-2.460545739
1.796875,-2.445965431
1.7984375,-2.47148097
1.8,-2.460545739
1.8015625,-2.453255585
1.803125,-2.475126047
1.8046875,-2.453255585
1.80625,-2.887019751
1.8078125,-2.927115599
1.809375,-2.464190816
1.8109375,-2.47148097
1.8125,-2.449610508
1.8140625,-2.358483582
1.815625,-2.460545739
1.8171875,-2.449610508
1.81875,-2.467835893
1.8203125,-2.456900662
1.821875,-2.453255585
1.8234375,-2.47148097
1.825,-2.482416201
1.8265625,-2.952631138
1.828125,-2.83963375
1.8296875,-2.445965431
1.83125,-2.47148097
1.8328125,-2.445965431
1.834375,-2.343903274
1.8359375,-2.464190816
1.8375,-2.445965431
1.8390625,-2.456900662
1.840625,-2.460545739
1.8421875,-2.449610508
1.84375,-2.467835893
1.8453125,-2.591768512
1.846875,-2.941695907
1.8484375,-2.74121667
1.85,-2.449610508
1.8515625,-2.467835893
1.853125,-2.420449892
1.8546875,-2.376708968
1.85625,-2.467835893
1.8578125,-2.442320354
1.859375,-2.464190816
1.8609375,-2.464190816
1.8625,-2.445965431
1.8640625,-2.47148097
1.865625,-2.693830669
1.8671875,-2.934405753
1.86875,-2.650089745
1.8703125,-2.449610508
1.871875,-2.464190816
1.8734375,-2.351193428
1.875,-2.4350302
1.8765625,-2.467835893
1.878125,-2.445965431
1.8796875,-2.464190816
1.88125,-2.464190816
1.8828125,-2.449610508
1.884375,-2.478771124
1.8859375,-2.795892826
1.8875,-2.941695907
1.8890625,-2.558962819
1.890625,-2.453255585
1.8921875,-2.464190816
1.89375,-2.365773736
1.8953125,-2.449610508
1.896875,-2.47148097
1.8984375,-2.456900662
1.9,-2.464190816
1.9015625,-2.464190816
1.903125,-2.449610508
1.9046875,-2.475126047
1.90625,-2.890664828
1.9078125,-2.908890214
1.909375,-2.482416201
1.9109375,-2.442320354
1.9125,-2.456900662
1.9140625,-2.369418813
1.915625,-2.438675277
1.9171875,-2.467835893
1.91875,-2.449610508
1.9203125,-2.453255585
1.921875,-2.467835893
1.9234375,-2.445965431
1.925,-2.518866972
1.9265625,-2.945340984
1.928125,-2.814118211
1.9296875,-2.467835893
1.93125,-2.445965431
1.9328125,-2.456900662
1.934375,-2.354838505
1.9359375,-2.445965431
1.9375,-2.47148097
1.9390625,-2.449610508
1.940625,-2.460545739
1.9421875,-2.47148097
1.94375,-2.445965431
1.9453125,-2.624574205
1.946875,-2.941695907
1.9484375,-2.715701131
1.95,-2.475126047
1.9515625,-2.449610508
1.953125,-2.427740046
1.9546875,-2.39857943
1.95625,-2.445965431
1.9578125,-2.467835893
1.959375,-2.453255585
1.9609375,-2.456900662
1.9625,-2.467835893
1.9640625,-2.445965431
1.965625,-2.726636362
1.9671875,-2.941695907
1.96875,-2.613638974
1.9703125,-2.475126047
1.971875,-2.445965431
1.9734375,-2.365773736
1.975,-2.453255585
1.9765625,-2.445965431
1.978125,-2.467835893
1.9796875,-2.460545739
1.98125,-2.456900662
1.9828125,-2.47148097
1.984375,-2.449610508
1.9859375,-2.821408365
1.9875,-2.93805083
1.9890625,-2.518866972
1.990625,-2.47148097
1.9921875,-2.442320354
1.99375,-2.354838505
1.9953125,-2.460545739
1.996875,-2.438675277
1.9984375,-2.467835893
2,-2.453255585
2.0015625,-2.445965431
2.003125,-2.241841118
2.0046875,1.498007913
2.00625,2.843041337
2.0078125,3.141937653
2.009375,2.595176099
2.0109375,2.635271946
2.0125,2.591531022
2.0140625,2.493113942
2.015625,2.576950714
2.0171875,2.566015483
2.01875,2.566015483
2.0203125,2.536854866
2.021875,2.54414502
2.0234375,2.525919635
2.025,2.558725328
2.0265625,3.039875496
2.028125,2.894072415
2.0296875,2.500404096
2.03125,2.547790097
2.0328125,2.551435174
2.034375,2.460308249
2.0359375,2.551435174
2.0375,2.533209789
2.0390625,2.540499943
2.040625,2.525919635
2.0421875,2.50769425
2.04375,2.518629481
2.0453125,2.686303024
2.046875,3.025295188
2.0484375,2.755559488
2.05,2.482178711
2.0515625,2.522274558
2.053125,2.467598403
2.0546875,2.463953326
2.05625,2.525919635
2.0578125,2.525919635
2.059375,2.514984404
2.0609375,2.504049173
2.0625,2.482178711
2.0640625,2.504049173
2.065625,2.762849642
2.0671875,2.999779649
2.06875,2.6425621
2.0703125,2.485823788
2.071875,2.514984404
2.0734375,2.420212401
2.075,2.504049173
2.0765625,2.518629481
2.078125,2.478533634
2.0796875,2.500404096
2.08125,2.489468865
2.0828125,2.467598403
2.084375,2.493113942
2.0859375,2.883137184
2.0875,2.992489495
2.0890625,2.540499943
2.090625,2.478533634
2.0921875,2.50769425
2.09375,2.420212401
2.0953125,2.500404096
2.096875,2.514984404
2.0984375,2.485823788
2.1,2.496759019
2.1015625,2.485823788
2.103125,2.474888557
2.1046875,2.489468865
2.10625,2.985199341
2.1078125,2.934168262
2.109375,2.489468865
2.1109375,2.467598403
2.1125,2.50769425
2.1140625,2.405632093
2.115625,2.489468865
2.1171875,2.511339327
2.11875,2.50769425
2.1203125,2.500404096
2.121875,2.489468865
2.1234375,2.467598403
2.125,2.562370405
2.1265625,2.988844418
2.128125,2.806590566
2.1296875,2.485823788
2.13125,2.493113942
2.1328125,2.504049173
2.134375,2.40927717
2.1359375,2.504049173
2.1375,2.504049173
2.1390625,2.478533634
2.140625,2.482178711
2.1421875,2.493113942
2.14375,2.463953326
2.1453125,2.671722716
2.146875,2.985199341
2.1484375,2.70452841
2.15,2.482178711
2.1515625,2.496759019
2.153125,2.442082864
2.1546875,2.442082864
2.15625,2.474888557
2.1578125,2.493113942
2.159375,2.47124348
2.1609375,2.478533634
2.1625,2.493113942
2.1640625,2.485823788
2.165625,2.792010258
2.1671875,2.981554264
2.16875,2.595176099
2.1703125,2.489468865
2.171875,2.496759019
2.1734375,2.401987016
2.175,2.500404096
2.1765625,2.493113942
2.178125,2.489468865
2.1796875,2.474888557
2.18125,2.474888557
2.1828125,2.482178711
2.184375,2.489468865
2.1859375,2.897717492
2.1875,2.966973956
2.1890625,2.504049173
2.190625,2.496759019
2.1921875,2.474888557
2.19375,2.391051785
2.1953125,2.504049173
2.196875,2.493113942
2.1984375,2.493113942
2.2,2.474888557
2.2015625,2.467598403
2.203125,2.485823788
2.2046875,2.489468865
2.20625,2.992489495
2.2078125,2.901362569
2.209375,2.460308249
2.2109375,2.489468865
2.2125,2.496759019
2.2140625,2.412922247
2.215625,2.500404096
2.2171875,2.496759019
2.21875,2.496759019
2.2203125,2.478533634
2.221875,2.47124348
2.2234375,2.489468865
2.225,2.555080251
2.2265625,2.992489495
2.228125,2.799300412
2.2296875,2.460308249
2.23125,2.485823788
2.2328125,2.474888557
2.234375,2.412922247
2.2359375,2.493113942
2.2375,2.496759019
2.2390625,2.493113942
2.240625,2.474888557
2.2421875,2.47124348
2.24375,2.489468865
2.2453125,2.664432562
2.246875,2.988844418
2.2484375,2.70452841
2.25,2.482178711
2.2515625,2.493113942
2.253125,2.420212401
2.2546875,2.445727941
2.25625,2.493113942
2.2578125,2.489468865
2.259375,2.485823788
2.2609375,2.478533634
2.2625,2.463953326
2.2640625,2.482178711
2.265625,2.781075027
2.2671875,2.981554264
2.26875,2.591531022
2.2703125,2.463953326
2.271875,2.493113942
2.2734375,2.394696862
2.275,2.474888557
2.2765625,2.489468865
2.278125,2.456663172
2.2796875,2.478533634
2.28125,2.474888557
2.2828125,2.456663172
2.284375,2.482178711
2.2859375,2.9122978
2.2875,2.970619033
2.2890625,2.504049173
2.290625,2.463953326
2.2921875,2.489468865
2.29375,2.383761631
2.2953125,2.474888557
2.296875,2.485823788
2.2984375,2.460308249
2.3,2.478533634
2.3015625,2.47124348
2.303125,2.456663172
2.3046875,2.493113942
2.30625,2.977909187
2.3078125,2.868556876
2.309375,2.482178711
2.3109375,2.485823788
2.3125,2.489468865
2.3140625,2.376471477
2.315625,2.47124348
2.3171875,2.485823788
2.31875,2.463953326
2.3203125,2.474888557
2.321875,2.482178711
2.3234375,2.482178711
2.325,2.591531022
2.3265625,2.97426411
2.328125,2.770139796
2.3296875,2.478533634
2.33125,2.456663172
2.3328125,2.474888557
2.334375,2.398341939
2.3359375,2.463953326
2.3375,2.489468865
2.3390625,2.467598403
2.340625,2.47124348
2.3421875,2.482178711
2.34375,2.456663172
2.3453125,2.697238256
2.346875,2.977909187
2.3484375,2.664432562
2.35,2.478533634
2.3515625,2.463953326
2.353125,2.405632093
2.3546875,2.456663172
2.35625,2.467598403
2.3578125,2.489468865
2.359375,2.467598403
2.3609375,2.474888557
2.3625,2.485823788
2.3640625,2.456663172
2.365625,2.81388072
2.3671875,2.97426411
2.36875,2.558725328
2.3703125,2.485823788
2.371875,2.467598403
2.3734375,2.394696862
2.375,2.485823788
2.3765625,2.463953326
2.378125,2.485823788
2.3796875,2.489468865
2.38125,2.489468865
2.3828125,2.489468865
2.384375,2.489468865
2.3859375,2.930523185
2.3875,2.970619033
2.3890625,2.496759019
2.390625,2.489468865
2.3921875,2.493113942
2.39375,2.405632093
2.3953125,2.493113942
2.396875,2.489468865
2.3984375,2.485823788
2.4,2.489468865
2.4015625,2.489468865
2.403125,2.485823788
2.4046875,2.511339327
2.40625,3.01071488
2.4078125,2.879492107
2.409375,2.485823788
2.4109375,2.489468865
2.4125,2.489468865
2.4140625,2.401987016
2.415625,2.493113942
2.4171875,2.482178711
2.41875,2.489468865
2.4203125,2.489468865
2.421875,2.482178711
2.4234375,2.489468865
2.425,2.613401484
2.4265625,2.996134572
2.428125,2.781075027
2.4296875,2.485823788
2.43125,2.482178711
2.4328125,2.474888557
2.434375,2.416567324
2.4359375,2.485823788
2.4375,2.485823788
2.4390625,2.485823788
2.440625,2.482178711
2.4421875,2.485823788
2.44375,2.485823788
2.4453125,2.719108718
2.446875,2.996134572
2.4484375,2.675367793
2.45,2.482178711
2.4515625,2.463953326
2.453125,2.401987016
2.4546875,2.478533634
2.45625,2.489468865
2.4578125,2.485823788
2.459375,2.463953326
2.4609375,2.467598403
2.4625,2.482178711
2.4640625,2.456663172
2.465625,2.824815951
2.4671875,2.988844418
2.46875,2.566015483
2.4703125,2.482178711
2.471875,2.493113942
2.4734375,2.394696862
2.475,2.489468865
2.4765625,2.489468865
2.478125,2.460308249
2.4796875,2.474888557
2.48125,2.474888557
2.4828125,2.460308249
2.484375,2.478533634
2.4859375,2.919587954
2.4875,2.941458416
2.4890625,2.482178711
2.490625,2.460308249
2.4921875,2.489468865
2.49375,2.380116554
2.4953125,2.474888557
2.496875,2.485823788
2.4984375,2.482178711
2.5,2.485823788
2.5015625,2.482178711
2.503125,2.478533634
2.5046875,2.522274558
2.50625,3.007069803
2.5078125,2.857621645
2.509375,2.478533634
2.5109375,2.456663172
2.5125,2.482178711
2.5140625,2.387406708
2.515625,2.467598403
2.5171875,2.478533634
2.51875,2.485823788
2.5203125,2.482178711
2.521875,2.478533634
2.5234375,2.482178711
2.525,2.624336715
2.5265625,2.988844418
2.528125,2.762849642
2.5296875,2.478533634
2.53125,2.482178711
2.5328125,2.47124348
2.534375,2.434792709
2.5359375,2.482178711
2.5375,2.485823788
2.5390625,2.485823788
2.540625,2.467598403
2.5421875,2.463953326
2.54375,2.482178711
2.5453125,2.737334103
2.546875,2.992489495
2.5484375,2.649852254
2.55,2.453018095
2.5515625,2.489468865
2.553125,2.40927717
2.5546875,2.463953326
2.55625,2.482178711
2.5578125,2.460308249
2.559375,2.474888557
2.5609375,2.47124348
2.5625,2.460308249
2.5640625,2.482178711
2.565625,2.850331491
2.5671875,2.988844418
2.56875,2.551435174
2.5703125,2.485823788
2.571875,2.493113942
2.5734375,2.401987016
2.575,2.489468865
2.5765625,2.489468865
2.578125,2.460308249
2.5796875,2.474888557
2.58125,2.485823788
2.5828125,2.485823788
2.584375,2.482178711
2.5859375,2.963328879
2.5875,2.94874857
2.5890625,2.485823788
2.590625,2.489468865
2.5921875,2.496759019
2.59375,2.398341939
2.5953125,2.489468865
2.596875,2.463953326
2.5984375,2.482178711
2.6,2.485823788
2.6015625,2.485823788
2.603125,2.482178711
2.6046875,2.514984404
2.60625,2.996134572
2.6078125,2.835751183
2.609375,2.460308249
2.6109375,2.489468865
2.6125,2.47124348
2.6140625,2.387406708
2.615625,2.485823788
2.6171875,2.456663172
2.61875,2.482178711
2.6203125,2.47124348
2.621875,2.460308249
2.6234375,2.485823788
2.625,2.646207177
2.6265625,2.992489495
2.628125,2.737334103
2.6296875,2.456663172
2.63125,2.482178711
2.6328125,2.434792709
2.634375,2.416567324
2.6359375,2.482178711
2.6375,2.485823788
2.6390625,2.485823788
2.640625,2.467598403
2.6421875,2.463953326
2.64375,2.482178711
2.6453125,2.726398872
2.646875,2.977909187
2.6484375,2.638917023
2.65,2.478533634
2.6515625,2.489468865
2.653125,2.405632093
2.6546875,2.482178711
2.65625,2.485823788
2.6578125,2.485823788
2.659375,2.482178711
2.6609375,2.482178711
2.6625,2.482178711
2.6640625,2.453018095
2.665625,2.857621645
2.6671875,2.966973956
2.66875,2.511339327
2.6703125,2.482178711
2.671875,2.467598403
2.6734375,2.394696862
2.675,2.482178711
2.6765625,2.463953326
2.678125,2.482178711
2.6796875,2.463953326
2.68125,2.467598403
2.6828125,2.478533634
2.684375,2.453018095
2.6859375,2.966973956
2.6875,2.915942877
2.6890625,2.453018095
2.690625,2.485823788
2.6921875,2.47124348
2.69375,2.394696862
2.6953125,2.485823788
2.696875,2.460308249
2.6984375,2.478533634
2.7,2.485823788
2.7015625,2.482178711
2.703125,2.478533634
2.7046875,2.525919635
2.70625,2.996134572
2.7078125,2.81388072
2.709375,2.456663172
2.7109375,2.485823788
2.7125,2.485823788
2.7140625,2.412922247
2.715625,2.489468865
2.7171875,2.478533634
2.71875,2.485823788
2.7203125,2.482178711
2.721875,2.478533634
2.7234375,2.482178711
2.725,2.660787485
2.7265625,2.988844418
2.728125,2.726398872
2.7296875,2.482178711
2.73125,2.482178711
2.7328125,2.449373018
2.734375,2.434792709
2.7359375,2.460308249
2.7375,2.485823788
2.7390625,2.463953326
2.740625,2.463953326
2.7421875,2.482178711
2.74375,2.482178711
2.7453125,2.766494719
2.746875,2.97426411
2.7484375,2.602466253
2.75,2.478533634
2.7515625,2.463953326
2.753125,2.394696862
2.7546875,2.478533634
2.75625,2.460308249
2.7578125,2.485823788
2.759375,2.463953326
2.7609375,2.467598403
2.7625,2.482178711
2.7640625,2.482178711
2.765625,2.879492107
2.7671875,2.970619033
2.76875,2.496759019
2.7703125,2.482178711
2.771875,2.493113942
2.7734375,2.394696862
2.775,2.485823788
2.7765625,2.463953326
2.778125,2.485823788
2.7796875,2.467598403
2.78125,2.47124348
2.7828125,2.482178711
2.784375,2.482178711
2.7859375,2.992489495
2.7875,2.915942877
2.7890625,2.478533634
2.790625,2.489468865
2.7921875,2.493113942
2.79375,2.391051785
2.7953125,2.493113942
2.796875,2.489468865
2.7984375,2.485823788
2.8,2.485823788
2.8015625,2.485823788
2.803125,2.482178711
2.8046875,2.56966056
2.80625,3.007069803
2.8078125,2.817525797
2.809375,2.485823788
2.8109375,2.489468865
2.8125,2.485823788
2.8140625,2.387406708
2.815625,2.47124348
2.8171875,2.482178711
2.81875,2.467598403
2.8203125,2.474888557
2.821875,2.474888557
2.8234375,2.460308249
2.825,2.675367793
2.8265625,2.97426411
2.828125,2.697238256
2.8296875,2.485823788
2.83125,2.460308249
2.8328125,2.434792709
2.834375,2.445727941
2.8359375,2.460308249
2.8375,2.489468865
2.8390625,2.467598403
2.840625,2.467598403
2.8421875,2.485823788
2.84375,2.485823788
2.8453125,2.781075027
2.846875,2.977909187
2.8484375,2.584240868
2.85,2.482178711
2.8515625,2.463953326
2.853125,2.401987016
2.8546875,2.478533634
2.85625,2.463953326
2.8578125,2.485823788
2.859375,2.482178711
2.8609375,2.485823788
2.8625,2.482178711
2.8640625,2.456663172
2.865625,2.890427338
2.8671875,2.981554264
2.86875,2.511339327
2.8703125,2.485823788
2.871875,2.47124348
2.8734375,2.401987016
2.875,2.482178711
2.8765625,2.463953326
2.878125,2.485823788
2.8796875,2.482178711
2.88125,2.485823788
2.8828125,2.482178711
2.884375,2.482178711
2.8859375,2.999779649
2.8875,2.905007646
2.8890625,2.478533634
2.890625,2.489468865
2.8921875,2.493113942
2.89375,2.394696862
2.8953125,2.493113942
2.896875,2.489468865
2.8984375,2.460308249
2.9,2.474888557
2.9015625,2.478533634
2.903125,2.456663172
2.9046875,2.587885945
2.90625,2.985199341
2.9078125,2.781075027
2.909375,2.485823788
2.9109375,2.463953326
2.9125,2.478533634
2.9140625,2.398341939
2.915625,2.47124348
2.9171875,2.485823788
2.91875,2.467598403
2.9203125,2.474888557
2.921875,2.482178711
2.9234375,2.485823788
2.925,2.697238256
2.9265625,2.97426411
2.928125,2.682657947
2.9296875,2.485823788
2.93125,2.463953326
2.9328125,2.431147632
2.934375,2.47124348
2.9359375,2.489468865
2.9375,2.493113942
2.9390625,2.489468865
2.940625,2.485823788
2.9421875,2.482178711
2.94375,2.460308249
2.9453125,2.799300412
2.946875,2.992489495
2.9484375,2.595176099
2.95,2.482178711
2.9515625,2.47124348
2.953125,2.387406708
2.9546875,2.493113942
2.95625,2.493113942
2.9578125,2.489468865
2.959375,2.467598403
2.9609375,2.47124348
2.9625,2.485823788
2.9640625,2.460308249
2.965625,2.9122978
2.9671875,2.963328879
2.96875,2.482178711
2.9703125,2.485823788
2.971875,2.496759019
2.9734375,2.405632093
2.975,2.493113942
2.9765625,2.493113942
2.978125,2.489468865
2.9796875,2.485823788
2.98125,2.489468865
2.9828125,2.489468865
2.984375,2.496759019
2.9859375,3.007069803
2.9875,2.894072415
2.9890625,2.482178711
2.990625,2.489468865
2.9921875,2.496759019
2.99375,2.398341939
2.9953125,2.474888557
2.996875,2.493113942
2.9984375,2.489468865
3,2.493113942
3.0015625,2.482178711
3.003125,2.460308249
3.0046875,2.609756407
3.00625,3.003424726
3.0078125,1.895321309
3.009375,-1.334216938
3.0109375,-2.551672665
3.0125,-2.617284051
3.0140625,-2.544382511
3.015625,-2.602703743
3.0171875,-2.628219282
3.01875,-2.609993897
3.0203125,-2.60634882
3.021875,-2.595413589
3.0234375,-2.577188204
3.025,-2.832343596
3.0265625,-3.087498988
3.028125,-2.806828057
3.0296875,-2.595413589
3.03125,-2.580833281
3.0328125,-2.493351432
3.034375,-2.537092357
3.0359375,-2.548027588
3.0375,-2.548027588
3.0390625,-2.551672665
3.040625,-2.544382511
3.0421875,-2.544382511
3.04375,-2.540737434
3.0453125,-2.843278827
3.046875,-3.014597447
3.0484375,-2.635509437
3.05,-2.511576818
3.0515625,-2.529802203
3.053125,-2.416804815
3.0546875,-2.496996509
3.05625,-2.522512049
3.0578125,-2.496996509
3.059375,-2.507931741
3.0609375,-2.511576818
3.0625,-2.493351432
3.0640625,-2.515221895
3.065625,-2.923470522
3.0671875,-2.970856523
3.06875,-2.526157126
3.0703125,-2.486061278
3.071875,-2.500641586
3.0734375,-2.387644199
3.075,-2.478771124
3.0765625,-2.507931741
3.078125,-2.486061278
3.0796875,-2.493351432
3.08125,-2.504286664
3.0828125,-2.482416201
3.084375,-2.537092357
3.0859375,-2.981791754
3.0875,-2.865149289
3.0890625,-2.504286664
3.090625,-2.482416201
3.0921875,-2.486061278
3.09375,-2.383999122
3.0953125,-2.47148097
3.096875,-2.496996509
3.0984375,-2.475126047
3.1,-2.486061278
3.1015625,-2.493351432
3.103125,-2.47148097
3.1046875,-2.63186436
3.10625,-2.970856523
3.1078125,-2.755796978
3.109375,-2.500641586
3.1109375,-2.47148097
3.1125,-2.449610508
3.1140625,-2.39857943
3.115625,-2.464190816
3.1171875,-2.486061278
3.11875,-2.475126047
3.1203125,-2.478771124
3.121875,-2.482416201
3.1234375,-2.467835893
3.125,-2.726636362
3.1265625,-2.956276215
3.128125,-2.653734822
3.1296875,-2.493351432
3.13125,-2.460545739
3.1328125,-2.387644199
3.134375,-2.47148097
3.1359375,-2.482416201
3.1375,-2.486061278
3.1390625,-2.486061278
3.140625,-2.482416201
3.1421875,-2.486061278
3.14375,-2.489706355
3.1453125,-2.821408365
3.146875,-2.967211446
3.1484375,-2.56989805
3.15,-2.482416201
3.1515625,-2.478771124
3.153125,-2.380354045
3.1546875,-2.456900662
3.15625,-2.482416201
3.1578125,-2.464190816
3.159375,-2.47148097
3.1609375,-2.475126047
3.1625,-2.460545739
3.1640625,-2.486061278
3.165625,-2.90160006
3.1671875,-2.919825445
3.16875,-2.493351432
3.1703125,-2.453255585
3.171875,-2.47148097
3.1734375,-2.369418813
3.175,-2.453255585
3.1765625,-2.482416201
3.178125,-2.460545739
3.1796875,-2.467835893
3.18125,-2.478771124
3.1828125,-2.460545739
3.184375,-2.526157126
3.1859375,-2.952631138
3.1875,-2.828698519
3.1890625,-2.478771124
3.190625,-2.456900662
3.1921875,-2.464190816
3.19375,-2.369418813
3.1953125,-2.453255585
3.196875,-2.478771124
3.1984375,-2.456900662
3.2,-2.467835893
3.2015625,-2.478771124
3.203125,-2.453255585
3.2046875,-2.628219282
3.20625,-2.948986061
3.2078125,-2.719346208
3.209375,-2.482416201
3.2109375,-2.453255585
3.2125,-2.424094969
3.2140625,-2.394934353
3.215625,-2.449610508
3.2171875,-2.47148097
3.21875,-2.460545739
3.2203125,-2.464190816
3.221875,-2.47148097
3.2234375,-2.453255585
3.225,-2.726636362
3.2265625,-2.941695907
3.228125,-2.624574205
3.2296875,-2.478771124
3.23125,-2.449610508
3.2328125,-2.365773736
3.234375,-2.456900662
3.2359375,-2.445965431
3.2375,-2.47148097
3.2390625,-2.460545739
3.240625,-2.456900662
3.2421875,-2.475126047
3.24375,-2.453255585
3.2453125,-2.821408365
3.246875,-2.952631138
3.2484375,-2.544382511
3.25,-2.475126047
3.2515625,-2.467835893
3.253125,-2.373063891
3.2546875,-2.467835893
3.25625,-2.47148097
3.2578125,-2.475126047
3.259375,-2.475126047
3.2609375,-2.47148097
3.2625,-2.475126047
3.2640625,-2.475126047
3.265625,-2.923470522
3.2671875,-2.916180368
3.26875,-2.478771124
3.2703125,-2.445965431
3.271875,-2.460545739
3.2734375,-2.358483582
3.275,-2.442320354
3.2765625,-2.475126047
3.278125,-2.453255585
3.2796875,-2.456900662
3.28125,-2.47148097
3.2828125,-2.449610508
3.284375,-2.53344728
3.2859375,-2.945340984
3.2875,-2.799537903
3.2890625,-2.47148097
3.290625,-2.445965431
3.2921875,-2.456900662
3.29375,-2.365773736
3.2953125,-2.445965431
3.296875,-2.47148097
3.2984375,-2.449610508
3.3,-2.460545739
3.3015625,-2.47148097
3.303125,-2.445965431
3.3046875,-2.639154514
3.30625,-2.93805083
3.3078125,-2.697475746
3.309375,-2.47148097
3.3109375,-2.445965431
3.3125,-2.416804815
3.3140625,-2.405869584
3.315625,-2.442320354
3.3171875,-2.464190816
3.31875,-2.453255585
3.3203125,-2.456900662
3.321875,-2.464190816
3.3234375,-2.445965431
3.325,-2.733926516
3.3265625,-2.934405753
3.328125,-2.602703743
3.3296875,-2.47148097
3.33125,-2.442320354
3.3328125,-2.365773736
3.334375,-2.453255585
3.3359375,-2.442320354
3.3375,-2.467835893
3.3390625,-2.456900662
3.340625,-2.453255585
3.3421875,-2.467835893
3.34375,-2.445965431
3.3453125,-2.832343596
3.346875,-2.934405753
3.3484375,-2.504286664
3.35,-2.467835893
3.3515625,-2.442320354
3.353125,-2.362128659
3.3546875,-2.456900662
3.35625,-2.438675277
3.3578125,-2.467835893
3.359375,-2.453255585
3.3609375,-2.449610508
3.3625,-2.47148097
3.3640625,-2.449610508
3.365625,-2.923470522
3.3671875,-2.890664828
3.36875,-2.449610508
3.3703125,-2.467835893
3.371875,-2.445965431
3.3734375,-2.362128659
3.375,-2.460545739
3.3765625,-2.467835893
3.378125,-2.467835893
3.3796875,-2.464190816
3.38125,-2.47148097
3.3828125,-2.47148097
3.384375,-2.548027588
3.3859375,-2.956276215
3.3875,-2.799537903
3.3890625,-2.467835893
3.390625,-2.467835893
3.3921875,-2.460545739
3.39375,-2.365773736
3.3953125,-2.467835893
3.396875,-2.467835893
3.3984375,-2.464190816
3.4,-2.47148097
3.4015625,-2.467835893
3.403125,-2.438675277
3.4046875,-2.650089745
3.40625,-2.934405753
3.4078125,-2.679250361
3.409375,-2.467835893
3.4109375,-2.442320354
3.4125,-2.39857943
3.4140625,-2.409514661
3.415625,-2.442320354
3.4171875,-2.460545739
3.41875,-2.449610508
3.4203125,-2.453255585
3.421875,-2.460545739
3.4234375,-2.442320354
3.425,-2.744861747
3.4265625,-2.930760676
3.428125,-2.577188204
3.4296875,-2.467835893
3.43125,-2.438675277
3.4328125,-2.358483582
3.434375,-2.453255585
3.4359375,-2.438675277
3.4375,-2.460545739
3.4390625,-2.453255585
3.440625,-2.449610508
3.4421875,-2.464190816
3.44375,-2.445965431
3.4453125,-2.843278827
3.446875,-2.927115599
3.4484375,-2.486061278
3.45,-2.464190816
3.4515625,-2.4350302
3.453125,-2.369418813
3.4546875,-2.453255585
3.45625,-2.4350302
3.4578125,-2.460545739
3.459375,-2.449610508
3.4609375,-2.442320354
3.4625,-2.464190816
3.4640625,-2.445965431
3.465625,-2.927115599
3.4671875,-2.868794366
3.46875,-2.442320354
3.4703125,-2.460545739
3.471875,-2.438675277
3.4734375,-2.365773736
3.475,-2.453255585
3.4765625,-2.438675277
3.478125,-2.456900662
3.4796875,-2.445965431
3.48125,-2.445965431
3.4828125,-2.464190816
3.484375,-2.537092357
3.4859375,-2.934405753
3.4875,-2.774022364
3.4890625,-2.438675277
3.490625,-2.460545739
3.4921875,-2.438675277
3.49375,-2.365773736
3.4953125,-2.456900662
3.496875,-2.438675277
3.4984375,-2.453255585
3.5,-2.453255585
3.5015625,-2.442320354
3.503125,-2.460545739
3.5046875,-2.642799591
3.50625,-2.930760676
3.5078125,-2.675605284
3.509375,-2.438675277
3.5109375,-2.456900662
3.5125,-2.373063891
3.5140625,-2.409514661
3.515625,-2.460545739
3.5171875,-2.4350302
3.51875,-2.453255585
3.5203125,-2.453255585
3.521875,-2.438675277
3.5234375,-2.460545739
3.525,-2.76673221
3.5265625,-2.93805083
3.528125,-2.580833281
3.5296875,-2.464190816
3.53125,-2.456900662
3.5328125,-2.369418813
3.534375,-2.453255585
3.5359375,-2.460545739
3.5375,-2.456900662
3.5390625,-2.460545739
3.540625,-2.460545739
3.5421875,-2.460545739
3.54375,-2.464190816
3.5453125,-2.865149289
3.546875,-2.927115599
3.5484375,-2.493351432
3.55,-2.460545739
3.5515625,-2.449610508
3.553125,-2.362128659
3.5546875,-2.449610508
3.55625,-2.431385123
3.5578125,-2.456900662
3.559375,-2.445965431
3.5609375,-2.438675277
3.5625,-2.460545739
3.5640625,-2.453255585
3.565625,-2.927115599
3.5671875,-2.850568981
3.56875,-2.438675277
3.5703125,-2.453255585
3.571875,-2.4350302
3.5734375,-2.347548351
3.575,-2.449610508
3.5765625,-2.4350302
3.578125,-2.453255585
3.5796875,-2.442320354
3.58125,-2.442320354
3.5828125,-2.460545739
3.584375,-2.548027588
3.5859375,-2.927115599
3.5875,-2.755796978
3.5890625,-2.431385123
3.590625,-2.456900662
3.5921875,-2.424094969
3.59375,-2.351193428
3.5953125,-2.453255585
3.596875,-2.4350302
3.5984375,-2.449610508
3.6,-2.445965431
3.6015625,-2.438675277
3.603125,-2.456900662
3.6046875,-2.657379899
3.60625,-2.927115599
3.6078125,-2.653734822
3.609375,-2.4350302
3.6109375,-2.453255585
3.6125,-2.369418813
3.6140625,-2.413159738
3.615625,-2.456900662
3.6171875,-2.431385123
3.61875,-2.449610508
3.6203125,-2.449610508
3.621875,-2.4350302
3.6234375,-2.456900662
3.625,-2.755796978
3.6265625,-2.916180368
3.628125,-2.555317742
3.6296875,-2.4350302
3.63125,-2.449610508
3.6328125,-2.354838505
3.634375,-2.431385123
3.6359375,-2.456900662
3.6375,-2.431385123
3.6390625,-2.449610508
3.640625,-2.449610508
3.6421875,-2.431385123
3.64375,-2.460545739
3.6453125,-2.854214058
3.646875,-2.897954983
3.6484375,-2.475126047
3.65,-2.431385123
3.6515625,-2.442320354
3.653125,-2.343903274
3.6546875,-2.431385123
3.65625,-2.449610508
3.6578125,-2.4350302
3.659375,-2.445965431
3.6609375,-2.449610508
3.6625,-2.4350302
3.6640625,-2.489706355
3.665625,-2.919825445
3.6671875,-2.821408365
3.66875,-2.460545739
3.6703125,-2.427740046
3.671875,-2.442320354
3.6734375,-2.347548351
3.675,-2.424094969
3.6765625,-2.456900662
3.678125,-2.438675277
3.6796875,-2.438675277
3.68125,-2.453255585
3.6828125,-2.4350302
3.684375,-2.580833281
3.6859375,-2.919825445
3.6875,-2.719346208
3.6890625,-2.453255585
3.690625,-2.431385123
3.6921875,-2.420449892
3.69375,-2.354838505
3.6953125,-2.427740046
3.696875,-2.453255585
3.6984375,-2.4350302
3.7,-2.438675277
3.7015625,-2.453255585
3.703125,-2.431385123
3.7046875,-2.682895438
3.70625,-2.919825445
3.7078125,-2.613638974
3.709375,-2.453255585
3.7109375,-2.453255585
3.7125,-2.347548351
3.7140625,-2.431385123
3.715625,-2.453255585
3.7171875,-2.453255585
3.71875,-2.449610508
3.7203125,-2.456900662
3.721875,-2.456900662
3.7234375,-2.453255585
3.725,-2.788602672
3.7265625,-2.930760676
3.728125,-2.537092357
3.7296875,-2.456900662
3.73125,-2.449610508
3.7328125,-2.343903274
3.734375,-2.449610508
3.7359375,-2.453255585
3.7375,-2.449610508
3.7390625,-2.453255585
3.740625,-2.453255585
3.7421875,-2.449610508
3.74375,-2.456900662
3.7453125,-2.883374674
3.746875,-2.897954983
3.7484375,-2.464190816
3.75,-2.427740046
3.7515625,-2.4350302
3.753125,-2.354838505
3.7546875,-2.445965431
3.75625,-2.445965431
3.7578125,-2.431385123
3.759375,-2.442320354
3.7609375,-2.442320354
3.7625,-2.431385123
3.7640625,-2.500641586
3.765625,-2.912535291
3.7671875,-2.795892826
3.76875,-2.453255585
3.7703125,-2.420449892
3.771875,-2.438675277
3.7734375,-2.347548351
3.775,-2.420449892
3.7765625,-2.449610508
3.778125,-2.431385123
3.7796875,-2.4350302
3.78125,-2.445965431
3.7828125,-2.427740046
3.784375,-2.591768512
3.7859375,-2.916180368
3.7875,-2.697475746
3.7890625,-2.449610508
3.790625,-2.424094969
3.7921875,-2.409514661
3.79375,-2.373063891
3.7953125,-2.420449892
3.796875,-2.449610508
3.7984375,-2.431385123
3.8,-2.4350302
3.8015625,-2.449610508
3.803125,-2.427740046
3.8046875,-2.693830669
3.80625,-2.916180368
3.8078125,-2.595413589
3.809375,-2.445965431
3.8109375,-2.424094969
3.8125,-2.351193428
3.8140625,-2.424094969
3.815625,-2.424094969
3.8171875,-2.449610508
3.81875,-2.431385123
3.8203125,-2.4350302
3.821875,-2.449610508
3.8234375,-2.420449892
3.825,-2.792247749
3.8265625,-2.912535291
3.828125,-2.493351432
3.8296875,-2.449610508
3.83125,-2.424094969
3.8328125,-2.340258197
3.834375,-2.438675277
3.8359375,-2.424094969
3.8375,-2.442320354
3.8390625,-2.4350302
3.840625,-2.431385123
3.8421875,-2.445965431
3.84375,-2.431385123
3.8453125,-2.887019751
3.846875,-2.87608452
3.8484375,-2.4350302
3.85,-2.449610508
3.8515625,-2.420449892
3.853125,-2.33661312
3.8546875,-2.438675277
3.85625,-2.420449892
3.8578125,-2.445965431
3.859375,-2.438675277
3.8609375,-2.427740046
3.8625,-2.449610508
3.8640625,-2.493351432
3.865625,-2.916180368
3.8671875,-2.788602672
3.86875,-2.427740046
3.8703125,-2.445965431
3.871875,-2.424094969
3.8734375,-2.329322966
3.875,-2.438675277
3.8765625,-2.424094969
3.878125,-2.442320354
3.8796875,-2.4350302
3.88125,-2.427740046
3.8828125,-2.449610508
3.884375,-2.588123435
3.8859375,-2.912535291
3.8875,-2.693830669
3.8890625,-2.424094969
3.890625,-2.442320354
3.8921875,-2.387644199
3.89375,-2.365773736
3.8953125,-2.442320354
3.896875,-2.424094969
3.8984375,-2.438675277
3.9,-2.4350302
3.9015625,-2.427740046
3.903125,-2.449610508
3.9046875,-2.690185592
3.90625,-2.912535291
3.9078125,-2.599058666
3.909375,-2.420449892
3.9109375,-2.442320354
3.9125,-2.340258197
3.9140625,-2.413159738
3.915625,-2.445965431
3.9171875,-2.424094969
3.91875,-2.4350302
3.9203125,-2.438675277
3.921875,-2.424094969
3.9234375,-2.442320354
3.925,-2.792247749
3.9265625,-2.905245137
3.928125,-2.493351432
3.9296875,-2.424094969
3.93125,-2.4350302
3.9328125,-2.343903274
3.934375,-2.424094969
3.9359375,-2.445965431
3.9375,-2.420449892
3.9390625,-2.438675277
3.940625,-2.442320354
3.9421875,-2.420449892
3.94375,-2.449610508
3.9453125,-2.890664828
3.946875,-2.854214058
3.9484375,-2.449610508
3.95,-2.420449892
3.9515625,-2.431385123
3.953125,-2.347548351
3.9546875,-2.420449892
3.95625,-2.442320354
3.9578125,-2.424094969
3.959375,-2.4350302
3.9609375,-2.438675277
3.9625,-2.424094969
3.9640625,-2.526157126
3.965625,-2.908890214
3.9671875,-2.759442055
3.96875,-2.449610508
3.9703125,-2.420449892
3.971875,-2.427740046
3.9734375,-2.33661312
3.975,-2.420449892
3.9765625,-2.442320354
3.978125,-2.427740046
3.9796875,-2.431385123
3.98125,-2.442320354
3.9828125,-2.424094969
3.984375,-2.624574205
3.9859375,-2.919825445
3.9875,-2.682895438
3.9890625,-2.445965431
3.990625,-2.438675277
3.9921875,-2.383999122
3.99375,-2.394934353
3.9953125,-2.438675277
3.996875,-2.445965431
3.9984375,-2.445965431
4,-2.442320354
4.0015625,-2.445965431
4.003125,-2.445965431
4.0046875,-2.722991285
4.00625,-2.927115599
4.0078125,-1.454504479
4.009375,1.516233298
4.0109375,2.573305637
4.0125,2.514984404
4.0140625,2.56966056
4.015625,2.602466253
4.0171875,2.584240868
4.01875,2.558725328
4.0203125,2.555080251
4.021875,2.566015483
4.0234375,2.514984404
4.025,2.926878108
4.0265625,3.028940265
4.028125,2.540499943
4.0296875,2.511339327
4.03125,2.496759019
4.0328125,2.416567324
4.034375,2.522274558
4.0359375,2.511339327
4.0375,2.536854866
4.0390625,2.551435174
4.040625,2.540499943
4.0421875,2.536854866
4.04375,2.50769425
4.0453125,3.028940265
4.046875,2.941458416
4.0484375,2.500404096
4.05,2.504049173
4.0515625,2.500404096
4.053125,2.412922247
4.0546875,2.500404096
4.05625,2.482178711
4.0578125,2.504049173
4.059375,2.500404096
4.0609375,2.489468865
4.0625,2.50769425
4.0640625,2.56966056
4.065625,3.014359957
4.0671875,2.806590566
4.06875,2.47124348
4.0703125,2.493113942
4.071875,2.474888557
4.0734375,2.412922247
4.075,2.50769425
4.0765625,2.500404096
4.078125,2.511339327
4.0796875,2.496759019
4.08125,2.478533634
4.0828125,2.500404096
4.084375,2.693593178
4.0859375,2.996134572
4.0875,2.700883333
4.0890625,2.460308249
4.090625,2.482178711
4.0921875,2.423857478
4.09375,2.453018095
4.0953125,2.496759019
4.096875,2.474888557
4.0984375,2.504049173
4.1,2.485823788
4.1015625,2.482178711
4.103125,2.496759019
4.1046875,2.773784873
4.10625,2.985199341
4.1078125,2.595176099
4.109375,2.453018095
4.1109375,2.485823788
4.1125,2.405632093
4.1140625,2.489468865
4.115625,2.493113942
4.1171875,2.493113942
4.11875,2.493113942
4.1203125,2.485823788
4.121875,2.474888557
4.1234375,2.489468865
4.125,2.886782261
4.1265625,2.963328879
4.128125,2.496759019
4.1296875,2.453018095
4.13125,2.485823788
4.1328125,2.380116554
4.134375,2.47124348
4.1359375,2.485823788
4.1375,2.489468865
4.1390625,2.489468865
4.140625,2.485823788
4.1421875,2.463953326
4.14375,2.496759019
4.1453125,3.007069803
4.146875,2.897717492
4.1484375,2.474888557
4.15,2.460308249
4.1515625,2.485823788
4.153125,2.369181323
4.1546875,2.467598403
4.15625,2.482178711
4.1578125,2.456663172
4.159375,2.474888557
4.1609375,2.478533634
4.1625,2.453018095
4.1640625,2.591531022
4.165625,2.977909187
4.1671875,2.773784873
4.16875,2.478533634
4.1703125,2.485823788
4.171875,2.47124348
4.1734375,2.376471477
4.175,2.463953326
4.1765625,2.478533634
4.178125,2.482178711
4.1796875,2.482178711
4.18125,2.467598403
4.1828125,2.453018095
4.184375,2.693593178
4.1859375,2.963328879
4.1875,2.664432562
4.1890625,2.474888557
4.190625,2.453018095
4.1921875,2.401987016
4.19375,2.456663172
4.1953125,2.456663172
4.196875,2.485823788
4.1984375,2.482178711
4.2,2.478533634
4.2015625,2.474888557
4.203125,2.453018095
4.2046875,2.792010258
4.20625,2.966973956
4.2078125,2.551435174
4.209375,2.47124348
4.2109375,2.456663172
4.2125,2.383761631
4.2140625,2.474888557
4.215625,2.460308249
4.2171875,2.482178711
4.21875,2.482178711
4.2203125,2.482178711
4.221875,2.478533634
4.2234375,2.449373018
4.225,2.908652723
4.2265625,2.963328879
4.228125,2.485823788
4.2296875,2.474888557
4.23125,2.460308249
4.2328125,2.387406708
4.234375,2.47124348
4.2359375,2.456663172
4.2375,2.474888557
4.2390625,2.456663172
4.240625,2.460308249
4.2421875,2.478533634
4.24375,2.493113942
4.2453125,2.999779649
4.246875,2.857621645
4.2484375,2.449373018
4.25,2.478533634
4.2515625,2.463953326
4.253125,2.380116554
4.2546875,2.485823788
4.25625,2.478533634
4.2578125,2.474888557
4.259375,2.463953326
4.2609375,2.456663172
4.2625,2.47124348
4.2640625,2.598821176
4.265625,2.988844418
4.2671875,2.759204565
4.26875,2.453018095
4.2703125,2.482178711
4.271875,2.467598403
4.2734375,2.40927717
4.275,2.482178711
4.2765625,2.453018095
4.278125,2.478533634
4.2796875,2.463953326
4.28125,2.453018095
4.2828125,2.474888557
4.284375,2.708173487
4.2859375,2.981554264
4.2875,2.664432562
4.2890625,2.449373018
4.290625,2.482178711
4.2921875,2.401987016
4.29375,2.478533634
4.2953125,2.482178711
4.296875,2.485823788
4.2984375,2.485823788
4.3,2.463953326
4.3015625,2.456663172
4.303125,2.478533634
4.3046875,2.792010258
4.30625,2.966973956
4.3078125,2.558725328
4.309375,2.449373018
4.3109375,2.482178711
4.3125,2.391051785
4.3140625,2.489468865
4.315625,2.482178711
4.3171875,2.456663172
4.31875,2.474888557
4.3203125,2.478533634
4.321875,2.482178711
4.3234375,2.478533634
4.325,2.930523185
4.3265625,2.94874857
4.328125,2.482178711
4.3296875,2.449373018
4.33125,2.482178711
4.3328125,2.398341939
4.334375,2.482178711
4.3359375,2.482178711
4.3375,2.456663172
4.3390625,2.47124348
4.340625,2.482178711
4.3421875,2.482178711
4.34375,2.511339327
4.3453125,3.003424726
4.346875,2.857621645
4.3484375,2.47124348
4.35,2.482178711
4.3515625,2.47124348
4.353125,2.391051785
4.3546875,2.485823788
4.35625,2.482178711
4.3578125,2.453018095
4.359375,2.47124348
4.3609375,2.474888557
4.3625,2.449373018
4.3640625,2.624336715
4.365625,2.97426411
4.3671875,2.74097918
4.36875,2.478533634
4.3703125,2.482178711
4.371875,2.460308249
4.3734375,2.423857478
4.375,2.482178711
4.3765625,2.478533634
4.378125,2.456663172
4.3796875,2.467598403
4.38125,2.474888557
4.3828125,2.478533634
4.384375,2.733689026
4.3859375,2.985199341
4.3875,2.657142408
4.3890625,2.478533634
4.390625,2.456663172
4.3921875,2.405632093
4.39375,2.478533634
4.3953125,2.478533634
4.396875,2.478533634
4.3984375,2.478533634
4.4,2.474888557
4.4015625,2.47124348
4.403125,2.453018095
4.4046875,2.835751183
4.40625,2.97426411
4.4078125,2.551435174
4.409375,2.478533634
4.4109375,2.456663172
4.4125,2.398341939
4.4140625,2.485823788
4.415625,2.478533634
4.4171875,2.478533634
4.41875,2.460308249
4.4203125,2.456663172
4.421875,2.478533634
4.4234375,2.474888557
4.425,2.945103493
4.4265625,2.926878108
4.428125,2.460308249
4.4296875,2.474888557
4.43125,2.485823788
4.4328125,2.398341939
4.434375,2.482178711
4.4359375,2.482178711
4.4375,2.478533634
4.4390625,2.456663172
4.440625,2.460308249
4.4421875,2.478533634
4.44375,2.496759019
4.4453125,2.996134572
4.446875,2.832106106
4.4484375,2.449373018
4.45,2.482178711
4.4515625,2.467598403
4.453125,2.376471477
4.4546875,2.485823788
4.45625,2.482178711
4.4578125,2.478533634
4.459375,2.463953326
4.4609375,2.460308249
4.4625,2.478533634
4.4640625,2.638917023
4.465625,2.992489495
4.4671875,2.730043949
4.46875,2.453018095
4.4703125,2.485823788
4.471875,2.434792709
4.4734375,2.416567324
4.475,2.485823788
4.4765625,2.456663172
4.478125,2.478533634
4.4796875,2.47124348
4.48125,2.460308249
4.4828125,2.478533634
4.484375,2.722753795
4.4859375,2.977909187
4.4875,2.635271946
4.4890625,2.482178711
4.490625,2.485823788
4.4921875,2.369181323
4.49375,2.47124348
4.4953125,2.482178711
4.496875,2.456663172
4.4984375,2.478533634
4.5,2.482178711
4.5015625,2.478533634
4.503125,2.482178711
4.5046875,2.835751183
4.50625,2.966973956
4.5078125,2.529564712
4.509375,2.460308249
4.5109375,2.485823788
4.5125,2.391051785
4.5140625,2.493113942
4.515625,2.482178711
4.5171875,2.460308249
4.51875,2.478533634
4.5203125,2.482178711
4.521875,2.489468865
4.5234375,2.485823788
4.525,2.945103493
4.5265625,2.923233031
4.528125,2.482178711
4.5296875,2.456663172
4.53125,2.493113942
4.5328125,2.380116554
4.534375,2.467598403
4.5359375,2.489468865
4.5375,2.460308249
4.5390625,2.474888557
4.540625,2.485823788
4.5421875,2.485823788
4.54375,2.547790097
4.5453125,3.01071488
4.546875,2.835751183
4.5484375,2.485823788
4.55,2.489468865
4.5515625,2.496759019
4.553125,2.387406708
4.5546875,2.47124348
4.55625,2.489468865
4.5578125,2.460308249
4.559375,2.47124348
4.5609375,2.485823788
4.5625,2.482178711
4.5640625,2.657142408
4.565625,2.977909187
4.5671875,2.711818564
4.56875,2.482178711
4.5703125,2.493113942
4.571875,2.445727941
4.5734375,2.427502555
4.575,2.47124348
4.5765625,2.485823788
4.578125,2.482178711
4.5796875,2.485823788
4.58125,2.478533634
4.5828125,2.453018095
4.584375,2.770139796
4.5859375,2.988844418
4.5875,2.624336715
4.5890625,2.485823788
4.590625,2.463953326
4.5921875,2.383761631
4.59375,2.482178711
4.5953125,2.463953326
4.596875,2.482178711
4.5984375,2.467598403
4.6,2.47124348
4.6015625,2.478533634
4.603125,2.485823788
4.6046875,2.879492107
4.60625,2.977909187
4.6078125,2.525919635
4.609375,2.485823788
4.6109375,2.489468865
4.6125,2.391051785
4.6140625,2.489468865
4.615625,2.460308249
4.6171875,2.489468865
4.61875,2.489468865
4.6203125,2.482178711
4.621875,2.482178711
4.6234375,2.456663172
4.625,2.977909187
4.6265625,2.919587954
4.628125,2.482178711
4.6296875,2.485823788
4.63125,2.493113942
4.6328125,2.391051785
4.634375,2.482178711
4.6359375,2.460308249
4.6375,2.489468865
4.6390625,2.485823788
4.640625,2.485823788
4.6421875,2.485823788
4.64375,2.540499943
4.6453125,2.996134572
4.646875,2.821170874
4.6484375,2.482178711
4.65,2.485823788
4.6515625,2.489468865
4.653125,2.394696862
4.6546875,2.485823788
4.65625,2.463953326
4.6578125,2.485823788
4.659375,2.47124348
4.6609375,2.47124348
4.6625,2.489468865
4.6640625,2.649852254
4.665625,2.992489495
4.6671875,2.708173487
4.66875,2.456663172
4.6703125,2.493113942
4.671875,2.442082864
4.6734375,2.453018095
4.675,2.493113942
4.6765625,2.463953326
4.678125,2.482178711
4.6796875,2.478533634
4.68125,2.467598403
4.6828125,2.482178711
4.684375,2.766494719
4.6859375,2.985199341
4.6875,2.598821176
4.6890625,2.463953326
4.690625,2.496759019
4.6921875,2.394696862
4.69375,2.482178711
4.6953125,2.489468865
4.696875,2.460308249
4.6984375,2.485823788
4.7,2.478533634
4.7015625,2.463953326
4.703125,2.489468865
4.7046875,2.87584703
4.70625,2.966973956
4.7078125,2.511339327
4.709375,2.463953326
4.7109375,2.493113942
4.7125,2.416567324
4.7140625,2.500404096
4.715625,2.493113942
4.7171875,2.493113942
4.71875,2.493113942
4.7203125,2.482178711
4.721875,2.463953326
4.7234375,2.496759019
4.725,3.003424726
4.7265625,2.9122978
4.728125,2.485823788
4.7296875,2.467598403
4.73125,2.493113942
4.7328125,2.391051785
4.734375,2.478533634
4.7359375,2.489468865
4.7375,2.47124348
4.7390625,2.482178711
4.740625,2.478533634
4.7421875,2.467598403
4.74375,2.587885945
4.7453125,2.981554264
4.746875,2.795655335
4.7484375,2.485823788
4.75,2.463953326
4.7515625,2.489468865
4.753125,2.398341939
4.7546875,2.47124348
4.75625,2.493113942
4.7578125,2.493113942
4.759375,2.489468865
4.7609375,2.485823788
4.7625,2.463953326
4.7640625,2.697238256
4.765625,2.985199341
4.7671875,2.686303024
4.76875,2.482178711
4.7703125,2.47124348
4.771875,2.416567324
4.7734375,2.463953326
4.775,2.496759019
4.7765625,2.493113942
4.778125,2.467598403
4.7796875,2.478533634
4.78125,2.485823788
4.7828125,2.460308249
4.784375,2.810235643
4.7859375,2.996134572
4.7875,2.591531022
4.7890625,2.489468865
4.790625,2.496759019
4.7921875,2.391051785
4.79375,2.496759019
4.7953125,2.493113942
4.796875,2.489468865
4.7984375,2.493113942
4.8,2.493113942
4.8015625,2.485823788
4.803125,2.489468865
4.8046875,2.897717492
4.80625,2.963328879
4.8078125,2.50769425
4.809375,2.493113942
4.8109375,2.496759019
4.8125,2.383761631
4.8140625,2.482178711
4.815625,2.489468865
4.8171875,2.463953326
4.81875,2.485823788
4.8203125,2.478533634
4.821875,2.463953326
4.8234375,2.504049173
4.825,2.985199341
4.8265625,2.879492107
4.828125,2.489468865
4.8296875,2.489468865
4.83125,2.496759019
4.8328125,2.391051785
4.834375,2.478533634
4.8359375,2.493113942
4.8375,2.493113942
4.8390625,2.493113942
4.840625,2.482178711
4.8421875,2.467598403
4.84375,2.60611133
4.8453125,3.003424726
4.846875,2.799300412
4.8484375,2.489468865
4.85,2.493113942
4.8515625,2.493113942
4.853125,2.420212401
4.8546875,2.496759019
4.85625,2.496759019
4.8578125,2.496759019
4.859375,2.478533634
4.8609375,2.474888557
4.8625,2.493113942
4.8640625,2.686303024
4.865625,2.996134572
4.8671875,2.697238256
4.86875,2.489468865
4.8703125,2.500404096
4.871875,2.434792709
4.8734375,2.482178711
4.875,2.496759019
4.8765625,2.47124348
4.878125,2.485823788
4.8796875,2.482178711
4.88125,2.474888557
4.8828125,2.489468865
4.884375,2.832106106
4.8859375,2.999779649
4.8875,2.576950714
4.8890625,2.47124348
4.890625,2.504049173
4.8921875,2.40927717
4.89375,2.504049173
4.8953125,2.500404096
4.896875,2.496759019
4.8984375,2.500404096
4.9,2.496759019
4.9015625,2.493113942
4.903125,2.496759019
4.9046875,2.945103493
4.90625,2.97426411
4.9078125,2.511339327
4.909375,2.496759019
4.9109375,2.504049173
4.9125,2.401987016
4.9140625,2.50769425
4.915625,2.500404096
4.9171875,2.500404096
4.91875,2.500404096
4.9203125,2.496759019
4.921875,2.496759019
4.9234375,2.525919635
4.925,3.021650111
4.9265625,2.868556876
4.928125,2.474888557
4.9296875,2.500404096
4.93125,2.482178711
4.9328125,2.412922247
4.934375,2.504049173
4.9359375,2.496759019
4.9375,2.504049173
4.9390625,2.485823788
4.940625,2.478533634
4.9421875,2.500404096
4.94375,2.602466253
4.9453125,3.003424726
4.946875,2.788365181
4.9484375,2.496759019
4.95,2.500404096
4.9515625,2.463953326
4.953125,2.416567324
4.9546875,2.496759019
4.95625,2.478533634
4.9578125,2.496759019
4.959375,2.482178711
4.9609375,2.482178711
4.9625,2.500404096
4.9640625,2.711818564
4.965625,2.999779649
4.9671875,2.671722716
4.96875,2.467598403
4.9703125,2.504049173
4.971875,2.405632093
4.9734375,2.478533634
4.975,2.504049173
4.9765625,2.500404096
4.978125,2.496759019
4.9796875,2.500404096
4.98125,2.500404096
4.9828125,2.496759019
4.984375,2.857621645
4.9859375,3.007069803
4.9875,2.573305637
4.9890625,2.500404096
4.990625,2.50769425
4.9921875,2.412922247
4.99375,2.50769425
4.9953125,2.504049173
4.996875,2.500404096
4.9984375,2.485823788
5,2.485823788
5.0015625,2.493113942
5.003125,2.474888557
5.0046875,2.963328879
5.00625,2.966973956
5.0078125,2.50769425
5.009375,2.500404096
5.0109375,-0.477623836
5.0125,-1.935654647
5.0140625,-2.642799591
5.015625,-2.60634882
5.0171875,-2.617284051
5.01875,-2.599058666
5.0203125,-2.591768512
5.021875,-2.602703743
5.0234375,-2.639154514
5.025,-3.076563757
5.0265625,-2.959921292
5.028125,-2.580833281
5.0296875,-2.573543127
5.03125,-2.566252973
5.0328125,-2.460545739
5.034375,-2.529802203
5.0359375,-2.544382511
5.0375,-2.518866972
5.0390625,-2.518866972
5.040625,-2.526157126
5.0421875,-2.507931741
5.04375,-2.675605284
5.0453125,-2.992726985
5.046875,-2.770377287
5.0484375,-2.522512049
5.05,-2.489706355
5.0515625,-2.475126047
5.053125,-2.4350302
5.0546875,-2.486061278
5.05625,-2.511576818
5.0578125,-2.486061278
5.059375,-2.486061278
5.0609375,-2.500641586
5.0625,-2.478771124
5.0640625,-2.744861747
5.065625,-2.970856523
5.0671875,-2.646444668
5.06875,-2.493351432
5.0703125,-2.47148097
5.071875,-2.376708968
5.0734375,-2.464190816
5.075,-2.467835893
5.0765625,-2.486061278
5.078125,-2.467835893
5.0796875,-2.47148097
5.08125,-2.486061278
5.0828125,-2.456900662
5.084375,-2.835988673
5.0859375,-2.952631138
5.0875,-2.526157126
5.0890625,-2.486061278
5.090625,-2.460545739
5.0921875,-2.354838505
5.09375,-2.47148097
5.0953125,-2.453255585
5.096875,-2.475126047
5.0984375,-2.464190816
5.1,-2.460545739
5.1015625,-2.475126047
5.103125,-2.482416201
5.1046875,-2.930760676
5.10625,-2.916180368
5.1078125,-2.486061278
5.109375,-2.475126047
5.1109375,-2.467835893
5.1125,-2.351193428
5.1140625,-2.449610508
5.115625,-2.467835893
5.1171875,-2.449610508
5.11875,-2.464190816
5.1203125,-2.464190816
5.121875,-2.445965431
5.1234375,-2.537092357
5.125,-2.934405753
5.1265625,-2.799537903
5.128125,-2.475126047
5.1296875,-2.445965431
5.13125,-2.453255585
5.1328125,-2.351193428
5.134375,-2.445965431
5.1359375,-2.464190816
5.1375,-2.449610508
5.1390625,-2.453255585
5.140625,-2.460545739
5.1421875,-2.445965431
5.14375,-2.63186436
5.1453125,-2.927115599
5.146875,-2.697475746
5.1484375,-2.467835893
5.15,-2.4350302
5.1515625,-2.416804815
5.153125,-2.39857943
5.1546875,-2.4350302
5.15625,-2.464190816
5.1578125,-2.445965431
5.159375,-2.449610508
5.1609375,-2.464190816
5.1625,-2.442320354
5.1640625,-2.722991285
5.165625,-2.930760676
5.1671875,-2.595413589
5.16875,-2.460545739
5.1703125,-2.438675277
5.171875,-2.358483582
5.1734375,-2.438675277
5.175,-2.4350302
5.1765625,-2.460545739
5.178125,-2.442320354
5.1796875,-2.449610508
5.18125,-2.460545739
5.1828125,-2.4350302
5.184375,-2.825053442
5.1859375,-2.927115599
5.1875,-2.493351432
5.1890625,-2.464190816
5.190625,-2.456900662
5.1921875,-2.343903274
5.19375,-2.453255585
5.1953125,-2.460545739
5.196875,-2.456900662
5.1984375,-2.460545739
5.2,-2.460545739
5.2015625,-2.456900662
5.203125,-2.460545739
5.2046875,-2.923470522
5.20625,-2.883374674
5.2078125,-2.460545739
5.209375,-2.4350302
5.2109375,-2.442320354
5.2125,-2.343903274
5.2140625,-2.431385123
5.215625,-2.453255585
5.2171875,-2.4350302
5.21875,-2.445965431
5.2203125,-2.449610508
5.221875,-2.431385123
5.2234375,-2.540737434
5.225,-2.919825445
5.2265625,-2.770377287
5.228125,-2.460545739
5.2296875,-2.427740046
5.23125,-2.4350302
5.2328125,-2.33661312
5.234375,-2.431385123
5.2359375,-2.449610508
5.2375,-2.4350302
5.2390625,-2.442320354
5.240625,-2.445965431
5.2421875,-2.431385123
5.24375,-2.635509437
5.2453125,-2.912535291
5.246875,-2.671960207
5.2484375,-2.456900662
5.25,-2.424094969
5.2515625,-2.387644199
5.253125,-2.394934353
5.2546875,-2.424094969
5.25625,-2.453255585
5.2578125,-2.4350302
5.259375,-2.4350302
5.2609375,-2.453255585
5.2625,-2.431385123
5.2640625,-2.726636362
5.265625,-2.919825445
5.2671875,-2.566252973
5.26875,-2.449610508
5.2703125,-2.427740046
5.271875,-2.329322966
5.2734375,-2.431385123
5.275,-2.427740046
5.2765625,-2.453255585
5.278125,-2.431385123
5.2796875,-2.438675277
5.28125,-2.449610508
5.2828125,-2.427740046
5.284375,-2.828698519
5.2859375,-2.912535291
5.2875,-2.47148097
5.2890625,-2.453255585
5.290625,-2.445965431
5.2921875,-2.343903274
5.29375,-2.445965431
5.2953125,-2.449610508
5.296875,-2.445965431
5.2984375,-2.449610508
5.3,-2.449610508
5.3015625,-2.445965431
5.303125,-2.456900662
5.3046875,-2.927115599
5.30625,-2.861504212
5.3078125,-2.449610508
5.309375,-2.427740046
5.3109375,-2.4350302
5.3125,-2.347548351
5.3140625,-2.424094969
5.315625,-2.445965431
5.3171875,-2.424094969
5.31875,-2.438675277
5.3203125,-2.442320354
5.321875,-2.424094969
5.3234375,-2.544382511
5.325,-2.908890214
5.3265625,-2.744861747
5.328125,-2.449610508
5.3296875,-2.424094969
5.33125,-2.424094969
5.3328125,-2.343903274
5.334375,-2.424094969
5.3359375,-2.442320354
5.3375,-2.427740046
5.3390625,-2.4350302
5.340625,-2.438675277
5.3421875,-2.427740046
5.34375,-2.642799591
5.3453125,-2.905245137
5.346875,-2.650089745
5.3484375,-2.449610508
5.35,-2.416804815
5.3515625,-2.373063891
5.353125,-2.402224507
5.3546875,-2.416804815
5.35625,-2.449610508
5.3578125,-2.431385123
5.359375,-2.431385123
5.3609375,-2.445965431
5.3625,-2.424094969
5.3640625,-2.737571593
5.365625,-2.912535291
5.3671875,-2.548027588
5.36875,-2.445965431
5.3703125,-2.424094969
5.371875,-2.347548351
5.3734375,-2.427740046
5.375,-2.424094969
5.3765625,-2.445965431
5.378125,-2.427740046
5.3796875,-2.4350302
5.38125,-2.449610508
5.3828125,-2.420449892
5.384375,-2.83963375
5.3859375,-2.905245137
5.3875,-2.453255585
5.3890625,-2.445965431
5.390625,-2.424094969
5.3921875,-2.332968043
5.39375,-2.442320354
5.3953125,-2.445965431
5.396875,-2.442320354
5.3984375,-2.445965431
5.4,-2.445965431
5.4015625,-2.445965431
5.403125,-2.464190816
5.4046875,-2.927115599
5.40625,-2.83963375
5.4078125,-2.445965431
5.409375,-2.445965431
5.4109375,-2.438675277
5.4125,-2.347548351
5.4140625,-2.442320354
5.415625,-2.442320354
5.4171875,-2.420449892
5.41875,-2.4350302
5.4203125,-2.438675277
5.421875,-2.416804815
5.4234375,-2.558962819
5.425,-2.905245137
5.4265625,-2.722991285
5.428125,-2.445965431
5.4296875,-2.420449892
5.43125,-2.416804815
5.4328125,-2.343903274
5.434375,-2.420449892
5.4359375,-2.442320354
5.4375,-2.427740046
5.4390625,-2.431385123
5.440625,-2.438675277
5.4421875,-2.424094969
5.44375,-2.657379899
5.4453125,-2.897954983
5.446875,-2.63186436
5.4484375,-2.445965431
5.45,-2.413159738
5.4515625,-2.365773736
5.453125,-2.409514661
5.4546875,-2.413159738
5.45625,-2.445965431
5.4578125,-2.427740046
5.459375,-2.427740046
5.4609375,-2.442320354
5.4625,-2.420449892
5.4640625,-2.748506824
5.465625,-2.908890214
5.4671875,-2.526157126
5.46875,-2.438675277
5.4703125,-2.416804815
5.471875,-2.343903274
5.4734375,-2.424094969
5.475,-2.416804815
5.4765625,-2.438675277
5.478125,-2.424094969
5.4796875,-2.427740046
5.48125,-2.442320354
5.4828125,-2.416804815
5.484375,-2.846923904
5.4859375,-2.890664828
5.4875,-2.438675277
5.4890625,-2.442320354
5.490625,-2.416804815
5.4921875,-2.33661312
5.49375,-2.427740046
5.4953125,-2.416804815
5.496875,-2.4350302
5.4984375,-2.424094969
5.5,-2.424094969
5.5015625,-2.442320354
5.503125,-2.445965431
5.5046875,-2.919825445
5.50625,-2.810473134
5.5078125,-2.416804815
5.509375,-2.438675277
5.5109375,-2.431385123
5.5125,-2.343903274
5.5140625,-2.438675277
5.515625,-2.438675277
5.5171875,-2.4350302
5.51875,-2.442320354
5.5203125,-2.442320354
5.521875,-2.438675277
5.5234375,-2.573543127
5.525,-2.916180368
5.5265625,-2.722991285
5.528125,-2.442320354
5.5296875,-2.438675277
5.53125,-2.405869584
5.5328125,-2.354838505
5.534375,-2.4350302
5.5359375,-2.4350302
5.5375,-2.424094969
5.5390625,-2.427740046
5.540625,-2.431385123
5.5421875,-2.416804815
5.54375,-2.664670053
5.5453125,-2.894309906
5.546875,-2.609993897
5.5484375,-2.438675277
5.55,-2.409514661
5.5515625,-2.33661312
5.553125,-2.413159738
5.5546875,-2.409514661
5.55625,-2.438675277
5.5578125,-2.420449892
5.559375,-2.420449892
5.5609375,-2.438675277
5.5625,-2.416804815
5.5640625,-2.755796978
5.565625,-2.905245137
5.5671875,-2.507931741
5.56875,-2.4350302
5.5703125,-2.413159738
5.571875,-2.318387735
5.5734375,-2.420449892
5.575,-2.413159738
5.5765625,-2.438675277
5.578125,-2.420449892
5.5796875,-2.424094969
5.58125,-2.438675277
5.5828125,-2.413159738
5.584375,-2.857859135
5.5859375,-2.883374674
5.5875,-2.424094969
5.5890625,-2.438675277
5.590625,-2.413159738
5.5921875,-2.322032812
5.59375,-2.427740046
5.5953125,-2.413159738
5.596875,-2.4350302
5.5984375,-2.424094969
5.6,-2.424094969
5.6015625,-2.438675277
5.603125,-2.456900662
5.6046875,-2.912535291
5.60625,-2.795892826
5.6078125,-2.416804815
5.609375,-2.438675277
5.6109375,-2.413159738
5.6125,-2.332968043
5.6140625,-2.431385123
5.615625,-2.413159738
5.6171875,-2.427740046
5.61875,-2.424094969
5.6203125,-2.420449892
5.621875,-2.4350302
5.6234375,-2.558962819
5.625,-2.90160006
5.6265625,-2.697475746
5.628125,-2.416804815
5.6296875,-2.4350302
5.63125,-2.387644199
5.6328125,-2.354838505
5.634375,-2.431385123
5.6359375,-2.405869584
5.6375,-2.431385123
5.6390625,-2.424094969
5.640625,-2.413159738
5.6421875,-2.438675277
5.64375,-2.679250361
5.6453125,-2.908890214
5.646875,-2.609993897
5.6484375,-2.438675277
5.65,-2.427740046
5.6515625,-2.343903274
5.653125,-2.420449892
5.6546875,-2.427740046
5.65625,-2.4350302
5.6578125,-2.4350302
5.659375,-2.431385123
5.6609375,-2.438675277
5.6625,-2.438675277
5.6640625,-2.774022364
5.665625,-2.897954983
5.6671875,-2.493351432
5.66875,-2.431385123
5.6703125,-2.409514661
5.671875,-2.329322966
5.6734375,-2.420449892
5.675,-2.409514661
5.6765625,-2.4350302
5.678125,-2.416804815
5.6796875,-2.420449892
5.68125,-2.438675277
5.6828125,-2.413159738
5.684375,-2.868794366
5.6859375,-2.868794366
5.6875,-2.420449892
5.6890625,-2.4350302
5.690625,-2.409514661
5.6921875,-2.329322966
5.69375,-2.424094969
5.6953125,-2.413159738
5.696875,-2.431385123
5.6984375,-2.420449892
5.7,-2.420449892
5.7015625,-2.4350302
5.703125,-2.467835893
5.7046875,-2.908890214
5.70625,-2.777667441
5.7078125,-2.409514661
5.709375,-2.4350302
5.7109375,-2.409514661
5.7125,-2.314742658
5.7140625,-2.427740046
5.715625,-2.409514661
5.7171875,-2.427740046
5.71875,-2.424094969
5.7203125,-2.416804815
5.721875,-2.431385123
5.7234375,-2.573543127
5.725,-2.897954983
5.7265625,-2.682895438
5.728125,-2.413159738
5.7296875,-2.431385123
5.73125,-2.373063891
5.7328125,-2.362128659
5.734375,-2.427740046
5.7359375,-2.402224507
5.7375,-2.427740046
5.7390625,-2.424094969
5.740625,-2.409514661
5.7421875,-2.4350302
5.74375,-2.671960207
5.7453125,-2.890664828
5.746875,-2.588123435
5.7484375,-2.413159738
5.75,-2.424094969
5.7515625,-2.332968043
5.753125,-2.405869584
5.7546875,-2.427740046
5.75625,-2.409514661
5.7578125,-2.427740046
5.759375,-2.420449892
5.7609375,-2.413159738
5.7625,-2.4350302
5.7640625,-2.76673221
5.765625,-2.890664828
5.7671875,-2.489706355
5.76875,-2.405869584
5.7703125,-2.420449892
5.771875,-2.332968043
5.7734375,-2.405869584
5.775,-2.431385123
5.7765625,-2.413159738
5.778125,-2.424094969
5.7796875,-2.424094969
5.78125,-2.409514661
5.7828125,-2.4350302
5.784375,-2.865149289
5.7859375,-2.850568981
5.7875,-2.4350302
5.7890625,-2.409514661
5.790625,-2.424094969
5.7921875,-2.343903274
5.79375,-2.405869584
5.7953125,-2.431385123
5.796875,-2.413159738
5.7984375,-2.420449892
5.8,-2.4350302
5.8015625,-2.431385123
5.803125,-2.504286664
5.8046875,-2.916180368
5.80625,-2.76673221
5.8078125,-2.431385123
5.809375,-2.431385123
5.8109375,-2.424094969
5.8125,-2.340258197
5.8140625,-2.431385123
5.815625,-2.431385123
5.8171875,-2.427740046
5.81875,-2.4350302
5.8203125,-2.4350302
5.821875,-2.427740046
5.8234375,-2.609993897
5.825,-2.905245137
5.8265625,-2.66831513
5.828125,-2.4350302
5.8296875,-2.427740046
5.83125,-2.373063891
5.8328125,-2.380354045
5.834375,-2.427740046
5.8359375,-2.402224507
5.8375,-2.427740046
5.8390625,-2.424094969
5.840625,-2.409514661
5.8421875,-2.4350302
5.84375,-2.686540515
5.8453125,-2.890664828
5.846875,-2.56989805
5.8484375,-2.409514661
5.85,-2.424094969
5.8515625,-2.318387735
5.853125,-2.405869584
5.8546875,-2.427740046
5.85625,-2.405869584
5.8578125,-2.424094969
5.859375,-2.420449892
5.8609375,-2.409514661
5.8625,-2.4350302
5.8640625,-2.777667441
5.865625,-2.887019751
5.8671875,-2.475126047
5.86875,-2.405869584
5.8703125,-2.420449892
5.871875,-2.314742658
5.8734375,-2.405869584
5.875,-2.427740046
5.8765625,-2.409514661
5.878125,-2.420449892
5.8796875,-2.420449892
5.88125,-2.409514661
5.8828125,-2.4350302
5.884375,-2.87608452
5.8859375,-2.835988673
5.8875,-2.431385123
5.8890625,-2.402224507
5.890625,-2.420449892
5.8921875,-2.322032812
5.89375,-2.402224507
5.8953125,-2.431385123
5.896875,-2.409514661
5.8984375,-2.416804815
5.9,-2.427740046
5.9015625,-2.405869584
5.903125,-2.515221895
5.9046875,-2.894309906
5.90625,-2.737571593
5.9078125,-2.427740046
5.909375,-2.405869584
5.9109375,-2.413159738
5.9125,-2.318387735
5.9140625,-2.405869584
5.915625,-2.431385123
5.9171875,-2.405869584
5.91875,-2.420449892
5.9203125,-2.427740046
5.921875,-2.402224507
5.9234375,-2.620929128
5.925,-2.890664828
5.9265625,-2.628219282
5.928125,-2.431385123
5.9296875,-2.402224507
5.93125,-2.351193428
5.9328125,-2.380354045
5.934375,-2.405869584
5.9359375,-2.427740046
5.9375,-2.413159738
5.9390625,-2.420449892
5.940625,-2.424094969
5.9421875,-2.409514661
5.94375,-2.715701131
5.9453125,-2.887019751
5.946875,-2.537092357
5.9484375,-2.431385123
5.95,-2.402224507
5.9515625,-2.332968043
5.953125,-2.413159738
5.9546875,-2.402224507
5.95625,-2.427740046
5.9578125,-2.413159738
5.959375,-2.413159738
5.9609375,-2.427740046
5.9625,-2.405869584
5.9640625,-2.810473134
5.965625,-2.879729597
5.9671875,-2.445965431
5.96875,-2.427740046
5.9703125,-2.39857943
5.971875,-2.314742658
5.9734375,-2.416804815
5.975,-2.39857943
5.9765625,-2.427740046
5.978125,-2.416804815
5.9796875,-2.409514661
5.98125,-2.431385123
5.9828125,-2.413159738
5.984375,-2.894309906
5.9859375,-2.825053442
5.9875,-2.409514661
5.9890625,-2.424094969
5.990625,-2.402224507
5.9921875,-2.311097581
5.99375,-2.413159738
5.9953125,-2.405869584
5.996875,-2.424094969
5.9984375,-2.409514661
6,-2.413159738
6.0015625,-2.427740046
6.003125,-2.526157126
6.0046875,-2.905245137
6.00625,-2.733926516
6.0078125,-2.427740046
6.009375,-2.427740046
6.0109375,-2.413159738
