x-axis,1
second,Volt
+1.0560000E+00,+15.0E-06
+1.0565000E+00,+15.0E-06
+1.0570000E+00,-610.0E-06
+1.0575000E+00,+15.0E-06
+1.0580000E+00,-610.0E-06
+1.0585000E+00,+15.0E-06
+1.0590000E+00,+15.0E-06
+1.0595000E+00,-610.0E-06
+1.0600000E+00,+15.0E-06
+1.0605000E+00,+640.0E-06
+1.0610000E+00,+15.0E-06
+1.0615000E+00,+640.0E-06
+1.0620000E+00,+640.0E-06
+1.0625000E+00,-610.0E-06
+1.0630000E+00,+15.0E-06
+1.0635000E+00,+15.0E-06
+1.0640000E+00,-610.0E-06
+1.0645000E+00,+640.0E-06
+1.0650000E+00,+15.0E-06
+1.0655000E+00,+15.0E-06
+1.0660000E+00,-610.0E-06
+1.0665000E+00,+15.0E-06
+1.0670000E+00,+15.0E-06
+1.0675000E+00,+15.0E-06
+1.0680000E+00,+15.0E-06
+1.0685000E+00,+1.2650E-03
+1.0690000E+00,-610.0E-06
+1.0695000E+00,-610.0E-06
+1.0700000E+00,-1.2350E-03
+1.0705000E+00,+15.0E-06
+1.0710000E+00,+15.0E-06
+1.0715000E+00,-610.0E-06
+1.0720000E+00,-610.0E-06
+1.0725000E+00,+640.0E-06
+1.0730000E+00,-610.0E-06
+1.0735000E+00,-610.0E-06
+1.0740000E+00,-610.0E-06
+1.0745000E+00,+640.0E-06
+1.0750000E+00,+15.0E-06
+1.0755000E+00,-610.0E-06
+1.0760000E+00,-610.0E-06
+1.0765000E+00,+15.0E-06
+1.0770000E+00,-610.0E-06
+1.0775000E+00,+15.0E-06
+1.0780000E+00,+15.0E-06
+1.0785000E+00,-610.0E-06
+1.0790000E+00,-1.2350E-03
+1.0795000E+00,+15.0E-06
+1.0800000E+00,-610.0E-06
+1.0805000E+00,+15.0E-06
+1.0810000E+00,+2.5150E-03
+1.0815000E+00,+15.0E-06
+1.0820000E+00,-610.0E-06
+1.0825000E+00,+15.0E-06
+1.0830000E+00,+15.0E-06
+1.0835000E+00,-610.0E-06
+1.0840000E+00,+15.0E-06
+1.0845000E+00,+15.0E-06
+1.0850000E+00,+15.0E-06
+1.0855000E+00,+15.0E-06
+1.0860000E+00,-610.0E-06
+1.0865000E+00,+15.0E-06
+1.0870000E+00,+15.0E-06
+1.0875000E+00,+15.0E-06
+1.0880000E+00,+640.0E-06
+1.0885000E+00,-610.0E-06
+1.0890000E+00,-610.0E-06
+1.0895000E+00,-610.0E-06
+1.0900000E+00,-1.2350E-03
+1.0905000E+00,+15.0E-06
+1.0910000E+00,+15.0E-06
+1.0915000E+00,+15.0E-06
+1.0920000E+00,+15.0E-06
+1.0925000E+00,+15.0E-06
+1.0930000E+00,-610.0E-06
+1.0935000E+00,+15.0E-06
+1.0940000E+00,+15.0E-06
+1.0945000E+00,+15.0E-06
+1.0950000E+00,-610.0E-06
+1.0955000E+00,+15.0E-06
+1.0960000E+00,+15.0E-06
+1.0965000E+00,+15.0E-06
+1.0970000E+00,-610.0E-06
+1.0975000E+00,-610.0E-06
+1.0980000E+00,+15.0E-06
+1.0985000E+00,-610.0E-06
+1.0990000E+00,-610.0E-06
+1.0995000E+00,-610.0E-06
+1.1000000E+00,+15.0E-06
+1.1005000E+00,+640.0E-06
+1.1010000E+00,+15.0E-06
+1.1015000E+00,-610.0E-06
+1.1020000E+00,+15.0E-06
+1.1025000E+00,+15.0E-06
+1.1030000E+00,-610.0E-06
+1.1035000E+00,-610.0E-06
+1.1040000E+00,+15.0E-06
+1.1045000E+00,+640.0E-06
+1.1050000E+00,+15.0E-06
+1.1055000E+00,+15.0E-06
+1.1060000E+00,-610.0E-06
+1.1065000E+00,+15.0E-06
+1.1070000E+00,+1.2650E-03
+1.1075000E+00,+15.0E-06
+1.1080000E+00,+15.0E-06
+1.1085000E+00,+15.0E-06
+1.1090000E+00,-610.0E-06
+1.1095000E+00,+15.0E-06
+1.1100000E+00,+15.0E-06
+1.1105000E+00,+15.0E-06
+1.1110000E+00,-610.0E-06
+1.1115000E+00,-1.2350E-03
+1.1120000E+00,-610.0E-06
+1.1125000E+00,+640.0E-06
+1.1130000E+00,-610.0E-06
+1.1135000E+00,-610.0E-06
+1.1140000E+00,+640.0E-06
+1.1145000E+00,+15.0E-06
+1.1150000E+00,-610.0E-06
+1.1155000E+00,-610.0E-06
+1.1160000E+00,+15.0E-06
+1.1165000E+00,-610.0E-06
+1.1170000E+00,+15.0E-06
+1.1175000E+00,+15.0E-06
+1.1180000E+00,-610.0E-06
+1.1185000E+00,+15.0E-06
+1.1190000E+00,+15.0E-06
+1.1195000E+00,-610.0E-06
+1.1200000E+00,+15.0E-06
+1.1205000E+00,-610.0E-06
+1.1210000E+00,+15.0E-06
+1.1215000E+00,+640.0E-06
+1.1220000E+00,-610.0E-06
+1.1225000E+00,+15.0E-06
+1.1230000E+00,+15.0E-06
+1.1235000E+00,+15.0E-06
+1.1240000E+00,-610.0E-06
+1.1245000E+00,-610.0E-06
+1.1250000E+00,+15.0E-06
+1.1255000E+00,-610.0E-06
+1.1260000E+00,-1.8600E-03
+1.1265000E+00,+15.0E-06
+1.1270000E+00,+15.0E-06
+1.1275000E+00,-1.2350E-03
+1.1280000E+00,+15.0E-06
+1.1285000E+00,+15.0E-06
+1.1290000E+00,+15.0E-06
+1.1295000E+00,+15.0E-06
+1.1300000E+00,+15.0E-06
+1.1305000E+00,+15.0E-06
+1.1310000E+00,+15.0E-06
+1.1315000E+00,-610.0E-06
+1.1320000E+00,+15.0E-06
+1.1325000E+00,-610.0E-06
+1.1330000E+00,+15.0E-06
+1.1335000E+00,-610.0E-06
+1.1340000E+00,-610.0E-06
+1.1345000E+00,-610.0E-06
+1.1350000E+00,+15.0E-06
+1.1355000E+00,-610.0E-06
+1.1360000E+00,-610.0E-06
+1.1365000E+00,+15.0E-06
+1.1370000E+00,+15.0E-06
+1.1375000E+00,-610.0E-06
+1.1380000E+00,-610.0E-06
+1.1385000E+00,-610.0E-06
+1.1390000E+00,-1.2350E-03
+1.1395000E+00,-610.0E-06
+1.1400000E+00,-1.2350E-03
+1.1405000E+00,-1.2350E-03
+1.1410000E+00,+15.0E-06
+1.1415000E+00,+640.0E-06
+1.1420000E+00,+15.0E-06
+1.1425000E+00,+15.0E-06
+1.1430000E+00,+640.0E-06
+1.1435000E+00,-610.0E-06
+1.1440000E+00,+15.0E-06
+1.1445000E+00,+640.0E-06
+1.1450000E+00,+15.0E-06
+1.1455000E+00,+640.0E-06
+1.1460000E+00,+15.0E-06
+1.1465000E+00,+640.0E-06
+1.1470000E+00,+15.0E-06
+1.1475000E+00,+15.0E-06
+1.1480000E+00,+15.0E-06
+1.1485000E+00,+640.0E-06
+1.1490000E+00,+15.0E-06
+1.1495000E+00,+640.0E-06
+1.1500000E+00,+15.0E-06
+1.1505000E+00,+640.0E-06
+1.1510000E+00,+640.0E-06
+1.1515000E+00,+15.0E-06
+1.1520000E+00,+8.7650E-03
+1.1525000E+00,+640.0E-06
+1.1530000E+00,+640.0E-06
+1.1535000E+00,+640.0E-06
+1.1540000E+00,+640.0E-06
+1.1545000E+00,+640.0E-06
+1.1550000E+00,+640.0E-06
+1.1555000E+00,+640.0E-06
+1.1560000E+00,+640.0E-06
+1.1565000E+00,+1.2650E-03
+1.1570000E+00,+15.0E-06
+1.1575000E+00,+15.0E-06
+1.1580000E+00,+15.0E-06
+1.1585000E+00,+640.0E-06
+1.1590000E+00,+1.2650E-03
+1.1595000E+00,+640.0E-06
+1.1600000E+00,+15.0E-06
+1.1605000E+00,+15.0E-06
+1.1610000E+00,+1.2650E-03
+1.1615000E+00,+1.2650E-03
+1.1620000E+00,+1.2650E-03
+1.1625000E+00,+1.2650E-03
+1.1630000E+00,+1.8900E-03
+1.1635000E+00,+1.2650E-03
+1.1640000E+00,+1.2650E-03
+1.1645000E+00,+1.2650E-03
+1.1650000E+00,+1.2650E-03
+1.1655000E+00,+1.2650E-03
+1.1660000E+00,+640.0E-06
+1.1665000E+00,+1.2650E-03
+1.1670000E+00,+1.2650E-03
+1.1675000E+00,+1.2650E-03
+1.1680000E+00,+1.8900E-03
+1.1685000E+00,+1.2650E-03
+1.1690000E+00,+1.2650E-03
+1.1695000E+00,+1.2650E-03
+1.1700000E+00,+1.2650E-03
+1.1705000E+00,+1.2650E-03
+1.1710000E+00,+1.2650E-03
+1.1715000E+00,+1.8900E-03
+1.1720000E+00,+1.2650E-03
+1.1725000E+00,+2.5150E-03
+1.1730000E+00,+1.2650E-03
+1.1735000E+00,+1.8900E-03
+1.1740000E+00,+1.8900E-03
+1.1745000E+00,+1.2650E-03
+1.1750000E+00,+1.8900E-03
+1.1755000E+00,+1.8900E-03
+1.1760000E+00,+3.1400E-03
+1.1765000E+00,+1.8900E-03
+1.1770000E+00,+1.8900E-03
+1.1775000E+00,+1.8900E-03
+1.1780000E+00,+1.8900E-03
+1.1785000E+00,+1.8900E-03
+1.1790000E+00,+1.8900E-03
+1.1795000E+00,+1.8900E-03
+1.1800000E+00,+1.2650E-03
+1.1805000E+00,+1.8900E-03
+1.1810000E+00,+1.8900E-03
+1.1815000E+00,+2.5150E-03
+1.1820000E+00,+3.1400E-03
+1.1825000E+00,+3.1400E-03
+1.1830000E+00,+3.1400E-03
+1.1835000E+00,+3.1400E-03
+1.1840000E+00,+3.1400E-03
+1.1845000E+00,+3.1400E-03
+1.1850000E+00,+1.8900E-03
+1.1855000E+00,+3.1400E-03
+1.1860000E+00,+2.5150E-03
+1.1865000E+00,+3.1400E-03
+1.1870000E+00,+2.5150E-03
+1.1875000E+00,+2.5150E-03
+1.1880000E+00,+2.5150E-03
+1.1885000E+00,+2.5150E-03
+1.1890000E+00,+2.5150E-03
+1.1895000E+00,+2.5150E-03
+1.1900000E+00,+2.5150E-03
+1.1905000E+00,+2.5150E-03
+1.1910000E+00,+3.1400E-03
+1.1915000E+00,+3.7650E-03
+1.1920000E+00,+5.0150E-03
+1.1925000E+00,+3.7650E-03
+1.1930000E+00,+4.3900E-03
+1.1935000E+00,+4.3900E-03
+1.1940000E+00,+3.7650E-03
+1.1945000E+00,+4.3900E-03
+1.1950000E+00,+3.7650E-03
+1.1955000E+00,+3.7650E-03
+1.1960000E+00,+4.3900E-03
+1.1965000E+00,+3.7650E-03
+1.1970000E+00,+3.7650E-03
+1.1975000E+00,+3.7650E-03
+1.1980000E+00,+3.1400E-03
+1.1985000E+00,+3.7650E-03
+1.1990000E+00,+3.1400E-03
+1.1995000E+00,+3.1400E-03
+1.2000000E+00,+3.1400E-03
+1.2005000E+00,+3.1400E-03
+1.2010000E+00,+3.7650E-03
+1.2015000E+00,+4.3900E-03
+1.2020000E+00,+5.0150E-03
+1.2025000E+00,+5.0150E-03
+1.2030000E+00,+4.3900E-03
+1.2035000E+00,+5.0150E-03
+1.2040000E+00,+5.0150E-03
+1.2045000E+00,+5.0150E-03
+1.2050000E+00,+5.0150E-03
+1.2055000E+00,+4.3900E-03
+1.2060000E+00,+4.3900E-03
+1.2065000E+00,+4.3900E-03
+1.2070000E+00,+4.3900E-03
+1.2075000E+00,+4.3900E-03
+1.2080000E+00,+3.7650E-03
+1.2085000E+00,+3.7650E-03
+1.2090000E+00,+4.3900E-03
+1.2095000E+00,+4.3900E-03
+1.2100000E+00,+4.3900E-03
+1.2105000E+00,+3.7650E-03
+1.2110000E+00,+5.0150E-03
+1.2115000E+00,+5.0150E-03
+1.2120000E+00,+6.8900E-03
+1.2125000E+00,+6.8900E-03
+1.2130000E+00,+6.8900E-03
+1.2135000E+00,+6.8900E-03
+1.2140000E+00,+8.7650E-03
+1.2145000E+00,+5.6400E-03
+1.2150000E+00,+5.6400E-03
+1.2155000E+00,+8.1400E-03
+1.2160000E+00,+5.6400E-03
+1.2165000E+00,+5.0150E-03
+1.2170000E+00,+5.0150E-03
+1.2175000E+00,+5.0150E-03
+1.2180000E+00,+5.0150E-03
+1.2185000E+00,+5.0150E-03
+1.2190000E+00,+5.0150E-03
+1.2195000E+00,+5.0150E-03
+1.2200000E+00,+4.3900E-03
+1.2205000E+00,+3.7650E-03
+1.2210000E+00,+5.6400E-03
+1.2215000E+00,+6.2650E-03
+1.2220000E+00,+6.8900E-03
+1.2225000E+00,+7.5150E-03
+1.2230000E+00,+7.5150E-03
+1.2235000E+00,+7.5150E-03
+1.2240000E+00,+7.5150E-03
+1.2245000E+00,+7.5150E-03
+1.2250000E+00,+6.8900E-03
+1.2255000E+00,+7.5150E-03
+1.2260000E+00,+6.8900E-03
+1.2265000E+00,+6.2650E-03
+1.2270000E+00,+6.8900E-03
+1.2275000E+00,+6.2650E-03
+1.2280000E+00,+6.2650E-03
+1.2285000E+00,+6.2650E-03
+1.2290000E+00,+6.2650E-03
+1.2295000E+00,+6.2650E-03
+1.2300000E+00,+6.2650E-03
+1.2305000E+00,+6.2650E-03
+1.2310000E+00,+5.6400E-03
+1.2315000E+00,+8.7650E-03
+1.2320000E+00,+9.3900E-03
+1.2325000E+00,+10.0150E-03
+1.2330000E+00,+8.1400E-03
+1.2335000E+00,+7.5150E-03
+1.2340000E+00,+9.3900E-03
+1.2345000E+00,+8.1400E-03
+1.2350000E+00,+8.1400E-03
+1.2355000E+00,+7.5150E-03
+1.2360000E+00,+7.5150E-03
+1.2365000E+00,+6.8900E-03
+1.2370000E+00,+6.8900E-03
+1.2375000E+00,+7.5150E-03
+1.2380000E+00,+7.5150E-03
+1.2385000E+00,+7.5150E-03
+1.2390000E+00,+6.8900E-03
+1.2395000E+00,+6.8900E-03
+1.2400000E+00,+7.5150E-03
+1.2405000E+00,+7.5150E-03
+1.2410000E+00,+8.7650E-03
+1.2415000E+00,+10.0150E-03
+1.2420000E+00,+11.2650E-03
+1.2425000E+00,+10.6400E-03
+1.2430000E+00,+10.0150E-03
+1.2435000E+00,+9.3900E-03
+1.2440000E+00,+10.0150E-03
+1.2445000E+00,+8.7650E-03
+1.2450000E+00,+8.1400E-03
+1.2455000E+00,+9.3900E-03
+1.2460000E+00,+5.6400E-03
+1.2465000E+00,+8.7650E-03
+1.2470000E+00,+8.1400E-03
+1.2475000E+00,+8.7650E-03
+1.2480000E+00,+8.1400E-03
+1.2485000E+00,+8.1400E-03
+1.2490000E+00,+7.5150E-03
+1.2495000E+00,+8.1400E-03
+1.2500000E+00,+8.1400E-03
+1.2505000E+00,+8.1400E-03
+1.2510000E+00,+8.7650E-03
+1.2515000E+00,+10.0150E-03
+1.2520000E+00,+11.8900E-03
+1.2525000E+00,+11.8900E-03
+1.2530000E+00,+10.6400E-03
+1.2535000E+00,+12.5150E-03
+1.2540000E+00,+10.6400E-03
+1.2545000E+00,+9.3900E-03
+1.2550000E+00,+10.0150E-03
+1.2555000E+00,+10.6400E-03
+1.2560000E+00,+10.0150E-03
+1.2565000E+00,+9.3900E-03
+1.2570000E+00,+10.0150E-03
+1.2575000E+00,+9.3900E-03
+1.2580000E+00,+8.7650E-03
+1.2585000E+00,+9.3900E-03
+1.2590000E+00,+10.0150E-03
+1.2595000E+00,+10.0150E-03
+1.2600000E+00,+8.7650E-03
+1.2605000E+00,+10.0150E-03
+1.2610000E+00,+10.0150E-03
+1.2615000E+00,+13.1400E-03
+1.2620000E+00,+14.3900E-03
+1.2625000E+00,+13.7650E-03
+1.2630000E+00,+13.7650E-03
+1.2635000E+00,+13.1400E-03
+1.2640000E+00,+12.5150E-03
+1.2645000E+00,+12.5150E-03
+1.2650000E+00,+11.8900E-03
+1.2655000E+00,+10.0150E-03
+1.2660000E+00,+11.2650E-03
+1.2665000E+00,+11.2650E-03
+1.2670000E+00,+11.2650E-03
+1.2675000E+00,+10.6400E-03
+1.2680000E+00,+10.0150E-03
+1.2685000E+00,+10.6400E-03
+1.2690000E+00,+11.2650E-03
+1.2695000E+00,+10.6400E-03
+1.2700000E+00,+10.6400E-03
+1.2705000E+00,+11.2650E-03
+1.2710000E+00,+11.8900E-03
+1.2715000E+00,+14.3900E-03
+1.2720000E+00,+15.0150E-03
+1.2725000E+00,+14.3900E-03
+1.2730000E+00,+14.3900E-03
+1.2735000E+00,+13.7650E-03
+1.2740000E+00,+13.7650E-03
+1.2745000E+00,+13.1400E-03
+1.2750000E+00,+12.5150E-03
+1.2755000E+00,+13.1400E-03
+1.2760000E+00,+13.1400E-03
+1.2765000E+00,+12.5150E-03
+1.2770000E+00,+12.5150E-03
+1.2775000E+00,+12.5150E-03
+1.2780000E+00,+13.1400E-03
+1.2785000E+00,+11.8900E-03
+1.2790000E+00,+11.8900E-03
+1.2795000E+00,+11.2650E-03
+1.2800000E+00,+11.2650E-03
+1.2805000E+00,+13.7650E-03
+1.2810000E+00,+14.3900E-03
+1.2815000E+00,+16.2650E-03
+1.2820000E+00,+16.8900E-03
+1.2825000E+00,+17.5150E-03
+1.2830000E+00,+16.8900E-03
+1.2835000E+00,+15.6400E-03
+1.2840000E+00,+16.2650E-03
+1.2845000E+00,+15.0150E-03
+1.2850000E+00,+15.0150E-03
+1.2855000E+00,+14.3900E-03
+1.2860000E+00,+15.0150E-03
+1.2865000E+00,+14.3900E-03
+1.2870000E+00,+15.6400E-03
+1.2875000E+00,+15.0150E-03
+1.2880000E+00,+15.0150E-03
+1.2885000E+00,+15.0150E-03
+1.2890000E+00,+13.7650E-03
+1.2895000E+00,+14.3900E-03
+1.2900000E+00,+15.0150E-03
+1.2905000E+00,+14.3900E-03
+1.2910000E+00,+15.6400E-03
+1.2915000E+00,+18.7650E-03
+1.2920000E+00,+19.3900E-03
+1.2925000E+00,+19.3900E-03
+1.2930000E+00,+19.3900E-03
+1.2935000E+00,+17.5150E-03
+1.2940000E+00,+17.5150E-03
+1.2945000E+00,+16.8900E-03
+1.2950000E+00,+16.8900E-03
+1.2955000E+00,+16.8900E-03
+1.2960000E+00,+16.8900E-03
+1.2965000E+00,+16.2650E-03
+1.2970000E+00,+16.2650E-03
+1.2975000E+00,+16.2650E-03
+1.2980000E+00,+18.1400E-03
+1.2985000E+00,+16.8900E-03
+1.2990000E+00,+16.2650E-03
+1.2995000E+00,+16.8900E-03
+1.3000000E+00,+15.0150E-03
+1.3005000E+00,+16.2650E-03
+1.3010000E+00,+18.7650E-03
+1.3015000E+00,+21.2650E-03
+1.3020000E+00,+22.5150E-03
+1.3025000E+00,+22.5150E-03
+1.3030000E+00,+21.2650E-03
+1.3035000E+00,+20.6400E-03
+1.3040000E+00,+20.0150E-03
+1.3045000E+00,+19.3900E-03
+1.3050000E+00,+18.7650E-03
+1.3055000E+00,+18.1400E-03
+1.3060000E+00,+18.7650E-03
+1.3065000E+00,+18.7650E-03
+1.3070000E+00,+19.3900E-03
+1.3075000E+00,+18.7650E-03
+1.3080000E+00,+18.7650E-03
+1.3085000E+00,+18.1400E-03
+1.3090000E+00,+21.2650E-03
+1.3095000E+00,+18.1400E-03
+1.3100000E+00,+17.5150E-03
+1.3105000E+00,+18.7650E-03
+1.3110000E+00,+20.6400E-03
+1.3115000E+00,+23.1400E-03
+1.3120000E+00,+23.7650E-03
+1.3125000E+00,+25.0150E-03
+1.3130000E+00,+24.3900E-03
+1.3135000E+00,+22.5150E-03
+1.3140000E+00,+20.6400E-03
+1.3145000E+00,+21.2650E-03
+1.3150000E+00,+21.2650E-03
+1.3155000E+00,+20.6400E-03
+1.3160000E+00,+21.8900E-03
+1.3165000E+00,+21.2650E-03
+1.3170000E+00,+20.6400E-03
+1.3175000E+00,+20.6400E-03
+1.3180000E+00,+20.6400E-03
+1.3185000E+00,+20.6400E-03
+1.3190000E+00,+20.6400E-03
+1.3195000E+00,+20.0150E-03
+1.3200000E+00,+19.3900E-03
+1.3205000E+00,+20.6400E-03
+1.3210000E+00,+23.7650E-03
+1.3215000E+00,+26.8900E-03
+1.3220000E+00,+30.0150E-03
+1.3225000E+00,+26.8900E-03
+1.3230000E+00,+26.2650E-03
+1.3235000E+00,+24.3900E-03
+1.3240000E+00,+25.0150E-03
+1.3245000E+00,+25.0150E-03
+1.3250000E+00,+25.0150E-03
+1.3255000E+00,+23.1400E-03
+1.3260000E+00,+23.7650E-03
+1.3265000E+00,+25.6400E-03
+1.3270000E+00,+25.0150E-03
+1.3275000E+00,+25.6400E-03
+1.3280000E+00,+26.8900E-03
+1.3285000E+00,+24.3900E-03
+1.3290000E+00,+23.1400E-03
+1.3295000E+00,+22.5150E-03
+1.3300000E+00,+22.5150E-03
+1.3305000E+00,+25.6400E-03
+1.3310000E+00,+26.2650E-03
+1.3315000E+00,+30.0150E-03
+1.3320000E+00,+32.5150E-03
+1.3325000E+00,+32.5150E-03
+1.3330000E+00,+30.6400E-03
+1.3335000E+00,+31.2650E-03
+1.3340000E+00,+28.7650E-03
+1.3345000E+00,+23.1400E-03
+1.3350000E+00,+24.3900E-03
+1.3355000E+00,+24.3900E-03
+1.3360000E+00,+26.2650E-03
+1.3365000E+00,+26.2650E-03
+1.3370000E+00,+26.8900E-03
+1.3375000E+00,+27.5150E-03
+1.3380000E+00,+25.6400E-03
+1.3385000E+00,+24.3900E-03
+1.3390000E+00,+23.7650E-03
+1.3395000E+00,+24.3900E-03
+1.3400000E+00,+23.7650E-03
+1.3405000E+00,+21.8900E-03
+1.3410000E+00,+29.3900E-03
+1.3415000E+00,+32.5150E-03
+1.3420000E+00,+33.7650E-03
+1.3425000E+00,+33.7650E-03
+1.3430000E+00,+34.3900E-03
+1.3435000E+00,+33.1400E-03
+1.3440000E+00,+28.1400E-03
+1.3445000E+00,+26.2650E-03
+1.3450000E+00,+25.6400E-03
+1.3455000E+00,+26.2650E-03
+1.3460000E+00,+27.5150E-03
+1.3465000E+00,+28.7650E-03
+1.3470000E+00,+30.0150E-03
+1.3475000E+00,+29.3900E-03
+1.3480000E+00,+28.7650E-03
+1.3485000E+00,+28.1400E-03
+1.3490000E+00,+27.5150E-03
+1.3495000E+00,+25.6400E-03
+1.3500000E+00,+25.6400E-03
+1.3505000E+00,+29.3900E-03
+1.3510000E+00,+30.6400E-03
+1.3515000E+00,+36.8900E-03
+1.3520000E+00,+36.2650E-03
+1.3525000E+00,+37.5150E-03
+1.3530000E+00,+35.6400E-03
+1.3535000E+00,+35.0150E-03
+1.3540000E+00,+30.0150E-03
+1.3545000E+00,+28.1400E-03
+1.3550000E+00,+26.8900E-03
+1.3555000E+00,+30.0150E-03
+1.3560000E+00,+30.6400E-03
+1.3565000E+00,+30.0150E-03
+1.3570000E+00,+30.6400E-03
+1.3575000E+00,+31.8900E-03
+1.3580000E+00,+30.6400E-03
+1.3585000E+00,+29.3900E-03
+1.3590000E+00,+25.6400E-03
+1.3595000E+00,+26.8900E-03
+1.3600000E+00,+28.7650E-03
+1.3605000E+00,+31.2650E-03
+1.3610000E+00,+35.6400E-03
+1.3615000E+00,+39.3900E-03
+1.3620000E+00,+42.5150E-03
+1.3625000E+00,+41.2650E-03
+1.3630000E+00,+41.2650E-03
+1.3635000E+00,+40.6400E-03
+1.3640000E+00,+36.8900E-03
+1.3645000E+00,+30.6400E-03
+1.3650000E+00,+30.6400E-03
+1.3655000E+00,+31.8900E-03
+1.3660000E+00,+33.1400E-03
+1.3665000E+00,+34.3900E-03
+1.3670000E+00,+35.6400E-03
+1.3675000E+00,+35.0150E-03
+1.3680000E+00,+35.0150E-03
+1.3685000E+00,+33.1400E-03
+1.3690000E+00,+30.6400E-03
+1.3695000E+00,+30.6400E-03
+1.3700000E+00,+31.2650E-03
+1.3705000E+00,+33.1400E-03
+1.3710000E+00,+40.6400E-03
+1.3715000E+00,+43.1400E-03
+1.3720000E+00,+46.2650E-03
+1.3725000E+00,+44.3900E-03
+1.3730000E+00,+43.1400E-03
+1.3735000E+00,+42.5150E-03
+1.3740000E+00,+43.1400E-03
+1.3745000E+00,+40.0150E-03
+1.3750000E+00,+33.1400E-03
+1.3755000E+00,+32.5150E-03
+1.3760000E+00,+32.5150E-03
+1.3765000E+00,+34.3900E-03
+1.3770000E+00,+36.2650E-03
+1.3775000E+00,+37.5150E-03
+1.3780000E+00,+36.8900E-03
+1.3785000E+00,+35.6400E-03
+1.3790000E+00,+33.1400E-03
+1.3795000E+00,+31.8900E-03
+1.3800000E+00,+31.8900E-03
+1.3805000E+00,+37.5150E-03
+1.3810000E+00,+42.5150E-03
+1.3815000E+00,+48.1400E-03
+1.3820000E+00,+50.0150E-03
+1.3825000E+00,+51.8900E-03
+1.3830000E+00,+46.8900E-03
+1.3835000E+00,+46.2650E-03
+1.3840000E+00,+46.8900E-03
+1.3845000E+00,+46.2650E-03
+1.3850000E+00,+39.3900E-03
+1.3855000E+00,+35.0150E-03
+1.3860000E+00,+35.6400E-03
+1.3865000E+00,+37.5150E-03
+1.3870000E+00,+40.0150E-03
+1.3875000E+00,+39.3900E-03
+1.3880000E+00,+39.3900E-03
+1.3885000E+00,+37.5150E-03
+1.3890000E+00,+36.2650E-03
+1.3895000E+00,+33.7650E-03
+1.3900000E+00,+35.0150E-03
+1.3905000E+00,+38.7650E-03
+1.3910000E+00,+46.8900E-03
+1.3915000E+00,+52.5150E-03
+1.3920000E+00,+55.6400E-03
+1.3925000E+00,+56.2650E-03
+1.3930000E+00,+50.0150E-03
+1.3935000E+00,+46.2650E-03
+1.3940000E+00,+46.8900E-03
+1.3945000E+00,+49.3900E-03
+1.3950000E+00,+50.6400E-03
+1.3955000E+00,+40.0150E-03
+1.3960000E+00,+37.5150E-03
+1.3965000E+00,+36.8900E-03
+1.3970000E+00,+38.7650E-03
+1.3975000E+00,+40.0150E-03
+1.3980000E+00,+41.2650E-03
+1.3985000E+00,+39.3900E-03
+1.3990000E+00,+38.1400E-03
+1.3995000E+00,+37.5150E-03
+1.4000000E+00,+37.5150E-03
+1.4005000E+00,+41.2650E-03
+1.4010000E+00,+45.6400E-03
+1.4015000E+00,+57.5150E-03
+1.4020000E+00,+60.6400E-03
+1.4025000E+00,+62.5150E-03
+1.4030000E+00,+55.6400E-03
+1.4035000E+00,+53.1400E-03
+1.4040000E+00,+51.2650E-03
+1.4045000E+00,+50.0150E-03
+1.4050000E+00,+52.5150E-03
+1.4055000E+00,+46.8900E-03
+1.4060000E+00,+44.3900E-03
+1.4065000E+00,+40.0150E-03
+1.4070000E+00,+44.3900E-03
+1.4075000E+00,+48.1400E-03
+1.4080000E+00,+46.8900E-03
+1.4085000E+00,+45.0150E-03
+1.4090000E+00,+41.8900E-03
+1.4095000E+00,+41.2650E-03
+1.4100000E+00,+41.8900E-03
+1.4105000E+00,+45.6400E-03
+1.4110000E+00,+50.6400E-03
+1.4115000E+00,+54.3900E-03
+1.4120000E+00,+61.8900E-03
+1.4125000E+00,+65.0150E-03
+1.4130000E+00,+58.1400E-03
+1.4135000E+00,+53.1400E-03
+1.4140000E+00,+51.8900E-03
+1.4145000E+00,+52.5150E-03
+1.4150000E+00,+51.2650E-03
+1.4155000E+00,+51.8900E-03
+1.4160000E+00,+50.6400E-03
+1.4165000E+00,+47.5150E-03
+1.4170000E+00,+45.6400E-03
+1.4175000E+00,+48.1400E-03
+1.4180000E+00,+48.1400E-03
+1.4185000E+00,+49.3900E-03
+1.4190000E+00,+48.1400E-03
+1.4195000E+00,+45.0150E-03
+1.4200000E+00,+46.2650E-03
+1.4205000E+00,+48.7650E-03
+1.4210000E+00,+58.1400E-03
+1.4215000E+00,+61.8900E-03
+1.4220000E+00,+65.0150E-03
+1.4225000E+00,+68.7650E-03
+1.4230000E+00,+66.2650E-03
+1.4235000E+00,+59.3900E-03
+1.4240000E+00,+56.2650E-03
+1.4245000E+00,+57.5150E-03
+1.4250000E+00,+55.0150E-03
+1.4255000E+00,+57.5150E-03
+1.4260000E+00,+51.2650E-03
+1.4265000E+00,+50.0150E-03
+1.4270000E+00,+48.7650E-03
+1.4275000E+00,+53.1400E-03
+1.4280000E+00,+53.1400E-03
+1.4285000E+00,+53.7650E-03
+1.4290000E+00,+50.6400E-03
+1.4295000E+00,+49.3900E-03
+1.4300000E+00,+49.3900E-03
+1.4305000E+00,+53.1400E-03
+1.4310000E+00,+58.7650E-03
+1.4315000E+00,+66.2650E-03
+1.4320000E+00,+67.5150E-03
+1.4325000E+00,+70.0150E-03
+1.4330000E+00,+68.1400E-03
+1.4335000E+00,+61.2650E-03
+1.4340000E+00,+59.3900E-03
+1.4345000E+00,+58.1400E-03
+1.4350000E+00,+56.2650E-03
+1.4355000E+00,+57.5150E-03
+1.4360000E+00,+56.8900E-03
+1.4365000E+00,+51.8900E-03
+1.4370000E+00,+52.5150E-03
+1.4375000E+00,+56.2650E-03
+1.4380000E+00,+56.2650E-03
+1.4385000E+00,+55.0150E-03
+1.4390000E+00,+54.3900E-03
+1.4395000E+00,+51.2650E-03
+1.4400000E+00,+51.8900E-03
+1.4405000E+00,+53.7650E-03
+1.4410000E+00,+62.5150E-03
+1.4415000E+00,+65.6400E-03
+1.4420000E+00,+70.6400E-03
+1.4425000E+00,+74.3900E-03
+1.4430000E+00,+67.5150E-03
+1.4435000E+00,+65.6400E-03
+1.4440000E+00,+63.7650E-03
+1.4445000E+00,+63.1400E-03
+1.4450000E+00,+63.1400E-03
+1.4455000E+00,+59.3900E-03
+1.4460000E+00,+55.6400E-03
+1.4465000E+00,+52.5150E-03
+1.4470000E+00,+55.0150E-03
+1.4475000E+00,+57.5150E-03
+1.4480000E+00,+59.3900E-03
+1.4485000E+00,+59.3900E-03
+1.4490000E+00,+53.7650E-03
+1.4495000E+00,+53.1400E-03
+1.4500000E+00,+55.6400E-03
+1.4505000E+00,+60.0150E-03
+1.4510000E+00,+64.3900E-03
+1.4515000E+00,+67.5150E-03
+1.4520000E+00,+71.8900E-03
+1.4525000E+00,+78.7650E-03
+1.4530000E+00,+69.3900E-03
+1.4535000E+00,+68.7650E-03
+1.4540000E+00,+66.8900E-03
+1.4545000E+00,+63.7650E-03
+1.4550000E+00,+65.6400E-03
+1.4555000E+00,+61.8900E-03
+1.4560000E+00,+60.0150E-03
+1.4565000E+00,+54.3900E-03
+1.4570000E+00,+54.3900E-03
+1.4575000E+00,+58.1400E-03
+1.4580000E+00,+61.2650E-03
+1.4585000E+00,+57.5150E-03
+1.4590000E+00,+55.6400E-03
+1.4595000E+00,+54.3900E-03
+1.4600000E+00,+64.3900E-03
+1.4605000E+00,+65.0150E-03
+1.4610000E+00,+66.2650E-03
+1.4615000E+00,+70.6400E-03
+1.4620000E+00,+73.1400E-03
+1.4625000E+00,+81.2650E-03
+1.4630000E+00,+75.6400E-03
+1.4635000E+00,+75.0150E-03
+1.4640000E+00,+71.2650E-03
+1.4645000E+00,+70.0150E-03
+1.4650000E+00,+67.5150E-03
+1.4655000E+00,+66.2650E-03
+1.4660000E+00,+61.2650E-03
+1.4665000E+00,+55.6400E-03
+1.4670000E+00,+58.7650E-03
+1.4675000E+00,+60.0150E-03
+1.4680000E+00,+61.8900E-03
+1.4685000E+00,+58.7650E-03
+1.4690000E+00,+58.7650E-03
+1.4695000E+00,+58.7650E-03
+1.4700000E+00,+61.2650E-03
+1.4705000E+00,+66.8900E-03
+1.4710000E+00,+70.0150E-03
+1.4715000E+00,+74.3900E-03
+1.4720000E+00,+82.5150E-03
+1.4725000E+00,+85.0150E-03
+1.4730000E+00,+84.3900E-03
+1.4735000E+00,+80.6400E-03
+1.4740000E+00,+71.8900E-03
+1.4745000E+00,+71.2650E-03
+1.4750000E+00,+72.5150E-03
+1.4755000E+00,+68.1400E-03
+1.4760000E+00,+59.3900E-03
+1.4765000E+00,+63.7650E-03
+1.4770000E+00,+61.2650E-03
+1.4775000E+00,+61.2650E-03
+1.4780000E+00,+60.0150E-03
+1.4785000E+00,+60.6400E-03
+1.4790000E+00,+60.6400E-03
+1.4795000E+00,+61.8900E-03
+1.4800000E+00,+66.8900E-03
+1.4805000E+00,+71.2650E-03
+1.4810000E+00,+72.5150E-03
+1.4815000E+00,+76.2650E-03
+1.4820000E+00,+78.1400E-03
+1.4825000E+00,+84.3900E-03
+1.4830000E+00,+83.7650E-03
+1.4835000E+00,+84.3900E-03
+1.4840000E+00,+77.5150E-03
+1.4845000E+00,+76.8900E-03
+1.4850000E+00,+77.5150E-03
+1.4855000E+00,+71.2650E-03
+1.4860000E+00,+65.0150E-03
+1.4865000E+00,+65.0150E-03
+1.4870000E+00,+63.7650E-03
+1.4875000E+00,+64.3900E-03
+1.4880000E+00,+64.3900E-03
+1.4885000E+00,+64.3900E-03
+1.4890000E+00,+63.7650E-03
+1.4895000E+00,+65.6400E-03
+1.4900000E+00,+72.5150E-03
+1.4905000E+00,+73.1400E-03
+1.4910000E+00,+75.0150E-03
+1.4915000E+00,+77.5150E-03
+1.4920000E+00,+83.1400E-03
+1.4925000E+00,+91.8900E-03
+1.4930000E+00,+88.1400E-03
+1.4935000E+00,+86.8900E-03
+1.4940000E+00,+79.3900E-03
+1.4945000E+00,+80.0150E-03
+1.4950000E+00,+79.3900E-03
+1.4955000E+00,+71.8900E-03
+1.4960000E+00,+68.7650E-03
+1.4965000E+00,+68.1400E-03
+1.4970000E+00,+65.0150E-03
+1.4975000E+00,+66.2650E-03
+1.4980000E+00,+66.8900E-03
+1.4985000E+00,+65.0150E-03
+1.4990000E+00,+65.0150E-03
+1.4995000E+00,+70.0150E-03
+1.5000000E+00,+70.0150E-03
+1.5005000E+00,+78.7650E-03
+1.5010000E+00,+76.8900E-03
+1.5015000E+00,+83.7650E-03
+1.5020000E+00,+88.1400E-03
+1.5025000E+00,+95.6400E-03
+1.5030000E+00,+95.0150E-03
+1.5035000E+00,+93.7650E-03
+1.5040000E+00,+88.7650E-03
+1.5045000E+00,+86.2650E-03
+1.5050000E+00,+82.5150E-03
+1.5055000E+00,+74.3900E-03
+1.5060000E+00,+72.5150E-03
+1.5065000E+00,+73.1400E-03
+1.5070000E+00,+68.1400E-03
+1.5075000E+00,+69.3900E-03
+1.5080000E+00,+69.3900E-03
+1.5085000E+00,+69.3900E-03
+1.5090000E+00,+68.1400E-03
+1.5095000E+00,+73.1400E-03
+1.5100000E+00,+74.3900E-03
+1.5105000E+00,+81.8900E-03
+1.5110000E+00,+81.8900E-03
+1.5115000E+00,+85.0150E-03
+1.5120000E+00,+88.1400E-03
+1.5125000E+00,+94.3900E-03
+1.5130000E+00,+96.8900E-03
+1.5135000E+00,+89.3900E-03
+1.5140000E+00,+88.7650E-03
+1.5145000E+00,+87.5150E-03
+1.5150000E+00,+85.6400E-03
+1.5155000E+00,+80.0150E-03
+1.5160000E+00,+78.1400E-03
+1.5165000E+00,+73.7650E-03
+1.5170000E+00,+71.8900E-03
+1.5175000E+00,+71.8900E-03
+1.5180000E+00,+71.8900E-03
+1.5185000E+00,+70.6400E-03
+1.5190000E+00,+70.0150E-03
+1.5195000E+00,+73.1400E-03
+1.5200000E+00,+80.0150E-03
+1.5205000E+00,+84.3900E-03
+1.5210000E+00,+84.3900E-03
+1.5215000E+00,+88.1400E-03
+1.5220000E+00,+90.0150E-03
+1.5225000E+00,+98.1400E-03
+1.5230000E+00,+98.7650E-03
+1.5235000E+00,+93.1400E-03
+1.5240000E+00,+90.6400E-03
+1.5245000E+00,+91.8900E-03
+1.5250000E+00,+91.8900E-03
+1.5255000E+00,+87.5150E-03
+1.5260000E+00,+82.5150E-03
+1.5265000E+00,+78.1400E-03
+1.5270000E+00,+75.6400E-03
+1.5275000E+00,+75.0150E-03
+1.5280000E+00,+76.2650E-03
+1.5285000E+00,+74.3900E-03
+1.5290000E+00,+74.3900E-03
+1.5295000E+00,+78.7650E-03
+1.5300000E+00,+84.3900E-03
+1.5305000E+00,+84.3900E-03
+1.5310000E+00,+88.1400E-03
+1.5315000E+00,+90.0150E-03
+1.5320000E+00,+93.1400E-03
+1.5325000E+00,+97.5150E-03
+1.5330000E+00,+102.5150E-03
+1.5335000E+00,+98.7650E-03
+1.5340000E+00,+96.8900E-03
+1.5345000E+00,+91.8900E-03
+1.5350000E+00,+93.1400E-03
+1.5355000E+00,+91.2650E-03
+1.5360000E+00,+88.7650E-03
+1.5365000E+00,+77.5150E-03
+1.5370000E+00,+79.3900E-03
+1.5375000E+00,+76.2650E-03
+1.5380000E+00,+76.2650E-03
+1.5385000E+00,+78.7650E-03
+1.5390000E+00,+74.3900E-03
+1.5395000E+00,+81.2650E-03
+1.5400000E+00,+85.6400E-03
+1.5405000E+00,+85.0150E-03
+1.5410000E+00,+87.5150E-03
+1.5415000E+00,+93.1400E-03
+1.5420000E+00,+95.6400E-03
+1.5425000E+00,+99.3900E-03
+1.5430000E+00,+102.5150E-03
+1.5435000E+00,+98.7650E-03
+1.5440000E+00,+95.6400E-03
+1.5445000E+00,+93.1400E-03
+1.5450000E+00,+95.0150E-03
+1.5455000E+00,+93.1400E-03
+1.5460000E+00,+93.7650E-03
+1.5465000E+00,+86.8900E-03
+1.5470000E+00,+83.1400E-03
+1.5475000E+00,+81.8900E-03
+1.5480000E+00,+82.5150E-03
+1.5485000E+00,+82.5150E-03
+1.5490000E+00,+81.2650E-03
+1.5495000E+00,+85.6400E-03
+1.5500000E+00,+88.7650E-03
+1.5505000E+00,+90.6400E-03
+1.5510000E+00,+94.3900E-03
+1.5515000E+00,+95.6400E-03
+1.5520000E+00,+96.8900E-03
+1.5525000E+00,+98.1400E-03
+1.5530000E+00,+103.7650E-03
+1.5535000E+00,+105.0150E-03
+1.5540000E+00,+97.5150E-03
+1.5545000E+00,+95.6400E-03
+1.5550000E+00,+94.3900E-03
+1.5555000E+00,+96.2650E-03
+1.5560000E+00,+96.8900E-03
+1.5565000E+00,+93.7650E-03
+1.5570000E+00,+89.3900E-03
+1.5575000E+00,+82.5150E-03
+1.5580000E+00,+84.3900E-03
+1.5585000E+00,+84.3900E-03
+1.5590000E+00,+88.1400E-03
+1.5595000E+00,+88.1400E-03
+1.5600000E+00,+86.8900E-03
+1.5605000E+00,+92.5150E-03
+1.5610000E+00,+95.0150E-03
+1.5615000E+00,+94.3900E-03
+1.5620000E+00,+98.1400E-03
+1.5625000E+00,+98.1400E-03
+1.5630000E+00,+103.1400E-03
+1.5635000E+00,+103.7650E-03
+1.5640000E+00,+104.3900E-03
+1.5645000E+00,+99.3900E-03
+1.5650000E+00,+98.1400E-03
+1.5655000E+00,+93.7650E-03
+1.5660000E+00,+96.2650E-03
+1.5665000E+00,+95.6400E-03
+1.5670000E+00,+96.2650E-03
+1.5675000E+00,+96.8900E-03
+1.5680000E+00,+96.2650E-03
+1.5685000E+00,+93.1400E-03
+1.5690000E+00,+96.8900E-03
+1.5695000E+00,+101.8900E-03
+1.5700000E+00,+101.2650E-03
+1.5705000E+00,+100.6400E-03
+1.5710000E+00,+99.3900E-03
+1.5715000E+00,+98.7650E-03
+1.5720000E+00,+99.3900E-03
+1.5725000E+00,+97.5150E-03
+1.5730000E+00,+96.2650E-03
+1.5735000E+00,+101.2650E-03
+1.5740000E+00,+104.3900E-03
+1.5745000E+00,+103.1400E-03
+1.5750000E+00,+103.7650E-03
+1.5755000E+00,+102.5150E-03
+1.5760000E+00,+99.3900E-03
+1.5765000E+00,+100.0150E-03
+1.5770000E+00,+100.6400E-03
+1.5775000E+00,+100.0150E-03
+1.5780000E+00,+97.5150E-03
+1.5785000E+00,+95.6400E-03
+1.5790000E+00,+96.8900E-03
+1.5795000E+00,+100.0150E-03
+1.5800000E+00,+101.2650E-03
+1.5805000E+00,+101.8900E-03
+1.5810000E+00,+101.8900E-03
+1.5815000E+00,+101.8900E-03
+1.5820000E+00,+102.5150E-03
+1.5825000E+00,+102.5150E-03
+1.5830000E+00,+102.5150E-03
+1.5835000E+00,+103.1400E-03
+1.5840000E+00,+103.1400E-03
+1.5845000E+00,+103.1400E-03
+1.5850000E+00,+101.8900E-03
+1.5855000E+00,+103.1400E-03
+1.5860000E+00,+103.1400E-03
+1.5865000E+00,+103.7650E-03
+1.5870000E+00,+103.7650E-03
+1.5875000E+00,+104.3900E-03
+1.5880000E+00,+103.7650E-03
+1.5885000E+00,+102.5150E-03
+1.5890000E+00,+102.5150E-03
+1.5895000E+00,+103.7650E-03
+1.5900000E+00,+104.3900E-03
+1.5905000E+00,+104.3900E-03
+1.5910000E+00,+104.3900E-03
+1.5915000E+00,+105.0150E-03
+1.5920000E+00,+105.6400E-03
+1.5925000E+00,+105.6400E-03
+1.5930000E+00,+104.3900E-03
+1.5935000E+00,+105.0150E-03
+1.5940000E+00,+105.6400E-03
+1.5945000E+00,+105.6400E-03
+1.5950000E+00,+105.6400E-03
+1.5955000E+00,+105.6400E-03
+1.5960000E+00,+105.6400E-03
+1.5965000E+00,+106.2650E-03
+1.5970000E+00,+105.6400E-03
+1.5975000E+00,+106.2650E-03
+1.5980000E+00,+105.0150E-03
+1.5985000E+00,+104.3900E-03
+1.5990000E+00,+105.6400E-03
+1.5995000E+00,+106.2650E-03
+1.6000000E+00,+105.6400E-03
+1.6005000E+00,+106.2650E-03
+1.6010000E+00,+105.6400E-03
+1.6015000E+00,+105.6400E-03
+1.6020000E+00,+105.6400E-03
+1.6025000E+00,+106.2650E-03
+1.6030000E+00,+106.2650E-03
+1.6035000E+00,+106.2650E-03
+1.6040000E+00,+105.6400E-03
+1.6045000E+00,+106.2650E-03
+1.6050000E+00,+105.6400E-03
+1.6055000E+00,+105.0150E-03
+1.6060000E+00,+105.0150E-03
+1.6065000E+00,+105.6400E-03
+1.6070000E+00,+105.6400E-03
+1.6075000E+00,+106.2650E-03
+1.6080000E+00,+106.2650E-03
+1.6085000E+00,+107.5150E-03
+1.6090000E+00,+106.2650E-03
+1.6095000E+00,+105.6400E-03
+1.6100000E+00,+105.6400E-03
+1.6105000E+00,+106.2650E-03
+1.6110000E+00,+106.2650E-03
+1.6115000E+00,+106.2650E-03
+1.6120000E+00,+106.2650E-03
+1.6125000E+00,+106.8900E-03
+1.6130000E+00,+106.2650E-03
+1.6135000E+00,+106.2650E-03
+1.6140000E+00,+105.6400E-03
+1.6145000E+00,+107.5150E-03
+1.6150000E+00,+105.6400E-03
+1.6155000E+00,+106.2650E-03
+1.6160000E+00,+106.8900E-03
+1.6165000E+00,+106.8900E-03
+1.6170000E+00,+106.8900E-03
+1.6175000E+00,+106.2650E-03
+1.6180000E+00,+106.2650E-03
+1.6185000E+00,+106.8900E-03
+1.6190000E+00,+106.8900E-03
+1.6195000E+00,+106.2650E-03
+1.6200000E+00,+106.8900E-03
+1.6205000E+00,+106.8900E-03
+1.6210000E+00,+107.5150E-03
+1.6215000E+00,+106.8900E-03
+1.6220000E+00,+106.2650E-03
+1.6225000E+00,+108.7650E-03
+1.6230000E+00,+106.8900E-03
+1.6235000E+00,+106.8900E-03
+1.6240000E+00,+106.8900E-03
+1.6245000E+00,+106.8900E-03
+1.6250000E+00,+107.5150E-03
+1.6255000E+00,+107.5150E-03
+1.6260000E+00,+107.5150E-03
+1.6265000E+00,+106.8900E-03
+1.6270000E+00,+107.5150E-03
+1.6275000E+00,+107.5150E-03
+1.6280000E+00,+108.1400E-03
+1.6285000E+00,+108.1400E-03
+1.6290000E+00,+107.5150E-03
+1.6295000E+00,+106.8900E-03
+1.6300000E+00,+107.5150E-03
+1.6305000E+00,+106.8900E-03
+1.6310000E+00,+110.0150E-03
+1.6315000E+00,+107.5150E-03
+1.6320000E+00,+110.0150E-03
+1.6325000E+00,+106.8900E-03
+1.6330000E+00,+107.5150E-03
+1.6335000E+00,+107.5150E-03
+1.6340000E+00,+108.7650E-03
+1.6345000E+00,+107.5150E-03
+1.6350000E+00,+106.8900E-03
+1.6355000E+00,+106.8900E-03
+1.6360000E+00,+108.1400E-03
+1.6365000E+00,+108.1400E-03
+1.6370000E+00,+108.7650E-03
+1.6375000E+00,+108.7650E-03
+1.6380000E+00,+109.3900E-03
+1.6385000E+00,+108.1400E-03
+1.6390000E+00,+109.3900E-03
+1.6395000E+00,+107.5150E-03
+1.6400000E+00,+108.7650E-03
+1.6405000E+00,+108.7650E-03
+1.6410000E+00,+108.7650E-03
+1.6415000E+00,+108.7650E-03
+1.6420000E+00,+109.3900E-03
+1.6425000E+00,+108.1400E-03
+1.6430000E+00,+108.7650E-03
+1.6435000E+00,+108.7650E-03
+1.6440000E+00,+108.7650E-03
+1.6445000E+00,+108.7650E-03
+1.6450000E+00,+109.3900E-03
+1.6455000E+00,+109.3900E-03
+1.6460000E+00,+108.7650E-03
+1.6465000E+00,+109.3900E-03
+1.6470000E+00,+109.3900E-03
+1.6475000E+00,+110.0150E-03
+1.6480000E+00,+110.0150E-03
+1.6485000E+00,+109.3900E-03
+1.6490000E+00,+108.7650E-03
+1.6495000E+00,+108.7650E-03
+1.6500000E+00,+109.3900E-03
+1.6505000E+00,+109.3900E-03
+1.6510000E+00,+110.0150E-03
+1.6515000E+00,+108.7650E-03
+1.6520000E+00,+110.6400E-03
+1.6525000E+00,+108.7650E-03
+1.6530000E+00,+108.7650E-03
+1.6535000E+00,+108.1400E-03
+1.6540000E+00,+109.3900E-03
+1.6545000E+00,+109.3900E-03
+1.6550000E+00,+109.3900E-03
+1.6555000E+00,+109.3900E-03
+1.6560000E+00,+108.7650E-03
+1.6565000E+00,+109.3900E-03
+1.6570000E+00,+109.3900E-03
+1.6575000E+00,+109.3900E-03
+1.6580000E+00,+108.7650E-03
+1.6585000E+00,+108.7650E-03
+1.6590000E+00,+109.3900E-03
+1.6595000E+00,+109.3900E-03
+1.6600000E+00,+111.8900E-03
+1.6605000E+00,+108.7650E-03
+1.6610000E+00,+109.3900E-03
+1.6615000E+00,+109.3900E-03
+1.6620000E+00,+109.3900E-03
+1.6625000E+00,+109.3900E-03
+1.6630000E+00,+108.7650E-03
+1.6635000E+00,+109.3900E-03
+1.6640000E+00,+109.3900E-03
+1.6645000E+00,+109.3900E-03
+1.6650000E+00,+108.7650E-03
+1.6655000E+00,+109.3900E-03
+1.6660000E+00,+109.3900E-03
+1.6665000E+00,+110.0150E-03
+1.6670000E+00,+108.7650E-03
+1.6675000E+00,+110.0150E-03
+1.6680000E+00,+108.7650E-03
+1.6685000E+00,+111.8900E-03
+1.6690000E+00,+108.1400E-03
+1.6695000E+00,+108.7650E-03
+1.6700000E+00,+108.7650E-03
+1.6705000E+00,+108.7650E-03
+1.6710000E+00,+108.7650E-03
+1.6715000E+00,+108.7650E-03
+1.6720000E+00,+108.7650E-03
+1.6725000E+00,+109.3900E-03
+1.6730000E+00,+108.1400E-03
+1.6735000E+00,+108.1400E-03
+1.6740000E+00,+108.7650E-03
+1.6745000E+00,+108.7650E-03
+1.6750000E+00,+108.7650E-03
+1.6755000E+00,+109.3900E-03
+1.6760000E+00,+108.1400E-03
+1.6765000E+00,+108.1400E-03
+1.6770000E+00,+108.7650E-03
+1.6775000E+00,+108.7650E-03
+1.6780000E+00,+108.7650E-03
+1.6785000E+00,+108.7650E-03
+1.6790000E+00,+109.3900E-03
+1.6795000E+00,+108.7650E-03
+1.6800000E+00,+108.7650E-03
+1.6805000E+00,+108.7650E-03
+1.6810000E+00,+108.7650E-03
+1.6815000E+00,+108.7650E-03
+1.6820000E+00,+110.0150E-03
+1.6825000E+00,+108.7650E-03
+1.6830000E+00,+108.7650E-03
+1.6835000E+00,+109.3900E-03
+1.6840000E+00,+108.7650E-03
+1.6845000E+00,+109.3900E-03
+1.6850000E+00,+111.2650E-03
+1.6855000E+00,+108.7650E-03
+1.6860000E+00,+108.1400E-03
+1.6865000E+00,+108.7650E-03
+1.6870000E+00,+108.7650E-03
+1.6875000E+00,+110.0150E-03
+1.6880000E+00,+108.7650E-03
+1.6885000E+00,+109.3900E-03
+1.6890000E+00,+109.3900E-03
+1.6895000E+00,+109.3900E-03
+1.6900000E+00,+109.3900E-03
+1.6905000E+00,+109.3900E-03
+1.6910000E+00,+108.7650E-03
+1.6915000E+00,+109.3900E-03
+1.6920000E+00,+109.3900E-03
+1.6925000E+00,+110.0150E-03
+1.6930000E+00,+110.0150E-03
+1.6935000E+00,+109.3900E-03
+1.6940000E+00,+109.3900E-03
+1.6945000E+00,+109.3900E-03
+1.6950000E+00,+110.0150E-03
+1.6955000E+00,+109.3900E-03
+1.6960000E+00,+109.3900E-03
+1.6965000E+00,+110.0150E-03
+1.6970000E+00,+110.0150E-03
+1.6975000E+00,+110.0150E-03
+1.6980000E+00,+109.3900E-03
+1.6985000E+00,+110.0150E-03
+1.6990000E+00,+110.0150E-03
+1.6995000E+00,+110.0150E-03
+1.7000000E+00,+109.3900E-03
+1.7005000E+00,+109.3900E-03
+1.7010000E+00,+109.3900E-03
+1.7015000E+00,+110.0150E-03
+1.7020000E+00,+110.0150E-03
+1.7025000E+00,+110.0150E-03
+1.7030000E+00,+109.3900E-03
+1.7035000E+00,+110.0150E-03
+1.7040000E+00,+108.7650E-03
+1.7045000E+00,+110.0150E-03
+1.7050000E+00,+109.3900E-03
+1.7055000E+00,+109.3900E-03
+1.7060000E+00,+109.3900E-03
+1.7065000E+00,+110.0150E-03
+1.7070000E+00,+108.7650E-03
+1.7075000E+00,+110.0150E-03
+1.7080000E+00,+110.0150E-03
+1.7085000E+00,+109.3900E-03
+1.7090000E+00,+109.3900E-03
+1.7095000E+00,+109.3900E-03
+1.7100000E+00,+109.3900E-03
+1.7105000E+00,+109.3900E-03
+1.7110000E+00,+109.3900E-03
+1.7115000E+00,+109.3900E-03
+1.7120000E+00,+110.0150E-03
+1.7125000E+00,+109.3900E-03
+1.7130000E+00,+109.3900E-03
+1.7135000E+00,+110.0150E-03
+1.7140000E+00,+108.7650E-03
+1.7145000E+00,+110.0150E-03
+1.7150000E+00,+110.6400E-03
+1.7155000E+00,+110.6400E-03
+1.7160000E+00,+108.7650E-03
+1.7165000E+00,+110.6400E-03
+1.7170000E+00,+110.0150E-03
+1.7175000E+00,+109.3900E-03
+1.7180000E+00,+111.2650E-03
+1.7185000E+00,+110.0150E-03
+1.7190000E+00,+110.0150E-03
+1.7195000E+00,+113.7650E-03
+1.7200000E+00,+110.6400E-03
+1.7205000E+00,+109.3900E-03
+1.7210000E+00,+110.0150E-03
+1.7215000E+00,+108.1400E-03
+1.7220000E+00,+110.0150E-03
+1.7225000E+00,+110.0150E-03
+1.7230000E+00,+109.3900E-03
+1.7235000E+00,+110.0150E-03
+1.7240000E+00,+109.3900E-03
+1.7245000E+00,+110.0150E-03
+1.7250000E+00,+110.0150E-03
+1.7255000E+00,+110.0150E-03
+1.7260000E+00,+110.0150E-03
+1.7265000E+00,+110.0150E-03
+1.7270000E+00,+110.6400E-03
+1.7275000E+00,+109.3900E-03
+1.7280000E+00,+110.0150E-03
+1.7285000E+00,+110.6400E-03
+1.7290000E+00,+109.3900E-03
+1.7295000E+00,+110.0150E-03
+1.7300000E+00,+110.0150E-03
+1.7305000E+00,+110.0150E-03
+1.7310000E+00,+110.0150E-03
+1.7315000E+00,+110.0150E-03
+1.7320000E+00,+109.3900E-03
+1.7325000E+00,+110.6400E-03
+1.7330000E+00,+109.3900E-03
+1.7335000E+00,+109.3900E-03
+1.7340000E+00,+110.0150E-03
+1.7345000E+00,+110.0150E-03
+1.7350000E+00,+110.0150E-03
+1.7355000E+00,+108.7650E-03
+1.7360000E+00,+110.6400E-03
+1.7365000E+00,+110.0150E-03
+1.7370000E+00,+110.0150E-03
+1.7375000E+00,+110.0150E-03
+1.7380000E+00,+110.0150E-03
+1.7385000E+00,+109.3900E-03
+1.7390000E+00,+110.0150E-03
+1.7395000E+00,+110.0150E-03
+1.7400000E+00,+110.0150E-03
+1.7405000E+00,+109.3900E-03
+1.7410000E+00,+110.0150E-03
+1.7415000E+00,+110.0150E-03
+1.7420000E+00,+110.0150E-03
+1.7425000E+00,+110.0150E-03
+1.7430000E+00,+110.6400E-03
+1.7435000E+00,+110.0150E-03
+1.7440000E+00,+110.0150E-03
+1.7445000E+00,+110.0150E-03
+1.7450000E+00,+110.0150E-03
+1.7455000E+00,+110.0150E-03
+1.7460000E+00,+110.6400E-03
+1.7465000E+00,+110.0150E-03
+1.7470000E+00,+110.6400E-03
+1.7475000E+00,+110.0150E-03
+1.7480000E+00,+110.0150E-03
+1.7485000E+00,+110.6400E-03
+1.7490000E+00,+110.6400E-03
+1.7495000E+00,+110.0150E-03
+1.7500000E+00,+112.5150E-03
+1.7505000E+00,+109.3900E-03
+1.7510000E+00,+110.0150E-03
+1.7515000E+00,+110.0150E-03
+1.7520000E+00,+110.0150E-03
+1.7525000E+00,+109.3900E-03
+1.7530000E+00,+110.0150E-03
+1.7535000E+00,+110.0150E-03
+1.7540000E+00,+110.0150E-03
+1.7545000E+00,+110.6400E-03
+1.7550000E+00,+110.0150E-03
+1.7555000E+00,+110.0150E-03
+1.7560000E+00,+110.6400E-03
+1.7565000E+00,+110.0150E-03
+1.7570000E+00,+110.6400E-03
+1.7575000E+00,+110.0150E-03
+1.7580000E+00,+110.0150E-03
+1.7585000E+00,+110.0150E-03
+1.7590000E+00,+110.0150E-03
+1.7595000E+00,+109.3900E-03
+1.7600000E+00,+110.6400E-03
+1.7605000E+00,+110.0150E-03
+1.7610000E+00,+110.0150E-03
+1.7615000E+00,+110.0150E-03
+1.7620000E+00,+110.0150E-03
+1.7625000E+00,+108.1400E-03
+1.7630000E+00,+110.0150E-03
+1.7635000E+00,+110.6400E-03
+1.7640000E+00,+110.0150E-03
+1.7645000E+00,+110.6400E-03
+1.7650000E+00,+110.0150E-03
+1.7655000E+00,+110.0150E-03
+1.7660000E+00,+108.7650E-03
+1.7665000E+00,+110.6400E-03
+1.7670000E+00,+109.3900E-03
+1.7675000E+00,+110.6400E-03
+1.7680000E+00,+110.0150E-03
+1.7685000E+00,+109.3900E-03
+1.7690000E+00,+110.0150E-03
+1.7695000E+00,+110.0150E-03
+1.7700000E+00,+110.6400E-03
+1.7705000E+00,+111.2650E-03
+1.7710000E+00,+110.6400E-03
+1.7715000E+00,+110.0150E-03
+1.7720000E+00,+110.6400E-03
+1.7725000E+00,+109.3900E-03
+1.7730000E+00,+110.6400E-03
+1.7735000E+00,+110.6400E-03
+1.7740000E+00,+111.2650E-03
+1.7745000E+00,+110.6400E-03
+1.7750000E+00,+110.0150E-03
+1.7755000E+00,+110.0150E-03
+1.7760000E+00,+110.0150E-03
+1.7765000E+00,+110.6400E-03
+1.7770000E+00,+110.6400E-03
+1.7775000E+00,+110.6400E-03
+1.7780000E+00,+110.0150E-03
+1.7785000E+00,+110.6400E-03
+1.7790000E+00,+110.0150E-03
+1.7795000E+00,+110.6400E-03
+1.7800000E+00,+110.0150E-03
+1.7805000E+00,+111.8900E-03
+1.7810000E+00,+110.0150E-03
+1.7815000E+00,+110.6400E-03
+1.7820000E+00,+110.6400E-03
+1.7825000E+00,+110.6400E-03
+1.7830000E+00,+110.6400E-03
+1.7835000E+00,+110.6400E-03
+1.7840000E+00,+110.6400E-03
+1.7845000E+00,+110.6400E-03
+1.7850000E+00,+110.0150E-03
+1.7855000E+00,+110.6400E-03
+1.7860000E+00,+110.6400E-03
+1.7865000E+00,+111.8900E-03
+1.7870000E+00,+110.6400E-03
+1.7875000E+00,+111.2650E-03
+1.7880000E+00,+110.6400E-03
+1.7885000E+00,+111.8900E-03
+1.7890000E+00,+110.0150E-03
+1.7895000E+00,+110.6400E-03
+1.7900000E+00,+110.6400E-03
+1.7905000E+00,+110.6400E-03
+1.7910000E+00,+110.6400E-03
+1.7915000E+00,+110.0150E-03
+1.7920000E+00,+110.0150E-03
+1.7925000E+00,+110.6400E-03
+1.7930000E+00,+111.2650E-03
+1.7935000E+00,+111.2650E-03
+1.7940000E+00,+109.3900E-03
+1.7945000E+00,+111.8900E-03
+1.7950000E+00,+111.8900E-03
+1.7955000E+00,+110.6400E-03
+1.7960000E+00,+110.6400E-03
+1.7965000E+00,+110.0150E-03
+1.7970000E+00,+110.6400E-03
+1.7975000E+00,+108.1400E-03
+1.7980000E+00,+110.6400E-03
+1.7985000E+00,+111.2650E-03
+1.7990000E+00,+111.8900E-03
+1.7995000E+00,+111.2650E-03
+1.8000000E+00,+111.2650E-03
+1.8005000E+00,+114.3900E-03
+1.8010000E+00,+111.2650E-03
+1.8015000E+00,+112.5150E-03
+1.8020000E+00,+111.8900E-03
+1.8025000E+00,+111.2650E-03
+1.8030000E+00,+111.8900E-03
+1.8035000E+00,+112.5150E-03
+1.8040000E+00,+111.2650E-03
+1.8045000E+00,+111.8900E-03
+1.8050000E+00,+111.8900E-03
+1.8055000E+00,+111.8900E-03
+1.8060000E+00,+112.5150E-03
+1.8065000E+00,+111.8900E-03
+1.8070000E+00,+112.5150E-03
+1.8075000E+00,+111.2650E-03
+1.8080000E+00,+111.8900E-03
+1.8085000E+00,+111.8900E-03
+1.8090000E+00,+112.5150E-03
+1.8095000E+00,+111.8900E-03
+1.8100000E+00,+111.8900E-03
+1.8105000E+00,+111.8900E-03
+1.8110000E+00,+112.5150E-03
+1.8115000E+00,+111.2650E-03
+1.8120000E+00,+111.8900E-03
+1.8125000E+00,+111.8900E-03
+1.8130000E+00,+111.8900E-03
+1.8135000E+00,+111.8900E-03
+1.8140000E+00,+111.8900E-03
+1.8145000E+00,+111.8900E-03
+1.8150000E+00,+111.2650E-03
+1.8155000E+00,+110.6400E-03
+1.8160000E+00,+111.2650E-03
+1.8165000E+00,+110.6400E-03
+1.8170000E+00,+110.0150E-03
+1.8175000E+00,+106.8900E-03
+1.8180000E+00,+105.6400E-03
+1.8185000E+00,+100.6400E-03
+1.8190000E+00,+99.3900E-03
+1.8195000E+00,+103.1400E-03
+1.8200000E+00,+103.1400E-03
+1.8205000E+00,+105.0150E-03
+1.8210000E+00,+104.3900E-03
+1.8215000E+00,+102.5150E-03
+1.8220000E+00,+103.1400E-03
+1.8225000E+00,+104.3900E-03
+1.8230000E+00,+105.6400E-03
+1.8235000E+00,+106.2650E-03
+1.8240000E+00,+107.5150E-03
+1.8245000E+00,+106.8900E-03
+1.8250000E+00,+107.5150E-03
+1.8255000E+00,+105.6400E-03
+1.8260000E+00,+101.8900E-03
+1.8265000E+00,+101.2650E-03
+1.8270000E+00,+98.1400E-03
+1.8275000E+00,+95.6400E-03
+1.8280000E+00,+93.1400E-03
+1.8285000E+00,+90.6400E-03
+1.8290000E+00,+89.3900E-03
+1.8295000E+00,+88.7650E-03
+1.8300000E+00,+90.0150E-03
+1.8305000E+00,+92.5150E-03
+1.8310000E+00,+92.5150E-03
+1.8315000E+00,+94.3900E-03
+1.8320000E+00,+96.8900E-03
+1.8325000E+00,+100.0150E-03
+1.8330000E+00,+101.8900E-03
+1.8335000E+00,+104.3900E-03
+1.8340000E+00,+100.0150E-03
+1.8345000E+00,+97.5150E-03
+1.8350000E+00,+96.2650E-03
+1.8355000E+00,+96.8900E-03
+1.8360000E+00,+95.0150E-03
+1.8365000E+00,+92.5150E-03
+1.8370000E+00,+85.6400E-03
+1.8375000E+00,+85.0150E-03
+1.8380000E+00,+85.0150E-03
+1.8385000E+00,+86.8900E-03
+1.8390000E+00,+84.3900E-03
+1.8395000E+00,+88.1400E-03
+1.8400000E+00,+90.0150E-03
+1.8405000E+00,+93.1400E-03
+1.8410000E+00,+95.0150E-03
+1.8415000E+00,+91.8900E-03
+1.8420000E+00,+98.7650E-03
+1.8425000E+00,+99.3900E-03
+1.8430000E+00,+105.6400E-03
+1.8435000E+00,+104.3900E-03
+1.8440000E+00,+98.7650E-03
+1.8445000E+00,+97.5150E-03
+1.8450000E+00,+100.0150E-03
+1.8455000E+00,+98.7650E-03
+1.8460000E+00,+100.0150E-03
+1.8465000E+00,+99.3900E-03
+1.8470000E+00,+95.0150E-03
+1.8475000E+00,+92.5150E-03
+1.8480000E+00,+90.6400E-03
+1.8485000E+00,+92.5150E-03
+1.8490000E+00,+94.3900E-03
+1.8495000E+00,+96.8900E-03
+1.8500000E+00,+93.7650E-03
+1.8505000E+00,+95.6400E-03
+1.8510000E+00,+100.0150E-03
+1.8515000E+00,+100.0150E-03
+1.8520000E+00,+101.2650E-03
+1.8525000E+00,+103.7650E-03
+1.8530000E+00,+106.2650E-03
+1.8535000E+00,+108.1400E-03
+1.8540000E+00,+107.5150E-03
+1.8545000E+00,+104.3900E-03
+1.8550000E+00,+101.8900E-03
+1.8555000E+00,+101.2650E-03
+1.8560000E+00,+101.8900E-03
+1.8565000E+00,+101.8900E-03
+1.8570000E+00,+104.3900E-03
+1.8575000E+00,+98.7650E-03
+1.8580000E+00,+95.0150E-03
+1.8585000E+00,+94.3900E-03
+1.8590000E+00,+98.7650E-03
+1.8595000E+00,+102.5150E-03
+1.8600000E+00,+105.6400E-03
+1.8605000E+00,+103.7650E-03
+1.8610000E+00,+102.5150E-03
+1.8615000E+00,+102.5150E-03
+1.8620000E+00,+105.6400E-03
+1.8625000E+00,+104.3900E-03
+1.8630000E+00,+104.3900E-03
+1.8635000E+00,+105.0150E-03
+1.8640000E+00,+106.8900E-03
+1.8645000E+00,+106.2650E-03
+1.8650000E+00,+106.2650E-03
+1.8655000E+00,+106.8900E-03
+1.8660000E+00,+105.0150E-03
+1.8665000E+00,+105.6400E-03
+1.8670000E+00,+107.5150E-03
+1.8675000E+00,+106.8900E-03
+1.8680000E+00,+107.5150E-03
+1.8685000E+00,+108.7650E-03
+1.8690000E+00,+106.2650E-03
+1.8695000E+00,+104.3900E-03
+1.8700000E+00,+105.0150E-03
+1.8705000E+00,+106.8900E-03
+1.8710000E+00,+110.0150E-03
+1.8715000E+00,+110.6400E-03
+1.8720000E+00,+111.2650E-03
+1.8725000E+00,+112.5150E-03
+1.8730000E+00,+110.6400E-03
+1.8735000E+00,+111.2650E-03
+1.8740000E+00,+111.8900E-03
+1.8745000E+00,+110.6400E-03
+1.8750000E+00,+111.2650E-03
+1.8755000E+00,+111.8900E-03
+1.8760000E+00,+111.2650E-03
+1.8765000E+00,+110.6400E-03
+1.8770000E+00,+110.6400E-03
+1.8775000E+00,+110.6400E-03
+1.8780000E+00,+111.8900E-03
+1.8785000E+00,+111.8900E-03
+1.8790000E+00,+111.2650E-03
+1.8795000E+00,+111.8900E-03
+1.8800000E+00,+111.8900E-03
+1.8805000E+00,+111.8900E-03
+1.8810000E+00,+112.5150E-03
+1.8815000E+00,+111.2650E-03
+1.8820000E+00,+111.2650E-03
+1.8825000E+00,+111.2650E-03
+1.8830000E+00,+111.8900E-03
+1.8835000E+00,+111.8900E-03
+1.8840000E+00,+111.2650E-03
+1.8845000E+00,+111.8900E-03
+1.8850000E+00,+115.6400E-03
+1.8855000E+00,+111.2650E-03
+1.8860000E+00,+111.8900E-03
+1.8865000E+00,+112.5150E-03
+1.8870000E+00,+110.6400E-03
+1.8875000E+00,+111.8900E-03
+1.8880000E+00,+111.8900E-03
+1.8885000E+00,+111.8900E-03
+1.8890000E+00,+111.8900E-03
+1.8895000E+00,+112.5150E-03
+1.8900000E+00,+111.8900E-03
+1.8905000E+00,+112.5150E-03
+1.8910000E+00,+111.2650E-03
+1.8915000E+00,+112.5150E-03
+1.8920000E+00,+113.1400E-03
+1.8925000E+00,+112.5150E-03
+1.8930000E+00,+112.5150E-03
+1.8935000E+00,+111.8900E-03
+1.8940000E+00,+108.1400E-03
+1.8945000E+00,+112.5150E-03
+1.8950000E+00,+112.5150E-03
+1.8955000E+00,+112.5150E-03
+1.8960000E+00,+111.2650E-03
+1.8965000E+00,+113.1400E-03
+1.8970000E+00,+112.5150E-03
+1.8975000E+00,+112.5150E-03
+1.8980000E+00,+111.8900E-03
+1.8985000E+00,+112.5150E-03
+1.8990000E+00,+111.8900E-03
+1.8995000E+00,+111.8900E-03
+1.9000000E+00,+112.5150E-03
+1.9005000E+00,+112.5150E-03
+1.9010000E+00,+111.8900E-03
+1.9015000E+00,+113.1400E-03
+1.9020000E+00,+112.5150E-03
+1.9025000E+00,+111.8900E-03
+1.9030000E+00,+112.5150E-03
+1.9035000E+00,+112.5150E-03
+1.9040000E+00,+112.5150E-03
+1.9045000E+00,+111.8900E-03
+1.9050000E+00,+111.8900E-03
+1.9055000E+00,+112.5150E-03
+1.9060000E+00,+113.1400E-03
+1.9065000E+00,+111.8900E-03
+1.9070000E+00,+112.5150E-03
+1.9075000E+00,+113.7650E-03
+1.9080000E+00,+112.5150E-03
+1.9085000E+00,+112.5150E-03
+1.9090000E+00,+113.1400E-03
+1.9095000E+00,+112.5150E-03
+1.9100000E+00,+112.5150E-03
+1.9105000E+00,+112.5150E-03
+1.9110000E+00,+112.5150E-03
+1.9115000E+00,+112.5150E-03
+1.9120000E+00,+111.8900E-03
+1.9125000E+00,+113.1400E-03
+1.9130000E+00,+112.5150E-03
+1.9135000E+00,+112.5150E-03
+1.9140000E+00,+112.5150E-03
+1.9145000E+00,+112.5150E-03
+1.9150000E+00,+112.5150E-03
+1.9155000E+00,+111.8900E-03
+1.9160000E+00,+111.8900E-03
+1.9165000E+00,+113.1400E-03
+1.9170000E+00,+112.5150E-03
+1.9175000E+00,+112.5150E-03
+1.9180000E+00,+112.5150E-03
+1.9185000E+00,+112.5150E-03
+1.9190000E+00,+112.5150E-03
+1.9195000E+00,+112.5150E-03
+1.9200000E+00,+112.5150E-03
+1.9205000E+00,+112.5150E-03
+1.9210000E+00,+113.1400E-03
+1.9215000E+00,+112.5150E-03
+1.9220000E+00,+112.5150E-03
+1.9225000E+00,+112.5150E-03
+1.9230000E+00,+112.5150E-03
+1.9235000E+00,+112.5150E-03
+1.9240000E+00,+111.8900E-03
+1.9245000E+00,+112.5150E-03
+1.9250000E+00,+112.5150E-03
+1.9255000E+00,+112.5150E-03
+1.9260000E+00,+111.8900E-03
+1.9265000E+00,+112.5150E-03
+1.9270000E+00,+112.5150E-03
+1.9275000E+00,+112.5150E-03
+1.9280000E+00,+112.5150E-03
+1.9285000E+00,+113.7650E-03
+1.9290000E+00,+112.5150E-03
+1.9295000E+00,+111.2650E-03
+1.9300000E+00,+112.5150E-03
+1.9305000E+00,+112.5150E-03
+1.9310000E+00,+113.1400E-03
+1.9315000E+00,+112.5150E-03
+1.9320000E+00,+112.5150E-03
+1.9325000E+00,+113.7650E-03
+1.9330000E+00,+112.5150E-03
+1.9335000E+00,+113.1400E-03
+1.9340000E+00,+113.1400E-03
+1.9345000E+00,+111.8900E-03
+1.9350000E+00,+112.5150E-03
+1.9355000E+00,+111.8900E-03
+1.9360000E+00,+112.5150E-03
+1.9365000E+00,+112.5150E-03
+1.9370000E+00,+112.5150E-03
+1.9375000E+00,+112.5150E-03
+1.9380000E+00,+112.5150E-03
+1.9385000E+00,+113.1400E-03
+1.9390000E+00,+112.5150E-03
+1.9395000E+00,+112.5150E-03
+1.9400000E+00,+112.5150E-03
+1.9405000E+00,+113.1400E-03
+1.9410000E+00,+112.5150E-03
+1.9415000E+00,+111.8900E-03
+1.9420000E+00,+113.1400E-03
+1.9425000E+00,+112.5150E-03
+1.9430000E+00,+113.1400E-03
+1.9435000E+00,+111.8900E-03
+1.9440000E+00,+113.7650E-03
+1.9445000E+00,+112.5150E-03
+1.9450000E+00,+112.5150E-03
+1.9455000E+00,+112.5150E-03
+1.9460000E+00,+112.5150E-03
+1.9465000E+00,+113.1400E-03
+1.9470000E+00,+111.8900E-03
+1.9475000E+00,+112.5150E-03
+1.9480000E+00,+112.5150E-03
+1.9485000E+00,+113.1400E-03
+1.9490000E+00,+111.8900E-03
+1.9495000E+00,+112.5150E-03
+1.9500000E+00,+112.5150E-03
+1.9505000E+00,+113.1400E-03
+1.9510000E+00,+112.5150E-03
+1.9515000E+00,+112.5150E-03
+1.9520000E+00,+113.1400E-03
+1.9525000E+00,+112.5150E-03
+1.9530000E+00,+112.5150E-03
+1.9535000E+00,+112.5150E-03
+1.9540000E+00,+111.8900E-03
+1.9545000E+00,+113.1400E-03
+1.9550000E+00,+111.8900E-03
+1.9555000E+00,+112.5150E-03
+1.9560000E+00,+112.5150E-03
+1.9565000E+00,+113.1400E-03
+1.9570000E+00,+113.1400E-03
+1.9575000E+00,+112.5150E-03
+1.9580000E+00,+112.5150E-03
+1.9585000E+00,+112.5150E-03
+1.9590000E+00,+112.5150E-03
+1.9595000E+00,+112.5150E-03
+1.9600000E+00,+113.1400E-03
+1.9605000E+00,+111.2650E-03
+1.9610000E+00,+112.5150E-03
+1.9615000E+00,+112.5150E-03
+1.9620000E+00,+113.1400E-03
+1.9625000E+00,+112.5150E-03
+1.9630000E+00,+111.8900E-03
+1.9635000E+00,+112.5150E-03
+1.9640000E+00,+113.1400E-03
+1.9645000E+00,+113.1400E-03
+1.9650000E+00,+112.5150E-03
+1.9655000E+00,+113.1400E-03
+1.9660000E+00,+113.1400E-03
+1.9665000E+00,+113.1400E-03
+1.9670000E+00,+112.5150E-03
+1.9675000E+00,+112.5150E-03
+1.9680000E+00,+112.5150E-03
+1.9685000E+00,+112.5150E-03
+1.9690000E+00,+112.5150E-03
+1.9695000E+00,+112.5150E-03
+1.9700000E+00,+112.5150E-03
+1.9705000E+00,+112.5150E-03
+1.9710000E+00,+113.1400E-03
+1.9715000E+00,+111.8900E-03
+1.9720000E+00,+111.8900E-03
+1.9725000E+00,+112.5150E-03
+1.9730000E+00,+111.2650E-03
+1.9735000E+00,+112.5150E-03
+1.9740000E+00,+112.5150E-03
+1.9745000E+00,+112.5150E-03
+1.9750000E+00,+112.5150E-03
+1.9755000E+00,+113.1400E-03
+1.9760000E+00,+113.1400E-03
+1.9765000E+00,+113.1400E-03
+1.9770000E+00,+112.5150E-03
+1.9775000E+00,+113.1400E-03
+1.9780000E+00,+112.5150E-03
+1.9785000E+00,+112.5150E-03
+1.9790000E+00,+112.5150E-03
+1.9795000E+00,+113.1400E-03
+1.9800000E+00,+111.8900E-03
+1.9805000E+00,+113.7650E-03
+1.9810000E+00,+113.1400E-03
+1.9815000E+00,+112.5150E-03
+1.9820000E+00,+112.5150E-03
+1.9825000E+00,+112.5150E-03
+1.9830000E+00,+112.5150E-03
+1.9835000E+00,+113.1400E-03
+1.9840000E+00,+112.5150E-03
+1.9845000E+00,+111.8900E-03
+1.9850000E+00,+111.8900E-03
+1.9855000E+00,+113.7650E-03
+1.9860000E+00,+113.1400E-03
+1.9865000E+00,+112.5150E-03
+1.9870000E+00,+113.1400E-03
+1.9875000E+00,+112.5150E-03
+1.9880000E+00,+113.1400E-03
+1.9885000E+00,+112.5150E-03
+1.9890000E+00,+112.5150E-03
+1.9895000E+00,+112.5150E-03
+1.9900000E+00,+113.1400E-03
+1.9905000E+00,+113.1400E-03
+1.9910000E+00,+113.7650E-03
+1.9915000E+00,+112.5150E-03
+1.9920000E+00,+112.5150E-03
+1.9925000E+00,+112.5150E-03
+1.9930000E+00,+111.8900E-03
+1.9935000E+00,+111.8900E-03
+1.9940000E+00,+112.5150E-03
+1.9945000E+00,+112.5150E-03
+1.9950000E+00,+113.1400E-03
+1.9955000E+00,+112.5150E-03
+1.9960000E+00,+111.8900E-03
+1.9965000E+00,+112.5150E-03
+1.9970000E+00,+113.1400E-03
+1.9975000E+00,+112.5150E-03
+1.9980000E+00,+112.5150E-03
+1.9985000E+00,+112.5150E-03
+1.9990000E+00,+112.5150E-03
+1.9995000E+00,+113.1400E-03
+2.0000000E+00,+112.5150E-03
+2.0005000E+00,+113.1400E-03
+2.0010000E+00,+113.1400E-03
+2.0015000E+00,+112.5150E-03
+2.0020000E+00,+112.5150E-03
+2.0025000E+00,+112.5150E-03
+2.0030000E+00,+112.5150E-03
+2.0035000E+00,+113.1400E-03
+2.0040000E+00,+111.8900E-03
+2.0045000E+00,+113.1400E-03
+2.0050000E+00,+112.5150E-03
+2.0055000E+00,+113.7650E-03
+2.0060000E+00,+113.1400E-03
+2.0065000E+00,+113.7650E-03
+2.0070000E+00,+112.5150E-03
+2.0075000E+00,+112.5150E-03
+2.0080000E+00,+112.5150E-03
+2.0085000E+00,+113.1400E-03
+2.0090000E+00,+112.5150E-03
+2.0095000E+00,+112.5150E-03
+2.0100000E+00,+113.1400E-03
+2.0105000E+00,+112.5150E-03
+2.0110000E+00,+112.5150E-03
+2.0115000E+00,+113.1400E-03
+2.0120000E+00,+112.5150E-03
+2.0125000E+00,+111.8900E-03
+2.0130000E+00,+112.5150E-03
+2.0135000E+00,+112.5150E-03
+2.0140000E+00,+114.3900E-03
+2.0145000E+00,+112.5150E-03
+2.0150000E+00,+112.5150E-03
+2.0155000E+00,+112.5150E-03
+2.0160000E+00,+113.1400E-03
+2.0165000E+00,+113.1400E-03
+2.0170000E+00,+112.5150E-03
+2.0175000E+00,+113.1400E-03
+2.0180000E+00,+112.5150E-03
+2.0185000E+00,+111.8900E-03
+2.0190000E+00,+113.1400E-03
+2.0195000E+00,+113.1400E-03
+2.0200000E+00,+111.2650E-03
+2.0205000E+00,+113.1400E-03
+2.0210000E+00,+112.5150E-03
+2.0215000E+00,+110.0150E-03
+2.0220000E+00,+113.1400E-03
+2.0225000E+00,+113.1400E-03
+2.0230000E+00,+112.5150E-03
+2.0235000E+00,+113.7650E-03
+2.0240000E+00,+113.1400E-03
+2.0245000E+00,+113.1400E-03
+2.0250000E+00,+113.1400E-03
+2.0255000E+00,+111.8900E-03
+2.0260000E+00,+112.5150E-03
+2.0265000E+00,+112.5150E-03
+2.0270000E+00,+113.1400E-03
+2.0275000E+00,+113.1400E-03
+2.0280000E+00,+113.1400E-03
+2.0285000E+00,+113.1400E-03
+2.0290000E+00,+111.8900E-03
+2.0295000E+00,+112.5150E-03
+2.0300000E+00,+112.5150E-03
+2.0305000E+00,+112.5150E-03
+2.0310000E+00,+113.1400E-03
+2.0315000E+00,+113.1400E-03
+2.0320000E+00,+112.5150E-03
+2.0325000E+00,+112.5150E-03
+2.0330000E+00,+113.1400E-03
+2.0335000E+00,+112.5150E-03
+2.0340000E+00,+112.5150E-03
+2.0345000E+00,+112.5150E-03
+2.0350000E+00,+113.1400E-03
+2.0355000E+00,+113.1400E-03
+2.0360000E+00,+112.5150E-03
+2.0365000E+00,+113.7650E-03
+2.0370000E+00,+113.1400E-03
+2.0375000E+00,+113.1400E-03
+2.0380000E+00,+113.7650E-03
+2.0385000E+00,+113.7650E-03
+2.0390000E+00,+112.5150E-03
+2.0395000E+00,+112.5150E-03
+2.0400000E+00,+111.8900E-03
+2.0405000E+00,+112.5150E-03
+2.0410000E+00,+110.6400E-03
+2.0415000E+00,+113.1400E-03
+2.0420000E+00,+113.1400E-03
+2.0425000E+00,+113.7650E-03
+2.0430000E+00,+113.7650E-03
+2.0435000E+00,+112.5150E-03
+2.0440000E+00,+113.7650E-03
+2.0445000E+00,+113.1400E-03
+2.0450000E+00,+112.5150E-03
+2.0455000E+00,+112.5150E-03
+2.0460000E+00,+112.5150E-03
+2.0465000E+00,+110.0150E-03
+2.0470000E+00,+113.1400E-03
+2.0475000E+00,+113.1400E-03
+2.0480000E+00,+111.8900E-03
+2.0485000E+00,+112.5150E-03
+2.0490000E+00,+112.5150E-03
+2.0495000E+00,+113.1400E-03
+2.0500000E+00,+112.5150E-03
+2.0505000E+00,+112.5150E-03
+2.0510000E+00,+112.5150E-03
+2.0515000E+00,+113.1400E-03
+2.0520000E+00,+112.5150E-03
+2.0525000E+00,+112.5150E-03
+2.0530000E+00,+112.5150E-03
+2.0535000E+00,+113.1400E-03
+2.0540000E+00,+112.5150E-03
+2.0545000E+00,+113.1400E-03
+2.0550000E+00,+113.1400E-03
+2.0555000E+00,+114.3900E-03
