-0.0125,0.6
-0.01249,0.6
-0.01248,0.6
-0.01247,0.6
-0.01246,0.6
-0.01245,0.6
-0.01244,0.6
-0.01243,0.6
-0.01242,0.6
-0.01241,0.6
-0.0124,0.6
-0.01239,0.6
-0.01238,0.6
-0.01237,0.6
-0.01236,0.6
-0.01235,0.6
-0.01234,0.6
-0.01233,0.6
-0.01232,0.64
-0.01231,0.6
-0.0123,0.6
-0.01229,0.6
-0.01228,0.6
-0.01227,0.6
-0.01226,0.6
-0.01225,0.6
-0.01224,0.6
-0.01223,0.6
-0.01222,0.6
-0.01221,0.6
-0.0122,0.6
-0.01219,0.6
-0.01218,0.6
-0.01217,0.6
-0.01216,0.6
-0.01215,0.6
-0.01214,0.56
-0.01213,0.6
-0.01212,0.6
-0.01211,0.6
-0.0121,0.6
-0.01209,0.6
-0.01208,0.6
-0.01207,0.6
-0.01206,0.6
-0.01205,0.6
-0.01204,0.6
-0.01203,0.6
-0.01202,0.6
-0.01201,0.6
-0.012,0.6
-0.01199,0.6
-0.01198,0.6
-0.01197,0.6
-0.01196,0.6
-0.01195,0.6
-0.01194,0.6
-0.01193,0.56
-0.01192,0.6
-0.01191,0.6
-0.0119,0.6
-0.01189,0.6
-0.01188,0.6
-0.01187,0.6
-0.01186,0.6
-0.01185,0.6
-0.01184,0.6
-0.01183,0.64
-0.01182,0.6
-0.01181,0.64
-0.0118,0.6
-0.01179,0.6
-0.01178,0.6
-0.01177,0.6
-0.01176,0.6
-0.01175,0.6
-0.01174,0.6
-0.01173,0.6
-0.01172,0.6
-0.01171,0.6
-0.0117,0.6
-0.01169,0.6
-0.01168,0.6
-0.01167,0.6
-0.01166,0.6
-0.01165,0.6
-0.01164,0.6
-0.01163,0.6
-0.01162,0.6
-0.01161,0.6
-0.0116,0.6
-0.01159,0.6
-0.01158,0.6
-0.01157,0.6
-0.01156,0.6
-0.01155,0.6
-0.01154,0.6
-0.01153,0.6
-0.01152,0.6
-0.01151,0.6
-0.0115,0.6
-0.01149,0.6
-0.01148,0.6
-0.01147,0.6
-0.01146,0.6
-0.01145,0.6
-0.01144,0.6
-0.01143,0.6
-0.01142,0.6
-0.01141,0.6
-0.0114,0.6
-0.01139,0.6
-0.01138,0.6
-0.01137,0.6
-0.01136,0.6
-0.01135,0.6
-0.01134,0.6
-0.01133,0.6
-0.01132,0.6
-0.01131,0.6
-0.0113,0.6
-0.01129,0.6
-0.01128,0.6
-0.01127,0.6
-0.01126,0.6
-0.01125,0.64
-0.01124,0.6
-0.01123,0.6
-0.01122,0.6
-0.01121,0.6
-0.0112,0.6
-0.01119,0.6
-0.01118,0.6
-0.01117,0.6
-0.01116,0.6
-0.01115,0.6
-0.01114,0.6
-0.01113,0.6
-0.01112,0.6
-0.01111,0.6
-0.0111,0.6
-0.01109,0.6
-0.01108,0.6
-0.01107,0.6
-0.01106,0.6
-0.01105,0.6
-0.01104,0.6
-0.01103,0.6
-0.01102,0.6
-0.01101,0.6
-0.011,0.6
-0.01099,0.6
-0.01098,0.6
-0.01097,0.6
-0.01096,0.6
-0.01095,0.6
-0.01094,0.6
-0.01093,0.6
-0.01092,0.6
-0.01091,0.6
-0.0109,0.6
-0.01089,0.6
-0.01088,0.6
-0.01087,0.6
-0.01086,0.6
-0.01085,0.6
-0.01084,0.6
-0.01083,0.6
-0.01082,0.6
-0.01081,0.6
-0.0108,0.6
-0.01079,0.6
-0.01078,0.56
-0.01077,0.6
-0.01076,0.6
-0.01075,0.6
-0.01074,0.6
-0.01073,0.6
-0.01072,0.6
-0.01071,0.6
-0.0107,0.6
-0.01069,0.6
-0.01068,0.6
-0.01067,0.6
-0.01066,0.6
-0.01065,0.6
-0.01064,0.6
-0.01063,0.6
-0.01062,0.6
-0.01061,0.6
-0.0106,0.6
-0.01059,0.6
-0.01058,0.6
-0.01057,0.6
-0.01056,0.6
-0.01055,0.6
-0.01054,0.6
-0.01053,0.6
-0.01052,0.6
-0.01051,0.6
-0.0105,0.6
-0.01049,0.6
-0.01048,0.6
-0.01047,0.64
-0.01046,0.6
-0.01045,0.6
-0.01044,0.6
-0.01043,0.6
-0.01042,0.6
-0.01041,0.6
-0.0104,0.6
-0.01039,0.6
-0.01038,0.6
-0.01037,0.6
-0.01036,0.6
-0.01035,0.6
-0.01034,0.6
-0.01033,0.6
-0.01032,0.6
-0.01031,0.6
-0.0103,0.6
-0.01029,0.6
-0.01028,0.6
-0.01027,0.6
-0.01026,0.6
-0.01025,0.64
-0.01024,0.6
-0.01023,0.6
-0.01022,0.6
-0.01021,0.6
-0.0102,0.6
-0.01019,0.6
-0.01018,0.64
-0.01017,0.6
-0.01016,0.6
-0.01015,0.6
-0.01014,0.6
-0.01013,0.6
-0.01012,0.6
-0.01011,0.6
-0.0101,0.6
-0.01009,0.6
-0.01008,0.6
-0.01007,0.6
-0.01006,0.6
-0.01005,0.6
-0.01004,0.6
-0.01003,0.56
-0.01002,0.6
-0.01001,0.6
-0.01,0.6
-0.00999,0.6
-0.00998,0.6
-0.00997,0.6
-0.00996,0.6
-0.00995,0.6
-0.00994,0.6
-0.00993,0.64
-0.00992,0.6
-0.00991,0.6
-0.0099,0.6
-0.00989,0.6
-0.00988,0.6
-0.00987,0.6
-0.00986,0.56
-0.00985,0.6
-0.00984,0.6
-0.00983,0.6
-0.00982,0.6
-0.00981,0.64
-0.0098,0.6
-0.00979,0.6
-0.00978,0.6
-0.00977,0.6
-0.00976,0.6
-0.00975,0.6
-0.00974,0.6
-0.00973,0.6
-0.00972,0.6
-0.00971,0.6
-0.0097,0.6
-0.00969,0.6
-0.00968,0.56
-0.00967,0.6
-0.00966,0.6
-0.00965,0.6
-0.00964,0.6
-0.00963,0.6
-0.00962,0.6
-0.00961,0.6
-0.0096,0.6
-0.00959,0.6
-0.00958,0.6
-0.00957,0.6
-0.00956,0.6
-0.00955,0.6
-0.00954,0.6
-0.00953,0.6
-0.00952,0.6
-0.00951,0.6
-0.0095,0.6
-0.00949,0.6
-0.00948,0.64
-0.00947,0.6
-0.00946,0.6
-0.00945,0.6
-0.00944,0.6
-0.00943,0.6
-0.00942,0.6
-0.00941,0.6
-0.0094,0.6
-0.00939,0.6
-0.00938,0.6
-0.00937,0.6
-0.00936,0.6
-0.00935,0.6
-0.00934,0.6
-0.00933,0.6
-0.00932,0.6
-0.00931,0.56
-0.0093,0.6
-0.00929,0.6
-0.00928,0.6
-0.00927,0.6
-0.00926,0.6
-0.00925,0.6
-0.00924,0.6
-0.00923,0.6
-0.00922,0.6
-0.00921,0.6
-0.0092,0.6
-0.00919,0.56
-0.00918,0.56
-0.00917,0.6
-0.00916,0.6
-0.00915,0.6
-0.00914,0.6
-0.00913,0.6
-0.00912,0.6
-0.00911,0.6
-0.0091,0.6
-0.00909,0.6
-0.00908,0.6
-0.00907,0.6
-0.00906,0.6
-0.00905,0.6
-0.00904,0.6
-0.00903,0.6
-0.00902,0.56
-0.00901,0.6
-0.009,0.6
-0.00899,0.6
-0.00898,0.6
-0.00897,0.6
-0.00896,0.6
-0.00895,0.6
-0.00894,0.6
-0.00893,0.6
-0.00892,0.6
-0.00891,0.6
-0.0089,0.6
-0.00889,0.6
-0.00888,0.6
-0.00887,0.6
-0.00886,0.6
-0.00885,0.64
-0.00884,0.6
-0.00883,0.6
-0.00882,0.6
-0.00881,0.6
-0.0088,0.6
-0.00879,0.6
-0.00878,0.6
-0.00877,0.6
-0.00876,0.6
-0.00875,0.6
-0.00874,0.6
-0.00873,0.6
-0.00872,0.6
-0.00871,0.6
-0.0087,0.6
-0.00869,0.6
-0.00868,0.6
-0.00867,0.6
-0.00866,0.6
-0.00865,0.6
-0.00864,0.6
-0.00863,0.6
-0.00862,0.6
-0.00861,0.6
-0.0086,0.64
-0.00859,0.6
-0.00858,0.6
-0.00857,0.6
-0.00856,0.6
-0.00855,0.6
-0.00854,0.6
-0.00853,0.6
-0.00852,0.6
-0.00851,0.6
-0.0085,0.6
-0.00849,0.6
-0.00848,0.6
-0.00847,0.6
-0.00846,0.6
-0.00845,0.6
-0.00844,0.6
-0.00843,0.6
-0.00842,0.64
-0.00841,0.6
-0.0084,0.56
-0.00839,0.6
-0.00838,0.6
-0.00837,0.6
-0.00836,0.6
-0.00835,0.56
-0.00834,0.6
-0.00833,0.6
-0.00832,0.6
-0.00831,0.6
-0.0083,0.6
-0.00829,0.6
-0.00828,0.6
-0.00827,0.6
-0.00826,0.6
-0.00825,0.6
-0.00824,0.56
-0.00823,0.6
-0.00822,0.6
-0.00821,0.6
-0.0082,0.6
-0.00819,0.6
-0.00818,0.6
-0.00817,0.6
-0.00816,0.6
-0.00815,0.6
-0.00814,0.56
-0.00813,0.56
-0.00812,0.6
-0.00811,0.6
-0.0081,0.6
-0.00809,0.6
-0.00808,0.6
-0.00807,0.6
-0.00806,0.6
-0.00805,0.6
-0.00804,0.6
-0.00803,0.6
-0.00802,0.6
-0.00801,0.6
-0.008,0.6
-0.00799,0.6
-0.00798,0.6
-0.00797,0.6
-0.00796,0.6
-0.00795,0.6
-0.00794,0.6
-0.00793,0.6
-0.00792,0.6
-0.00791,0.6
-0.0079,0.6
-0.00789,0.6
-0.00788,0.6
-0.00787,0.6
-0.00786,0.6
-0.00785,0.6
-0.00784,0.6
-0.00783,0.6
-0.00782,0.6
-0.00781,0.56
-0.0078,0.6
-0.00779,0.6
-0.00778,0.6
-0.00777,0.6
-0.00776,0.56
-0.00775,0.6
-0.00774,0.6
-0.00773,0.6
-0.00772,0.6
-0.00771,0.6
-0.0077,0.6
-0.00769,0.6
-0.00768,0.6
-0.00767,0.6
-0.00766,0.6
-0.00765,0.56
-0.00764,0.6
-0.00763,0.6
-0.00762,0.6
-0.00761,0.6
-0.0076,0.6
-0.00759,0.6
-0.00758,0.6
-0.00757,0.6
-0.00756,0.6
-0.00755,0.6
-0.00754,0.6
-0.00753,0.6
-0.00752,0.6
-0.00751,0.6
-0.0075,0.6
-0.00749,0.6
-0.00748,0.6
-0.00747,0.6
-0.00746,0.6
-0.00745,0.6
-0.00744,0.6
-0.00743,0.6
-0.00742,0.6
-0.00741,0.6
-0.0074,0.6
-0.00739,0.6
-0.00738,0.6
-0.00737,0.6
-0.00736,0.6
-0.00735,0.6
-0.00734,0.6
-0.00733,0.6
-0.00732,0.6
-0.00731,0.6
-0.0073,0.6
-0.00729,0.6
-0.00728,0.6
-0.00727,0.6
-0.00726,0.6
-0.00725,0.6
-0.00724,0.6
-0.00723,0.6
-0.00722,0.64
-0.00721,0.6
-0.0072,0.6
-0.00719,0.6
-0.00718,0.6
-0.00717,0.6
-0.00716,0.6
-0.00715,0.6
-0.00714,0.6
-0.00713,0.6
-0.00712,0.6
-0.00711,0.6
-0.0071,0.6
-0.00709,0.6
-0.00708,0.6
-0.00707,0.6
-0.00706,0.6
-0.00705,0.6
-0.00704,0.6
-0.00703,0.6
-0.00702,0.6
-0.00701,0.6
-0.007,0.6
-0.00699,0.6
-0.00698,0.6
-0.00697,0.6
-0.00696,0.6
-0.00695,0.64
-0.00694,0.6
-0.00693,0.6
-0.00692,0.6
-0.00691,0.6
-0.0069,0.6
-0.00689,0.64
-0.00688,0.6
-0.00687,0.6
-0.00686,0.6
-0.00685,0.6
-0.00684,0.64
-0.00683,0.6
-0.00682,0.64
-0.00681,0.6
-0.0068,0.64
-0.00679,0.6
-0.00678,0.6
-0.00677,0.6
-0.00676,0.6
-0.00675,0.6
-0.00674,0.6
-0.00673,0.6
-0.00672,0.6
-0.00671,0.6
-0.0067,0.6
-0.00669,0.6
-0.00668,0.6
-0.00667,0.6
-0.00666,0.6
-0.00665,0.6
-0.00664,0.6
-0.00663,0.6
-0.00662,0.6
-0.00661,0.6
-0.0066,0.6
-0.00659,0.6
-0.00658,0.6
-0.00657,0.6
-0.00656,0.6
-0.00655,0.6
-0.00654,0.6
-0.00653,0.6
-0.00652,0.6
-0.00651,0.6
-0.0065,0.6
-0.00649,0.6
-0.00648,0.6
-0.00647,0.6
-0.00646,0.6
-0.00645,0.6
-0.00644,0.6
-0.00643,0.6
-0.00642,0.6
-0.00641,0.6
-0.0064,0.6
-0.00639,0.6
-0.00638,0.6
-0.00637,0.6
-0.00636,0.6
-0.00635,0.6
-0.00634,0.6
-0.00633,0.6
-0.00632,0.6
-0.00631,0.64
-0.0063,0.6
-0.00629,0.6
-0.00628,0.6
-0.00627,0.6
-0.00626,0.6
-0.00625,0.6
-0.00624,0.6
-0.00623,0.6
-0.00622,0.6
-0.00621,0.6
-0.0062,0.56
-0.00619,0.6
-0.00618,0.6
-0.00617,0.6
-0.00616,0.6
-0.00615,0.6
-0.00614,0.6
-0.00613,0.6
-0.00612,0.6
-0.00611,0.6
-0.0061,0.6
-0.00609,0.6
-0.00608,0.6
-0.00607,0.6
-0.00606,0.6
-0.00605,0.6
-0.00604,0.6
-0.00603,0.6
-0.00602,0.6
-0.00601,0.6
-0.006,0.6
-0.00599,0.6
-0.00598,0.6
-0.00597,0.64
-0.00596,0.6
-0.00595,0.6
-0.00594,0.6
-0.00593,0.6
-0.00592,0.6
-0.00591,0.6
-0.0059,0.6
-0.00589,0.6
-0.00588,0.6
-0.00587,0.6
-0.00586,0.6
-0.00585,0.6
-0.00584,0.6
-0.00583,0.6
-0.00582,0.6
-0.00581,0.6
-0.0058,0.64
-0.00579,0.6
-0.00578,0.6
-0.00577,0.6
-0.00576,0.6
-0.00575,0.6
-0.00574,0.6
-0.00573,0.6
-0.00572,0.6
-0.00571,0.56
-0.0057,0.6
-0.00569,0.6
-0.00568,0.6
-0.00567,0.6
-0.00566,0.6
-0.00565,0.6
-0.00564,0.6
-0.00563,0.6
-0.00562,0.6
-0.00561,0.64
-0.0056,0.6
-0.00559,0.6
-0.00558,0.6
-0.00557,0.6
-0.00556,0.6
-0.00555,0.6
-0.00554,0.6
-0.00553,0.6
-0.00552,0.6
-0.00551,0.6
-0.0055,0.6
-0.00549,0.6
-0.00548,0.6
-0.00547,0.6
-0.00546,0.6
-0.00545,0.64
-0.00544,0.6
-0.00543,0.6
-0.00542,0.6
-0.00541,0.6
-0.0054,0.6
-0.00539,0.6
-0.00538,0.6
-0.00537,0.6
-0.00536,0.6
-0.00535,0.6
-0.00534,0.64
-0.00533,0.6
-0.00532,0.6
-0.00531,0.6
-0.0053,0.6
-0.00529,0.6
-0.00528,0.6
-0.00527,0.6
-0.00526,0.6
-0.00525,0.6
-0.00524,0.6
-0.00523,0.6
-0.00522,0.6
-0.00521,0.56
-0.0052,0.6
-0.00519,0.6
-0.00518,0.6
-0.00517,0.6
-0.00516,0.6
-0.00515,0.6
-0.00514,0.6
-0.00513,0.6
-0.00512,0.6
-0.00511,0.6
-0.0051,0.6
-0.00509,0.6
-0.00508,0.6
-0.00507,0.6
-0.00506,0.6
-0.00505,0.6
-0.00504,0.6
-0.00503,0.6
-0.00502,0.6
-0.00501,0.6
-0.005,0.6
-0.00499,0.6
-0.00498,0.6
-0.00497,0.6
-0.00496,0.6
-0.00495,0.6
-0.00494,0.6
-0.00493,0.6
-0.00492,0.6
-0.00491,0.6
-0.0049,0.6
-0.00489,0.6
-0.00488,0.6
-0.00487,0.6
-0.00486,0.6
-0.00485,0.6
-0.00484,0.6
-0.00483,0.6
-0.00482,0.6
-0.00481,0.6
-0.0048,0.6
-0.00479,0.6
-0.00478,0.6
-0.00477,0.6
-0.00476,0.6
-0.00475,0.6
-0.00474,0.6
-0.00473,0.56
-0.00472,0.6
-0.00471,0.6
-0.0047,0.6
-0.00469,0.6
-0.00468,0.6
-0.00467,0.6
-0.00466,0.6
-0.00465,0.6
-0.00464,0.6
-0.00463,0.6
-0.00462,0.6
-0.00461,0.6
-0.0046,0.6
-0.00459,0.6
-0.00458,0.6
-0.00457,0.6
-0.00456,0.6
-0.00455,0.6
-0.00454,0.6
-0.00453,0.6
-0.00452,0.6
-0.00451,0.6
-0.0045,0.6
-0.00449,0.6
-0.00448,0.6
-0.00447,0.6
-0.00446,0.64
-0.00445,0.6
-0.00444,0.6
-0.00443,0.56
-0.00442,0.6
-0.00441,0.6
-0.0044,0.6
-0.00439,0.6
-0.00438,0.6
-0.00437,0.6
-0.00436,0.6
-0.00435,0.6
-0.00434,0.6
-0.00433,0.6
-0.00432,0.6
-0.00431,0.56
-0.0043,0.6
-0.00429,0.6
-0.00428,0.6
-0.00427,0.64
-0.00426,0.6
-0.00425,0.6
-0.00424,0.6
-0.00423,0.6
-0.00422,0.6
-0.00421,0.6
-0.0042,0.6
-0.00419,0.6
-0.00418,0.6
-0.00417,0.6
-0.00416,0.6
-0.00415,0.6
-0.00414,0.6
-0.00413,0.6
-0.00412,0.6
-0.00411,0.6
-0.0041,0.6
-0.00409,0.6
-0.00408,0.6
-0.00407,0.6
-0.00406,0.6
-0.00405,0.6
-0.00404,0.6
-0.00403,0.6
-0.00402,0.6
-0.00401,0.6
-0.004,0.6
-0.00399,0.6
-0.00398,0.6
-0.00397,0.6
-0.00396,0.6
-0.00395,0.6
-0.00394,0.6
-0.00393,0.6
-0.00392,0.6
-0.00391,0.6
-0.0039,0.6
-0.00389,0.6
-0.00388,0.6
-0.00387,0.6
-0.00386,0.6
-0.00385,0.6
-0.00384,0.6
-0.00383,0.6
-0.00382,0.6
-0.00381,0.6
-0.0038,0.6
-0.00379,0.6
-0.00378,0.64
-0.00377,0.6
-0.00376,0.6
-0.00375,0.6
-0.00374,0.6
-0.00373,0.6
-0.00372,0.6
-0.00371,0.6
-0.0037,0.6
-0.00369,0.6
-0.00368,0.6
-0.00367,0.6
-0.00366,0.6
-0.00365,0.6
-0.00364,0.6
-0.00363,0.6
-0.00362,0.56
-0.00361,0.6
-0.0036,0.64
-0.00359,0.56
-0.00358,0.6
-0.00357,0.6
-0.00356,0.6
-0.00355,0.6
-0.00354,0.6
-0.00353,0.6
-0.00352,0.6
-0.00351,0.6
-0.0035,0.6
-0.00349,0.6
-0.00348,0.6
-0.00347,0.6
-0.00346,0.6
-0.00345,0.6
-0.00344,0.6
-0.00343,0.6
-0.00342,0.64
-0.00341,0.6
-0.0034,0.6
-0.00339,0.6
-0.00338,0.6
-0.00337,0.6
-0.00336,0.6
-0.00335,0.6
-0.00334,0.6
-0.00333,0.6
-0.00332,0.6
-0.00331,0.64
-0.0033,0.6
-0.00329,0.6
-0.00328,0.6
-0.00327,0.56
-0.00326,0.6
-0.00325,0.6
-0.00324,0.6
-0.00323,0.6
-0.00322,0.6
-0.00321,0.6
-0.0032,0.6
-0.00319,0.64
-0.00318,0.6
-0.00317,0.6
-0.00316,0.6
-0.00315,0.6
-0.00314,0.6
-0.00313,0.6
-0.00312,0.6
-0.00311,0.6
-0.0031,0.6
-0.00309,0.6
-0.00308,0.6
-0.00307,0.6
-0.00306,0.6
-0.00305,0.6
-0.00304,0.6
-0.00303,0.6
-0.00302,0.6
-0.00301,0.6
-0.003,0.6
-0.00299,0.6
-0.00298,0.6
-0.00297,0.6
-0.00296,0.6
-0.00295,0.6
-0.00294,0.6
-0.00293,0.6
-0.00292,0.64
-0.00291,0.6
-0.0029,0.6
-0.00289,0.6
-0.00288,0.6
-0.00287,0.6
-0.00286,0.6
-0.00285,0.6
-0.00284,0.6
-0.00283,0.6
-0.00282,0.6
-0.00281,0.6
-0.0028,0.6
-0.00279,0.6
-0.00278,0.6
-0.00277,0.6
-0.00276,0.6
-0.00275,0.6
-0.00274,0.6
-0.00273,0.6
-0.00272,0.6
-0.00271,0.6
-0.0027,0.6
-0.00269,0.6
-0.00268,0.6
-0.00267,0.6
-0.00266,0.6
-0.00265,0.6
-0.00264,0.6
-0.00263,0.6
-0.00262,0.6
-0.00261,0.6
-0.0026,0.6
-0.00259,0.64
-0.00258,0.6
-0.00257,0.6
-0.00256,0.6
-0.00255,0.6
-0.00254,0.6
-0.00253,0.6
-0.00252,0.6
-0.00251,0.6
-0.0025,0.6
-0.00249,0.6
-0.00248,0.6
-0.00247,0.6
-0.00246,0.6
-0.00245,0.6
-0.00244,0.6
-0.00243,0.6
-0.00242,0.6
-0.00241,0.6
-0.0024,0.6
-0.00239,0.6
-0.00238,0.6
-0.00237,0.6
-0.00236,0.6
-0.00235,0.6
-0.00234,0.6
-0.00233,0.6
-0.00232,0.6
-0.00231,0.6
-0.0023,0.6
-0.00229,0.6
-0.00228,0.6
-0.00227,0.6
-0.00226,0.6
-0.00225,0.6
-0.00224,0.6
-0.00223,0.6
-0.00222,0.6
-0.00221,0.6
-0.0022,0.6
-0.00219,0.6
-0.00218,0.6
-0.00217,0.6
-0.00216,0.6
-0.00215,0.6
-0.00214,0.6
-0.00213,0.6
-0.00212,0.6
-0.00211,0.6
-0.0021,0.6
-0.00209,0.6
-0.00208,0.6
-0.00207,0.6
-0.00206,0.6
-0.00205,0.6
-0.00204,0.6
-0.00203,0.6
-0.00202,0.6
-0.00201,0.6
-0.002,0.6
-0.00199,0.56
-0.00198,0.6
-0.00197,0.6
-0.00196,0.6
-0.00195,0.6
-0.00194,0.6
-0.00193,0.6
-0.00192,0.6
-0.00191,0.6
-0.0019,0.6
-0.00189,0.6
-0.00188,0.6
-0.00187,0.6
-0.00186,0.6
-0.00185,0.6
-0.00184,0.6
-0.00183,0.6
-0.00182,0.6
-0.00181,0.6
-0.0018,0.6
-0.00179,0.6
-0.00178,0.6
-0.00177,0.6
-0.00176,0.6
-0.00175,0.56
-0.00174,0.6
-0.00173,0.6
-0.00172,0.6
-0.00171,0.6
-0.0017,0.6
-0.00169,0.64
-0.00168,0.6
-0.00167,0.6
-0.00166,0.6
-0.00165,0.6
-0.00164,0.6
-0.00163,0.6
-0.00162,0.6
-0.00161,0.6
-0.0016,0.6
-0.00159,0.6
-0.00158,0.6
-0.00157,0.6
-0.00156,0.6
-0.00155,0.6
-0.00154,0.6
-0.00153,0.6
-0.00152,0.6
-0.00151,0.6
-0.0015,0.6
-0.00149,0.6
-0.00148,0.6
-0.00147,0.6
-0.00146,0.64
-0.00145,0.6
-0.00144,0.6
-0.00143,0.56
-0.00142,0.6
-0.00141,0.6
-0.0014,0.6
-0.00139,0.6
-0.00138,0.6
-0.00137,0.6
-0.00136,0.6
-0.00135,0.6
-0.00134,0.6
-0.00133,0.6
-0.00132,0.6
-0.00131,0.6
-0.0013,0.6
-0.00129,0.6
-0.00128,0.6
-0.00127,0.6
-0.00126,0.6
-0.00125,0.6
-0.00124,0.6
-0.00123,0.6
-0.00122,0.6
-0.00121,0.6
-0.0012,0.6
-0.00119,0.6
-0.00118,0.6
-0.00117,0.6
-0.00116,0.6
-0.00115,0.6
-0.00114,0.6
-0.00113,0.6
-0.00112,0.6
-0.00111,0.6
-0.0011,0.6
-0.00109,0.6
-0.00108,0.6
-0.00107,0.6
-0.00106,0.6
-0.00105,0.6
-0.00104,0.6
-0.00103,0.6
-0.00102,0.6
-0.00101,0.6
-0.001,0.6
-0.00099,0.6
-0.00098,0.6
-0.00097,0.6
-0.00096,0.64
-0.00095,0.6
-0.00094,0.6
-0.00093,0.6
-0.00092,0.6
-0.00091,0.6
-0.0009,0.6
-0.00089,0.6
-0.00088,0.6
-0.00087,0.6
-0.00086,0.6
-0.00085,0.6
-0.00084,0.56
-0.00083,0.6
-0.00082,0.6
-0.00081,0.6
-0.0008,0.6
-0.00079,0.6
-0.00078,0.6
-0.00077,0.6
-0.00076,0.6
-0.00075,0.6
-0.00074,0.6
-0.00073,0.6
-0.00072,0.6
-0.00071,0.6
-0.0007,0.6
-0.00069,0.6
-0.00068,0.6
-0.00067,0.6
-0.00066,0.6
-0.00065,0.6
-0.00064,0.6
-0.00063,0.6
-0.00062,0.6
-0.00061,0.6
-0.0006,0.6
-0.00059,0.6
-0.00058,0.6
-0.00057,0.64
-0.00056,0.6
-0.00055,0.6
-0.00054,0.6
-0.00053,0.6
-0.00052,0.6
-0.00051,0.6
-0.0005,0.6
-0.00049,0.6
-0.00048,0.6
-0.00047,0.6
-0.00046,0.6
-0.00045,0.6
-0.00044,0.6
-0.00043,0.6
-0.00042,0.6
-0.00041,0.6
-0.0004,0.6
-0.00039,0.6
-0.00038,0.6
-0.00037,0.6
-0.00036,0.6
-0.00035,0.6
-0.00034,0.6
-0.00033,0.6
-0.00032,0.6
-0.00031,0.6
-0.0003,0.6
-0.00029,0.6
-0.00028,0.6
-0.00027,0.6
-0.00026,0.6
-0.00025,0.6
-0.00024,0.6
-0.00023,0.6
-0.00022,0.6
-0.00021,0.6
-0.0002,0.6
-0.00019,0.6
-0.00018,0.6
-0.00017,0.6
-0.00016,0.6
-0.00015,0.6
-0.00014,0.6
-0.00013,0.6
-0.00012,0.6
-0.00011,0.6
-0.0001,0.6
-0.00009,0.6
-0.00008,0.6
-0.00007,0.6
-0.00006,0.6
-0.00005,0.6
-0.00004,0.64
-0.00003,0.6
-0.00002,0.6
-0.00001,0.6
0,0.6
0.00001,0.6
0.00002,0.6
0.00003,0.6
0.00004,0.6
0.00005,0.6
0.00006,0.64
0.00007,0.6
0.00008,0.6
0.00009,0.6
0.0001,0.64
0.00011,0.6
0.00012,0.6
0.00013,0.6
0.00014,0.6
0.00015,0.6
0.00016,0.6
0.00017,0.6
0.00018,0.6
0.00019,0.6
0.0002,0.6
0.00021,0.6
0.00022,0.6
0.00023,0.6
0.00024,0.6
0.00025,0.6
0.00026,0.6
0.00027,0.6
0.00028,0.6
0.00029,0.6
0.0003,0.6
0.00031,0.6
0.00032,0.6
0.00033,0.6
0.00034,0.6
0.00035,0.6
0.00036,0.6
0.00037,0.6
0.00038,0.6
0.00039,0.6
0.0004,0.6
0.00041,0.6
0.00042,0.6
0.00043,0.6
0.00044,0.6
0.00045,0.6
0.00046,0.6
0.00047,0.6
0.00048,0.6
0.00049,0.6
0.0005,0.6
0.00051,0.6
0.00052,0.64
0.00053,0.6
0.00054,0.6
0.00055,0.6
0.00056,0.6
0.00057,0.6
0.00058,0.6
0.00059,0.6
0.0006,0.6
0.00061,0.6
0.00062,0.6
0.00063,0.6
0.00064,0.6
0.00065,0.6
0.00066,0.6
0.00067,0.6
0.00068,0.56
0.00069,0.6
0.0007,0.6
0.00071,0.6
0.00072,0.6
0.00073,0.6
0.00074,0.6
0.00075,0.6
0.00076,0.6
0.00077,0.6
0.00078,0.6
0.00079,0.6
0.0008,0.6
0.00081,0.64
0.00082,0.6
0.00083,0.6
0.00084,0.6
0.00085,0.6
0.00086,0.6
0.00087,0.6
0.00088,0.6
0.00089,0.6
0.0009,0.6
0.00091,0.6
0.00092,0.6
0.00093,0.6
0.00094,0.6
0.00095,0.6
0.00096,0.6
0.00097,0.64
0.00098,0.6
0.00099,0.6
0.001,0.6
0.00101,0.6
0.00102,0.6
0.00103,0.6
0.00104,0.6
0.00105,0.6
0.00106,0.6
0.00107,0.6
0.00108,0.6
0.00109,0.6
0.0011,0.6
0.00111,0.6
0.00112,0.6
0.00113,0.6
0.00114,0.6
0.00115,0.64
0.00116,0.6
0.00117,0.6
0.00118,0.6
0.00119,0.6
0.0012,0.6
0.00121,0.6
0.00122,0.6
0.00123,0.6
0.00124,0.64
0.00125,0.6
0.00126,0.6
0.00127,0.6
0.00128,0.6
0.00129,0.6
0.0013,0.6
0.00131,0.6
0.00132,0.6
0.00133,0.6
0.00134,0.6
0.00135,0.6
0.00136,0.6
0.00137,0.6
0.00138,0.56
0.00139,0.6
0.0014,0.6
0.00141,0.6
0.00142,0.56
0.00143,0.6
0.00144,0.6
0.00145,0.6
0.00146,0.6
0.00147,0.6
0.00148,0.6
0.00149,0.6
0.0015,0.6
0.00151,0.6
0.00152,0.6
0.00153,0.6
0.00154,0.6
0.00155,0.6
0.00156,0.6
0.00157,0.6
0.00158,0.6
0.00159,0.6
0.0016,0.6
0.00161,0.6
0.00162,0.6
0.00163,0.6
0.00164,0.6
0.00165,0.6
0.00166,0.6
0.00167,0.6
0.00168,0.6
0.00169,0.6
0.0017,0.6
0.00171,0.6
0.00172,0.6
0.00173,0.6
0.00174,0.6
0.00175,0.6
0.00176,0.6
0.00177,0.6
0.00178,0.6
0.00179,0.6
0.0018,0.6
0.00181,0.6
0.00182,0.6
0.00183,0.6
0.00184,0.6
0.00185,0.6
0.00186,0.6
0.00187,0.6
0.00188,0.56
0.00189,0.6
0.0019,0.6
0.00191,0.6
0.00192,0.6
0.00193,0.6
0.00194,0.6
0.00195,0.6
0.00196,0.6
0.00197,0.6
0.00198,0.6
0.00199,0.64
0.002,0.6
0.00201,0.6
0.00202,0.6
0.00203,0.6
0.00204,0.6
0.00205,0.6
0.00206,0.6
0.00207,0.6
0.00208,0.6
0.00209,0.6
0.0021,0.6
0.00211,0.6
0.00212,0.6
0.00213,0.6
0.00214,0.6
0.00215,0.6
0.00216,0.6
0.00217,0.6
0.00218,0.6
0.00219,0.6
0.0022,0.6
0.00221,0.6
0.00222,0.6
0.00223,0.6
0.00224,0.6
0.00225,0.6
0.00226,0.6
0.00227,0.6
0.00228,0.6
0.00229,0.64
0.0023,0.6
0.00231,0.6
0.00232,0.6
0.00233,0.6
0.00234,0.6
0.00235,0.6
0.00236,0.6
0.00237,0.6
0.00238,0.6
0.00239,0.6
0.0024,0.6
0.00241,0.6
0.00242,0.6
0.00243,0.6
0.00244,0.6
0.00245,0.6
0.00246,0.6
0.00247,0.6
0.00248,0.6
0.00249,0.6
0.0025,0.6
0.00251,0.6
0.00252,0.64
0.00253,0.6
0.00254,0.6
0.00255,0.6
0.00256,0.6
0.00257,0.6
0.00258,0.6
0.00259,0.6
0.0026,0.6
0.00261,0.6
0.00262,0.6
0.00263,0.6
0.00264,0.6
0.00265,0.6
0.00266,0.6
0.00267,0.6
0.00268,0.6
0.00269,0.6
0.0027,0.6
0.00271,0.6
0.00272,0.6
0.00273,0.6
0.00274,0.56
0.00275,0.6
0.00276,0.6
0.00277,0.6
0.00278,0.6
0.00279,0.6
0.0028,0.6
0.00281,0.6
0.00282,0.6
0.00283,0.6
0.00284,0.6
0.00285,0.6
0.00286,0.6
0.00287,0.56
0.00288,0.6
0.00289,0.64
0.0029,0.68
0.00291,0.8
0.00292,0.92
0.00293,1
0.00294,1.12
0.00295,1.24
0.00296,1.36
0.00297,1.48
0.00298,1.6
0.00299,1.72
0.003,1.84
0.00301,2
0.00302,2.12
0.00303,2.28
0.00304,2.4
0.00305,2.52
0.00306,2.68
0.00307,2.84
0.00308,3
0.00309,3.2
0.0031,3.4
0.00311,3.56
0.00312,3.72
0.00313,3.92
0.00314,4
0.00315,4.12
0.00316,4.16
0.00317,4.24
0.00318,4.32
0.00319,4.36
0.0032,4.48
0.00321,4.48
0.00322,4.56
0.00323,4.6
0.00324,4.64
0.00325,4.68
0.00326,4.72
0.00327,4.76
0.00328,4.84
0.00329,4.88
0.0033,4.92
0.00331,4.92
0.00332,5
0.00333,5.04
0.00334,5.08
0.00335,5.12
0.00336,5.12
0.00337,5.2
0.00338,5.24
0.00339,5.24
0.0034,5.32
0.00341,5.32
0.00342,5.36
0.00343,5.36
0.00344,5.44
0.00345,5.44
0.00346,5.48
0.00347,5.52
0.00348,5.56
0.00349,5.56
0.0035,5.6
0.00351,5.6
0.00352,5.64
0.00353,5.68
0.00354,5.68
0.00355,5.72
0.00356,5.76
0.00357,5.76
0.00358,5.8
0.00359,5.8
0.0036,5.72
0.00361,5.6
0.00362,5.64
0.00363,5.6
0.00364,5.6
0.00365,5.64
0.00366,5.64
0.00367,5.64
0.00368,5.64
0.00369,5.64
0.0037,5.64
0.00371,5.64
0.00372,5.64
0.00373,5.68
0.00374,5.68
0.00375,5.68
0.00376,5.68
0.00377,5.68
0.00378,5.72
0.00379,5.68
0.0038,5.68
0.00381,5.72
0.00382,5.68
0.00383,5.72
0.00384,5.68
0.00385,5.68
0.00386,5.72
0.00387,5.72
0.00388,5.72
0.00389,5.72
0.0039,5.72
0.00391,5.72
0.00392,5.72
0.00393,5.72
0.00394,5.72
0.00395,5.72
0.00396,5.72
0.00397,5.72
0.00398,5.72
0.00399,5.72
0.004,5.72
0.00401,5.72
0.00402,5.72
0.00403,5.72
0.00404,5.72
0.00405,5.76
0.00406,5.72
0.00407,5.72
0.00408,5.72
0.00409,5.76
0.0041,5.76
0.00411,5.72
0.00412,5.72
0.00413,5.76
0.00414,5.76
0.00415,5.76
0.00416,5.76
0.00417,5.76
0.00418,5.72
0.00419,5.72
0.0042,5.76
0.00421,5.76
0.00422,5.72
0.00423,5.76
0.00424,5.76
0.00425,5.76
0.00426,5.76
0.00427,5.76
0.00428,5.8
0.00429,5.72
0.0043,5.76
0.00431,5.76
0.00432,5.76
0.00433,5.76
0.00434,5.8
0.00435,5.76
0.00436,5.8
0.00437,5.76
0.00438,5.76
0.00439,5.76
0.0044,5.76
0.00441,5.76
0.00442,5.76
0.00443,5.76
0.00444,5.76
0.00445,5.76
0.00446,5.8
0.00447,5.76
0.00448,5.8
0.00449,5.8
0.0045,5.8
0.00451,5.8
0.00452,5.8
0.00453,5.8
0.00454,5.8
0.00455,5.8
0.00456,5.76
0.00457,5.76
0.00458,5.8
0.00459,5.8
0.0046,5.8
0.00461,5.8
0.00462,5.76
0.00463,5.8
0.00464,5.76
0.00465,5.76
0.00466,5.76
0.00467,5.84
0.00468,5.8
0.00469,5.8
0.0047,5.8
0.00471,5.8
0.00472,5.84
0.00473,5.8
0.00474,5.8
0.00475,5.8
0.00476,5.8
0.00477,5.8
0.00478,5.8
0.00479,5.84
0.0048,5.8
0.00481,5.8
0.00482,5.8
0.00483,5.8
0.00484,5.8
0.00485,5.84
0.00486,5.8
0.00487,5.8
0.00488,5.84
0.00489,5.8
0.0049,5.8
0.00491,5.8
0.00492,5.84
0.00493,5.8
0.00494,5.8
0.00495,5.8
0.00496,5.84
0.00497,5.8
0.00498,5.84
0.00499,5.8
0.005,5.8
0.00501,5.8
0.00502,5.84
0.00503,5.84
0.00504,5.84
0.00505,5.8
0.00506,5.84
0.00507,5.8
0.00508,5.84
0.00509,5.84
0.0051,5.84
0.00511,5.84
0.00512,5.84
0.00513,5.8
0.00514,5.8
0.00515,5.84
0.00516,5.84
0.00517,5.84
0.00518,5.84
0.00519,5.84
0.0052,5.84
0.00521,5.84
0.00522,5.84
0.00523,5.84
0.00524,5.84
0.00525,5.84
0.00526,5.84
0.00527,5.84
0.00528,5.84
0.00529,5.84
0.0053,5.84
0.00531,5.84
0.00532,5.84
0.00533,5.84
0.00534,5.84
0.00535,5.84
0.00536,5.84
0.00537,5.84
0.00538,5.84
0.00539,5.84
0.0054,5.84
0.00541,5.84
0.00542,5.84
0.00543,5.84
0.00544,5.84
0.00545,5.84
0.00546,5.84
0.00547,5.84
0.00548,5.84
0.00549,5.84
0.0055,5.84
0.00551,5.84
0.00552,5.84
0.00553,5.84
0.00554,5.84
0.00555,5.84
0.00556,5.84
0.00557,5.84
0.00558,5.84
0.00559,5.84
0.0056,5.84
0.00561,5.84
0.00562,5.84
0.00563,5.84
0.00564,5.84
0.00565,5.84
0.00566,5.84
0.00567,5.84
0.00568,5.88
0.00569,5.84
0.0057,5.84
0.00571,5.88
0.00572,5.84
0.00573,5.84
0.00574,5.84
0.00575,5.84
0.00576,5.84
0.00577,5.84
0.00578,5.84
0.00579,5.84
0.0058,5.84
0.00581,5.84
0.00582,5.84
0.00583,5.84
0.00584,5.84
0.00585,5.84
0.00586,5.84
0.00587,5.84
0.00588,5.84
0.00589,5.88
0.0059,5.84
0.00591,5.88
0.00592,5.88
0.00593,5.84
0.00594,5.84
0.00595,5.84
0.00596,5.84
0.00597,5.88
0.00598,5.88
0.00599,5.84
0.006,5.84
0.00601,5.84
0.00602,5.88
0.00603,5.88
0.00604,5.88
0.00605,5.84
0.00606,5.84
0.00607,5.88
0.00608,5.88
0.00609,5.88
0.0061,5.88
0.00611,5.88
0.00612,5.88
0.00613,5.84
0.00614,5.88
0.00615,5.88
0.00616,5.88
0.00617,5.88
0.00618,5.84
0.00619,5.88
0.0062,5.88
0.00621,5.88
0.00622,5.88
0.00623,5.88
0.00624,5.88
0.00625,5.88
0.00626,5.88
0.00627,5.88
0.00628,5.88
0.00629,5.88
0.0063,5.88
0.00631,5.88
0.00632,5.88
0.00633,5.88
0.00634,5.88
0.00635,5.88
0.00636,5.88
0.00637,5.88
0.00638,5.88
0.00639,5.88
0.0064,5.88
0.00641,5.88
0.00642,5.88
0.00643,5.88
0.00644,5.88
0.00645,5.84
0.00646,5.88
0.00647,5.88
0.00648,5.92
0.00649,5.88
0.0065,5.88
0.00651,5.88
0.00652,5.92
0.00653,5.88
0.00654,5.88
0.00655,5.88
0.00656,5.88
0.00657,5.88
0.00658,5.88
0.00659,5.88
0.0066,5.88
0.00661,5.88
0.00662,5.88
0.00663,5.92
0.00664,5.92
0.00665,5.88
0.00666,5.88
0.00667,5.88
0.00668,5.88
0.00669,5.88
0.0067,5.92
0.00671,5.92
0.00672,5.88
0.00673,5.88
0.00674,5.88
0.00675,5.88
0.00676,5.88
0.00677,5.92
0.00678,5.88
0.00679,5.92
0.0068,5.88
0.00681,5.88
0.00682,5.92
0.00683,5.88
0.00684,5.88
0.00685,5.92
0.00686,5.88
0.00687,5.92
0.00688,5.88
0.00689,5.88
0.0069,5.88
0.00691,5.88
0.00692,5.88
0.00693,5.88
0.00694,5.92
0.00695,5.88
0.00696,5.88
0.00697,5.88
0.00698,5.88
0.00699,5.88
0.007,5.92
0.00701,5.88
0.00702,5.88
0.00703,5.88
0.00704,5.92
0.00705,5.88
0.00706,5.92
0.00707,5.92
0.00708,5.92
0.00709,5.88
0.0071,5.92
0.00711,5.92
0.00712,5.92
0.00713,5.92
0.00714,5.88
0.00715,5.88
0.00716,5.92
0.00717,5.92
0.00718,5.88
0.00719,5.92
0.0072,5.92
0.00721,5.92
0.00722,5.88
0.00723,5.88
0.00724,5.88
0.00725,5.92
0.00726,5.92
0.00727,5.92
0.00728,5.92
0.00729,5.92
0.0073,5.92
0.00731,5.92
0.00732,5.92
0.00733,5.92
0.00734,5.92
0.00735,5.92
0.00736,5.88
0.00737,5.88
0.00738,5.88
0.00739,5.88
0.0074,5.92
0.00741,5.92
0.00742,5.88
0.00743,5.88
0.00744,5.92
0.00745,5.92
0.00746,5.88
0.00747,5.92
0.00748,5.92
0.00749,5.88
0.0075,5.92
0.00751,5.92
0.00752,5.92
0.00753,5.92
0.00754,5.92
0.00755,5.92
0.00756,5.92
0.00757,5.92
0.00758,5.92
0.00759,5.88
0.0076,5.92
0.00761,5.92
0.00762,5.92
0.00763,5.92
0.00764,5.92
0.00765,5.92
0.00766,5.92
0.00767,5.88
0.00768,5.92
0.00769,5.92
0.0077,5.92
0.00771,5.92
0.00772,5.92
0.00773,5.88
0.00774,5.92
0.00775,5.92
0.00776,5.92
0.00777,5.92
0.00778,5.92
0.00779,5.92
0.0078,5.92
0.00781,5.92
0.00782,5.92
0.00783,5.92
0.00784,5.92
0.00785,5.92
0.00786,5.92
0.00787,5.92
0.00788,5.92
0.00789,5.92
0.0079,5.92
0.00791,5.92
0.00792,5.92
0.00793,5.92
0.00794,5.92
0.00795,5.92
0.00796,5.96
0.00797,5.92
0.00798,5.92
0.00799,5.96
0.008,5.92
0.00801,5.92
0.00802,5.92
0.00803,5.96
0.00804,5.92
0.00805,5.92
0.00806,5.92
0.00807,5.92
0.00808,5.92
0.00809,5.92
0.0081,5.92
0.00811,5.92
0.00812,5.92
0.00813,5.92
0.00814,5.92
0.00815,5.92
0.00816,5.92
0.00817,5.92
0.00818,5.92
0.00819,5.92
0.0082,5.92
0.00821,5.92
0.00822,5.92
0.00823,5.92
0.00824,5.92
0.00825,5.96
0.00826,5.92
0.00827,5.92
0.00828,5.92
0.00829,5.92
0.0083,5.96
0.00831,5.92
0.00832,5.92
0.00833,5.92
0.00834,5.92
0.00835,5.92
0.00836,5.92
0.00837,5.92
0.00838,5.92
0.00839,5.92
0.0084,5.92
0.00841,5.92
0.00842,5.92
0.00843,5.92
0.00844,5.92
0.00845,5.92
0.00846,5.92
0.00847,5.92
0.00848,5.96
0.00849,5.92
0.0085,5.96
0.00851,5.92
0.00852,5.92
0.00853,5.96
0.00854,5.92
0.00855,5.92
0.00856,5.92
0.00857,5.92
0.00858,5.92
0.00859,5.92
0.0086,5.96
0.00861,5.92
0.00862,5.92
0.00863,5.96
0.00864,5.96
0.00865,5.96
0.00866,5.96
0.00867,5.92
0.00868,5.92
0.00869,5.96
0.0087,5.92
0.00871,5.92
0.00872,5.92
0.00873,5.92
0.00874,5.96
0.00875,5.96
0.00876,5.96
0.00877,5.96
0.00878,5.96
0.00879,5.96
0.0088,5.96
0.00881,5.96
0.00882,5.96
0.00883,5.96
0.00884,5.96
0.00885,5.96
0.00886,5.96
0.00887,5.96
0.00888,5.96
0.00889,5.96
0.0089,5.96
0.00891,5.96
0.00892,5.96
0.00893,5.96
0.00894,5.96
0.00895,5.96
0.00896,5.96
0.00897,5.96
0.00898,5.96
0.00899,5.96
0.009,5.96
0.00901,5.96
0.00902,5.96
0.00903,5.96
0.00904,5.92
0.00905,5.92
0.00906,5.96
0.00907,5.96
0.00908,5.96
0.00909,5.96
0.0091,5.96
0.00911,5.96
0.00912,5.96
0.00913,5.96
0.00914,5.96
0.00915,5.96
0.00916,5.96
0.00917,5.96
0.00918,5.96
0.00919,5.96
0.0092,5.96
0.00921,5.96
0.00922,5.96
0.00923,5.96
0.00924,5.96
0.00925,5.96
0.00926,5.96
0.00927,5.96
0.00928,5.96
0.00929,5.96
0.0093,5.96
0.00931,6
0.00932,5.96
0.00933,5.96
0.00934,5.96
0.00935,5.96
0.00936,5.96
0.00937,5.96
0.00938,5.96
0.00939,5.96
0.0094,5.96
0.00941,5.96
0.00942,5.96
0.00943,5.96
0.00944,5.96
0.00945,5.96
0.00946,5.96
0.00947,5.96
0.00948,5.96
0.00949,5.96
0.0095,6
0.00951,5.96
0.00952,5.96
0.00953,6
0.00954,5.96
0.00955,5.96
0.00956,6
0.00957,5.96
0.00958,6
0.00959,5.96
0.0096,5.96
0.00961,5.96
0.00962,5.96
0.00963,5.96
0.00964,6
0.00965,5.96
0.00966,5.96
0.00967,6
0.00968,6
0.00969,6
0.0097,5.96
0.00971,6
0.00972,5.96
0.00973,6
0.00974,6
0.00975,6
0.00976,5.96
0.00977,6
0.00978,6
0.00979,6
0.0098,6
0.00981,6
0.00982,5.96
0.00983,6
0.00984,6
0.00985,6
0.00986,5.96
0.00987,5.96
0.00988,6
0.00989,6
0.0099,6
0.00991,6
0.00992,6
0.00993,6
0.00994,6
0.00995,6
0.00996,5.96
0.00997,6
0.00998,6
0.00999,5.96
0.01,6
0.01001,6
0.01002,6
0.01003,6
0.01004,6.04
0.01005,6
0.01006,6
0.01007,6
0.01008,6
0.01009,6
0.0101,6
0.01011,6
0.01012,5.96
0.01013,6
0.01014,6
0.01015,6
0.01016,6
0.01017,6
0.01018,6
0.01019,6
0.0102,6
0.01021,6
0.01022,6
0.01023,6
0.01024,6.04
0.01025,6
0.01026,6
0.01027,6
0.01028,6
0.01029,6
0.0103,6
0.01031,6
0.01032,6
0.01033,6
0.01034,6
0.01035,6
0.01036,6
0.01037,6
0.01038,6
0.01039,6
0.0104,6
0.01041,6
0.01042,6
0.01043,6
0.01044,6
0.01045,6
0.01046,6
0.01047,6.04
0.01048,6
0.01049,6
0.0105,6.04
0.01051,6.04
0.01052,6
0.01053,6
0.01054,6.04
0.01055,6.04
0.01056,6.04
0.01057,6
0.01058,6
0.01059,6
0.0106,6
0.01061,6
0.01062,6.04
0.01063,6
0.01064,6
0.01065,6
0.01066,6.04
0.01067,6.04
0.01068,6.04
0.01069,6.04
0.0107,6
0.01071,6.04
0.01072,6.04
0.01073,6.04
0.01074,6
0.01075,6
0.01076,6
0.01077,6
0.01078,6.04
0.01079,6.04
0.0108,6.04
0.01081,6.04
0.01082,6.04
0.01083,6.04
0.01084,6.04
0.01085,6.04
0.01086,6.04
0.01087,6.04
0.01088,6.04
0.01089,6.04
0.0109,6.04
0.01091,6.04
0.01092,6.04
0.01093,6.04
0.01094,6.04
0.01095,6.04
0.01096,6.04
0.01097,6.04
0.01098,6.04
0.01099,6.04
0.011,6.04
0.01101,6.04
0.01102,6.04
0.01103,6.04
0.01104,6.04
0.01105,6.04
0.01106,6.04
0.01107,6
0.01108,6.04
0.01109,6.04
0.0111,6.04
0.01111,6.04
0.01112,6.04
0.01113,6.04
0.01114,6.04
0.01115,6.04
0.01116,6.04
0.01117,6.04
0.01118,6.04
0.01119,6.04
0.0112,6.04
0.01121,6.04
0.01122,6.04
0.01123,6.04
0.01124,6.04
0.01125,6.04
0.01126,6.04
0.01127,6.04
0.01128,6.04
0.01129,6.04
0.0113,6.04
0.01131,6.04
0.01132,6.04
0.01133,6.04
0.01134,6.04
0.01135,6.04
0.01136,6.04
0.01137,6.04
0.01138,6.04
0.01139,6
0.0114,6.04
0.01141,6.04
0.01142,6.04
0.01143,6.04
0.01144,6.04
0.01145,6.04
0.01146,6.04
0.01147,6.04
0.01148,6.04
0.01149,6.04
0.0115,6.04
0.01151,6.04
0.01152,6.04
0.01153,6.04
0.01154,6.04
0.01155,6.04
0.01156,6.04
0.01157,6.04
0.01158,6.04
0.01159,6.04
0.0116,6.04
0.01161,6.04
0.01162,6.04
0.01163,6.04
0.01164,6.04
0.01165,6.04
0.01166,6.04
0.01167,6.04
0.01168,6.04
0.01169,6.04
0.0117,6.04
0.01171,6.04
0.01172,6.04
0.01173,6.04
0.01174,6.04
0.01175,6.04
0.01176,6.04
0.01177,6.04
0.01178,6.04
0.01179,6.08
0.0118,6.04
0.01181,6.04
0.01182,6.04
0.01183,6.04
0.01184,6.04
0.01185,6.08
0.01186,6.04
0.01187,6.04
0.01188,6.04
0.01189,6.04
0.0119,6.04
0.01191,6.08
0.01192,6.04
0.01193,6.04
0.01194,6.04
0.01195,6.08
0.01196,6.04
0.01197,6.04
0.01198,6.08
0.01199,6.08
0.012,6.08
0.01201,6.04
0.01202,6.04
0.01203,6.04
0.01204,6.08
0.01205,6.08
0.01206,6.08
0.01207,6.08
0.01208,6.08
0.01209,6.04
0.0121,6.08
0.01211,6.04
0.01212,6.04
0.01213,6.04
0.01214,6.04
0.01215,6.08
0.01216,6.04
0.01217,6.08
0.01218,6.04
0.01219,6.08
0.0122,6.08
0.01221,6.08
0.01222,6.04
0.01223,6.08
0.01224,6.08
0.01225,6.04
0.01226,6.04
0.01227,6.08
0.01228,6.08
0.01229,6.04
0.0123,6.08
0.01231,6.08
0.01232,6.08
0.01233,6.08
0.01234,6.04
0.01235,6.08
0.01236,6.08
0.01237,6.04
0.01238,6.08
0.01239,6.04
0.0124,6.08
0.01241,6.08
0.01242,6.04
0.01243,6.08
0.01244,6.08
0.01245,6.08
0.01246,6.08
0.01247,6.08
0.01248,6.08
0.01249,6.08
