-0.5,-0.08
-0.4996,0
-0.4992,0
-0.4988,0
-0.4984,0
-0.498,-0.08
-0.4976,-0.08
-0.4972,0
-0.4968,0
-0.4964,-0.08
-0.496,0
-0.4956,0
-0.4952,0
-0.4948,0
-0.4944,0
-0.494,0
-0.4936,-0.08
-0.4932,0
-0.4928,-0.08
-0.4924,0
-0.492,0
-0.4916,0
-0.4912,0
-0.4908,0
-0.4904,0
-0.49,0
-0.4896,0
-0.4892,0
-0.4888,0
-0.4884,0
-0.488,0
-0.4876,-0.08
-0.4872,0
-0.4868,0
-0.4864,0
-0.486,0
-0.4856,0
-0.4852,0
-0.4848,0
-0.4844,0
-0.484,0
-0.4836,0
-0.4832,0
-0.4828,0
-0.4824,0
-0.482,0
-0.4816,0
-0.4812,0
-0.4808,-0.08
-0.4804,0
-0.48,0
-0.4796,0
-0.4792,0
-0.4788,0
-0.4784,0
-0.478,-0.08
-0.4776,0
-0.4772,0
-0.4768,0
-0.4764,0
-0.476,0
-0.4756,0
-0.4752,0
-0.4748,0
-0.4744,0
-0.474,0
-0.4736,0
-0.4732,0
-0.4728,0
-0.4724,0
-0.472,0
-0.4716,0
-0.4712,0
-0.4708,0
-0.4704,0
-0.47,-0.08
-0.4696,0
-0.4692,0
-0.4688,0
-0.4684,0
-0.468,0
-0.4676,0
-0.4672,0
-0.4668,0
-0.4664,0
-0.466,0
-0.4656,0
-0.4652,0
-0.4648,0
-0.4644,0
-0.464,0
-0.4636,0
-0.4632,0
-0.4628,0
-0.4624,0
-0.462,0
-0.4616,0
-0.4612,0
-0.4608,0
-0.4604,0
-0.46,0
-0.4596,0
-0.4592,0
-0.4588,0
-0.4584,0
-0.458,0
-0.4576,0
-0.4572,0
-0.4568,0
-0.4564,0
-0.456,0
-0.4556,0
-0.4552,0
-0.4548,0
-0.4544,0
-0.454,0
-0.4536,0
-0.4532,0
-0.4528,0
-0.4524,-0.08
-0.452,0
-0.4516,0
-0.4512,0
-0.4508,0
-0.4504,0
-0.45,-0.08
-0.4496,0
-0.4492,0
-0.4488,0
-0.4484,0
-0.448,0
-0.4476,0
-0.4472,0
-0.4468,0
-0.4464,0
-0.446,0
-0.4456,0
-0.4452,0
-0.4448,0
-0.4444,0
-0.444,0
-0.4436,0
-0.4432,-0.08
-0.4428,0
-0.4424,0
-0.442,0
-0.4416,0
-0.4412,0
-0.4408,0
-0.4404,0
-0.44,-0.08
-0.4396,0
-0.4392,0
-0.4388,0
-0.4384,0
-0.438,0
-0.4376,-0.08
-0.4372,-0.08
-0.4368,0
-0.4364,0
-0.436,0
-0.4356,0
-0.4352,0
-0.4348,-0.08
-0.4344,0
-0.434,0
-0.4336,0
-0.4332,0
-0.4328,-0.08
-0.4324,0
-0.432,0
-0.4316,0
-0.4312,-0.08
-0.4308,0
-0.4304,0
-0.43,0
-0.4296,-0.08
-0.4292,-0.08
-0.4288,0
-0.4284,0
-0.428,0
-0.4276,0
-0.4272,0
-0.4268,0
-0.4264,-0.08
-0.426,0
-0.4256,0
-0.4252,0
-0.4248,0
-0.4244,0
-0.424,0
-0.4236,0
-0.4232,0
-0.4228,0
-0.4224,0
-0.422,0
-0.4216,0
-0.4212,0
-0.4208,0
-0.4204,0
-0.42,0
-0.4196,0
-0.4192,0
-0.4188,0
-0.4184,-0.08
-0.418,0
-0.4176,-0.08
-0.4172,-0.08
-0.4168,0
-0.4164,0
-0.416,0
-0.4156,0
-0.4152,0
-0.4148,0
-0.4144,0
-0.414,0
-0.4136,0
-0.4132,0
-0.4128,0
-0.4124,0
-0.412,0
-0.4116,0
-0.4112,0
-0.4108,0
-0.4104,0
-0.41,0
-0.4096,0
-0.4092,0
-0.4088,0
-0.4084,0
-0.408,0
-0.4076,0
-0.4072,0
-0.4068,0
-0.4064,0
-0.406,0
-0.4056,0
-0.4052,-0.08
-0.4048,0
-0.4044,0
-0.404,0
-0.4036,0
-0.4032,0
-0.4028,-0.08
-0.4024,0
-0.402,0
-0.4016,0
-0.4012,0
-0.4008,0
-0.4004,0
-0.4,0
-0.3996,0
-0.3992,-0.08
-0.3988,0
-0.3984,0
-0.398,0
-0.3976,0
-0.3972,0
-0.3968,0
-0.3964,-0.08
-0.396,0
-0.3956,0
-0.3952,0
-0.3948,-0.08
-0.3944,0
-0.394,0
-0.3936,0
-0.3932,0
-0.3928,0
-0.3924,0
-0.392,0
-0.3916,0
-0.3912,0
-0.3908,0
-0.3904,0
-0.39,0
-0.3896,0
-0.3892,0
-0.3888,0
-0.3884,0
-0.388,0
-0.3876,0
-0.3872,0
-0.3868,0
-0.3864,0
-0.386,0
-0.3856,0
-0.3852,0
-0.3848,0
-0.3844,0
-0.384,0
-0.3836,0
-0.3832,0
-0.3828,0
-0.3824,0
-0.382,-0.08
-0.3816,0
-0.3812,0
-0.3808,0
-0.3804,0
-0.38,0
-0.3796,0
-0.3792,0
-0.3788,0
-0.3784,0
-0.378,-0.08
-0.3776,0
-0.3772,-0.08
-0.3768,0
-0.3764,0
-0.376,0
-0.3756,0
-0.3752,0
-0.3748,0
-0.3744,0
-0.374,0
-0.3736,0
-0.3732,0
-0.3728,-0.08
-0.3724,0
-0.372,0
-0.3716,0
-0.3712,0
-0.3708,0
-0.3704,0
-0.37,-0.08
-0.3696,0
-0.3692,0
-0.3688,0
-0.3684,0
-0.368,-0.08
-0.3676,0
-0.3672,0
-0.3668,0
-0.3664,0
-0.366,0
-0.3656,0
-0.3652,0
-0.3648,-0.08
-0.3644,0
-0.364,0
-0.3636,0
-0.3632,-0.08
-0.3628,0
-0.3624,0
-0.362,0
-0.3616,0
-0.3612,0
-0.3608,0
-0.3604,0
-0.36,0
-0.3596,0
-0.3592,0
-0.3588,-0.08
-0.3584,0
-0.358,0
-0.3576,0
-0.3572,0
-0.3568,0
-0.3564,0
-0.356,0
-0.3556,0
-0.3552,0
-0.3548,0
-0.3544,0
-0.354,0
-0.3536,0
-0.3532,-0.08
-0.3528,0
-0.3524,0
-0.352,0
-0.3516,0
-0.3512,0
-0.3508,0
-0.3504,0
-0.35,0
-0.3496,0
-0.3492,-0.08
-0.3488,0
-0.3484,0
-0.348,0
-0.3476,0
-0.3472,0
-0.3468,0
-0.3464,0
-0.346,0
-0.3456,0
-0.3452,0
-0.3448,0
-0.3444,0
-0.344,0
-0.3436,0
-0.3432,0
-0.3428,-0.08
-0.3424,0
-0.342,-0.08
-0.3416,-0.08
-0.3412,0
-0.3408,0
-0.3404,0
-0.34,0
-0.3396,0
-0.3392,0
-0.3388,0
-0.3384,0
-0.338,0
-0.3376,0
-0.3372,0
-0.3368,0
-0.3364,0
-0.336,0
-0.3356,0
-0.3352,0
-0.3348,0
-0.3344,0
-0.334,0
-0.3336,0
-0.3332,0
-0.3328,0
-0.3324,0
-0.332,0
-0.3316,0
-0.3312,0
-0.3308,0
-0.3304,0
-0.33,0
-0.3296,0
-0.3292,0
-0.3288,0
-0.3284,0
-0.328,0
-0.3276,0
-0.3272,0
-0.3268,0
-0.3264,0
-0.326,0
-0.3256,0
-0.3252,0
-0.3248,0
-0.3244,-0.08
-0.324,0
-0.3236,0
-0.3232,0
-0.3228,0
-0.3224,0
-0.322,0
-0.3216,0
-0.3212,0
-0.3208,0
-0.3204,0
-0.32,0
-0.3196,0
-0.3192,0
-0.3188,0
-0.3184,0
-0.318,0
-0.3176,0
-0.3172,0
-0.3168,0
-0.3164,0
-0.316,0
-0.3156,0
-0.3152,0
-0.3148,0
-0.3144,0
-0.314,-0.08
-0.3136,0
-0.3132,0
-0.3128,0
-0.3124,0
-0.312,0
-0.3116,0
-0.3112,0
-0.3108,0
-0.3104,0
-0.31,0
-0.3096,0
-0.3092,0
-0.3088,0
-0.3084,0
-0.308,0
-0.3076,0
-0.3072,0
-0.3068,0
-0.3064,0
-0.306,-0.08
-0.3056,0
-0.3052,0
-0.3048,0
-0.3044,0
-0.304,0
-0.3036,0
-0.3032,0
-0.3028,0
-0.3024,0
-0.302,-0.08
-0.3016,0
-0.3012,0
-0.3008,0
-0.3004,0
-0.3,0
-0.2996,0
-0.2992,0
-0.2988,0
-0.2984,0
-0.298,0
-0.2976,0
-0.2972,0
-0.2968,-0.08
-0.2964,0
-0.296,0
-0.2956,0
-0.2952,0
-0.2948,0
-0.2944,0
-0.294,0
-0.2936,0
-0.2932,0
-0.2928,0
-0.2924,0
-0.292,0
-0.2916,0
-0.2912,0
-0.2908,-0.08
-0.2904,0
-0.29,0
-0.2896,0
-0.2892,0
-0.2888,0
-0.2884,0
-0.288,0
-0.2876,-0.08
-0.2872,0
-0.2868,0
-0.2864,0
-0.286,0
-0.2856,0
-0.2852,0
-0.2848,0
-0.2844,0
-0.284,0
-0.2836,0
-0.2832,0
-0.2828,0
-0.2824,0
-0.282,0
-0.2816,0
-0.2812,-0.08
-0.2808,0
-0.2804,0
-0.28,-0.08
-0.2796,0
-0.2792,0
-0.2788,-0.08
-0.2784,0
-0.278,0
-0.2776,0
-0.2772,0
-0.2768,0
-0.2764,0
-0.276,0
-0.2756,-0.08
-0.2752,0
-0.2748,0
-0.2744,0
-0.274,0
-0.2736,0
-0.2732,0
-0.2728,0
-0.2724,0
-0.272,0
-0.2716,0
-0.2712,0
-0.2708,0
-0.2704,0
-0.27,0
-0.2696,0
-0.2692,0
-0.2688,0
-0.2684,0
-0.268,0
-0.2676,0
-0.2672,0
-0.2668,0
-0.2664,0
-0.266,0
-0.2656,0
-0.2652,-0.08
-0.2648,0
-0.2644,0
-0.264,0
-0.2636,0
-0.2632,0
-0.2628,0
-0.2624,0
-0.262,0
-0.2616,0
-0.2612,0
-0.2608,0
-0.2604,0
-0.26,0
-0.2596,0
-0.2592,0
-0.2588,0
-0.2584,0
-0.258,0
-0.2576,0
-0.2572,0
-0.2568,-0.08
-0.2564,0
-0.256,0
-0.2556,0
-0.2552,0
-0.2548,0
-0.2544,0
-0.254,0
-0.2536,0
-0.2532,0
-0.2528,0
-0.2524,0
-0.252,0
-0.2516,0
-0.2512,0
-0.2508,0
-0.2504,0
-0.25,-0.08
-0.2496,0
-0.2492,0
-0.2488,0
-0.2484,0
-0.248,0
-0.2476,0
-0.2472,0
-0.2468,0
-0.2464,0
-0.246,0
-0.2456,0
-0.2452,0
-0.2448,0
-0.2444,0
-0.244,0
-0.2436,0
-0.2432,0
-0.2428,0
-0.2424,0
-0.242,-0.08
-0.2416,0
-0.2412,0
-0.2408,0
-0.2404,-0.08
-0.24,0
-0.2396,0
-0.2392,0
-0.2388,0
-0.2384,0
-0.238,0
-0.2376,0
-0.2372,0
-0.2368,-0.08
-0.2364,0
-0.236,0
-0.2356,-0.08
-0.2352,0
-0.2348,0
-0.2344,0
-0.234,0
-0.2336,0
-0.2332,0
-0.2328,0
-0.2324,-0.08
-0.232,0
-0.2316,0
-0.2312,0
-0.2308,0
-0.2304,-0.08
-0.23,0
-0.2296,0
-0.2292,0
-0.2288,0
-0.2284,0
-0.228,0
-0.2276,0
-0.2272,0
-0.2268,0
-0.2264,0
-0.226,0
-0.2256,0
-0.2252,0
-0.2248,-0.08
-0.2244,0
-0.224,-0.08
-0.2236,0
-0.2232,0
-0.2228,0
-0.2224,-0.08
-0.222,0
-0.2216,0
-0.2212,0
-0.2208,0
-0.2204,0
-0.22,0
-0.2196,0
-0.2192,-0.08
-0.2188,0
-0.2184,0
-0.218,0
-0.2176,0
-0.2172,0
-0.2168,0
-0.2164,0
-0.216,0
-0.2156,0
-0.2152,0
-0.2148,0
-0.2144,0
-0.214,0
-0.2136,0
-0.2132,0
-0.2128,0
-0.2124,0
-0.212,0
-0.2116,0
-0.2112,0
-0.2108,0
-0.2104,0
-0.21,0
-0.2096,0
-0.2092,0
-0.2088,0
-0.2084,0
-0.208,0
-0.2076,0
-0.2072,0
-0.2068,0
-0.2064,0
-0.206,-0.08
-0.2056,0
-0.2052,0
-0.2048,0
-0.2044,0
-0.204,0
-0.2036,0
-0.2032,0
-0.2028,0
-0.2024,0
-0.202,0
-0.2016,0
-0.2012,0
-0.2008,0
-0.2004,0
-0.2,0
-0.1996,0
-0.1992,0
-0.1988,0
-0.1984,-0.08
-0.198,0
-0.1976,0
-0.1972,-0.08
-0.1968,0
-0.1964,0
-0.196,0
-0.1956,0
-0.1952,0
-0.1948,0
-0.1944,0
-0.194,0
-0.1936,0
-0.1932,0
-0.1928,0
-0.1924,0
-0.192,0
-0.1916,0
-0.1912,0
-0.1908,0
-0.1904,0
-0.19,0
-0.1896,0
-0.1892,0
-0.1888,0
-0.1884,0
-0.188,0
-0.1876,0
-0.1872,0
-0.1868,0
-0.1864,0
-0.186,0
-0.1856,0
-0.1852,0
-0.1848,0
-0.1844,0
-0.184,0
-0.1836,0
-0.1832,-0.08
-0.1828,-0.08
-0.1824,0
-0.182,0
-0.1816,0
-0.1812,0
-0.1808,0
-0.1804,0
-0.18,0
-0.1796,0
-0.1792,0
-0.1788,0
-0.1784,0
-0.178,0
-0.1776,0
-0.1772,0
-0.1768,-0.08
-0.1764,0
-0.176,0
-0.1756,0
-0.1752,0
-0.1748,-0.08
-0.1744,0
-0.174,0
-0.1736,0
-0.1732,0
-0.1728,0
-0.1724,0
-0.172,0
-0.1716,0
-0.1712,0
-0.1708,0
-0.1704,0
-0.17,0
-0.1696,0
-0.1692,0
-0.1688,0
-0.1684,-0.08
-0.168,0
-0.1676,0
-0.1672,0
-0.1668,0
-0.1664,0
-0.166,0
-0.1656,0
-0.1652,0
-0.1648,0
-0.1644,-0.08
-0.164,0
-0.1636,0
-0.1632,0
-0.1628,0
-0.1624,0
-0.162,0
-0.1616,0
-0.1612,0
-0.1608,0
-0.1604,0
-0.16,0
-0.1596,0
-0.1592,0
-0.1588,-0.08
-0.1584,0
-0.158,0
-0.1576,0
-0.1572,0
-0.1568,0
-0.1564,0
-0.156,0
-0.1556,0
-0.1552,0
-0.1548,-0.08
-0.1544,0
-0.154,0
-0.1536,0
-0.1532,0
-0.1528,0
-0.1524,0
-0.152,0
-0.1516,0
-0.1512,0
-0.1508,0
-0.1504,0
-0.15,0
-0.1496,-0.08
-0.1492,0
-0.1488,0
-0.1484,0
-0.148,0
-0.1476,0
-0.1472,0
-0.1468,0
-0.1464,0
-0.146,0
-0.1456,0
-0.1452,0
-0.1448,0
-0.1444,0
-0.144,0
-0.1436,0
-0.1432,0
-0.1428,0
-0.1424,0
-0.142,0
-0.1416,0
-0.1412,0
-0.1408,0
-0.1404,0
-0.14,0
-0.1396,0
-0.1392,0
-0.1388,0
-0.1384,0
-0.138,0
-0.1376,0
-0.1372,0
-0.1368,0
-0.1364,0
-0.136,0
-0.1356,0
-0.1352,0
-0.1348,0
-0.1344,0
-0.134,0
-0.1336,0
-0.1332,0
-0.1328,0
-0.1324,0
-0.132,0
-0.1316,-0.08
-0.1312,0
-0.1308,0
-0.1304,0
-0.13,0
-0.1296,0
-0.1292,0
-0.1288,0
-0.1284,0
-0.128,0
-0.1276,0
-0.1272,0
-0.1268,0
-0.1264,0
-0.126,0
-0.1256,0
-0.1252,0
-0.1248,0
-0.1244,0
-0.124,0
-0.1236,0
-0.1232,0
-0.1228,0
-0.1224,0
-0.122,0
-0.1216,0
-0.1212,-0.08
-0.1208,0
-0.1204,0
-0.12,0
-0.1196,0
-0.1192,0
-0.1188,0
-0.1184,0
-0.118,0
-0.1176,0
-0.1172,0
-0.1168,0
-0.1164,0
-0.116,0
-0.1156,0
-0.1152,0
-0.1148,0
-0.1144,0
-0.114,0
-0.1136,0
-0.1132,0
-0.1128,0
-0.1124,0
-0.112,0
-0.1116,0
-0.1112,0
-0.1108,0
-0.1104,0
-0.11,0
-0.1096,0
-0.1092,0
-0.1088,0
-0.1084,0
-0.108,0
-0.1076,0
-0.1072,0
-0.1068,0
-0.1064,0
-0.106,0
-0.1056,0
-0.1052,0
-0.1048,0
-0.1044,0
-0.104,0
-0.1036,0
-0.1032,0
-0.1028,0
-0.1024,0
-0.102,0
-0.1016,0
-0.1012,0
-0.1008,0
-0.1004,0
-0.1,0
-0.0996,0
-0.0992,0
-0.0988,0
-0.0984,0
-0.098,0
-0.0976,-0.08
-0.0972,0
-0.0968,0
-0.0964,0
-0.096,0
-0.0956,0
-0.0952,0
-0.0948,0
-0.0944,0
-0.094,0
-0.0936,0
-0.0932,-0.08
-0.0928,0
-0.0924,0
-0.092,0
-0.0916,0
-0.0912,0
-0.0908,0
-0.0904,0
-0.09,0
-0.0896,0
-0.0892,0
-0.0888,0
-0.0884,0
-0.088,0
-0.0876,-0.08
-0.0872,0
-0.0868,0
-0.0864,0
-0.086,0
-0.0856,0
-0.0852,0
-0.0848,0
-0.0844,0
-0.084,0
-0.0836,-0.08
-0.0832,0
-0.0828,0
-0.0824,0
-0.082,0
-0.0816,-0.08
-0.0812,0
-0.0808,0
-0.0804,0
-0.08,0
-0.0796,0
-0.0792,0
-0.0788,0
-0.0784,0
-0.078,0
-0.0776,0
-0.0772,-0.08
-0.0768,-0.08
-0.0764,0
-0.076,0
-0.0756,0
-0.0752,0
-0.0748,0
-0.0744,0
-0.074,0
-0.0736,0
-0.0732,0
-0.0728,0
-0.0724,0
-0.072,0
-0.0716,0
-0.0712,0
-0.0708,0
-0.0704,-0.08
-0.07,0
-0.0696,-0.08
-0.0692,-0.08
-0.0688,0
-0.0684,-0.08
-0.068,0
-0.0676,0
-0.0672,0
-0.0668,0
-0.0664,0
-0.066,0
-0.0656,0
-0.0652,0
-0.0648,0
-0.0644,0
-0.064,0
-0.0636,0
-0.0632,0
-0.0628,0
-0.0624,0
-0.062,0
-0.0616,0
-0.0612,0
-0.0608,0
-0.0604,0
-0.06,0
-0.0596,0
-0.0592,0
-0.0588,0
-0.0584,0
-0.058,0
-0.0576,0
-0.0572,0
-0.0568,-0.08
-0.0564,0
-0.056,0
-0.0556,0
-0.0552,0
-0.0548,-0.08
-0.0544,0
-0.054,0
-0.0536,0
-0.0532,0
-0.0528,0
-0.0524,0
-0.052,-0.08
-0.0516,0
-0.0512,0
-0.0508,0
-0.0504,0
-0.05,0
-0.0496,0
-0.0492,0
-0.0488,-0.08
-0.0484,-0.08
-0.048,0
-0.0476,0
-0.0472,0
-0.0468,0
-0.0464,0
-0.046,0
-0.0456,0
-0.0452,0
-0.0448,0
-0.0444,0
-0.044,0
-0.0436,0
-0.0432,0
-0.0428,0
-0.0424,0
-0.042,0
-0.0416,0
-0.0412,0
-0.0408,0
-0.0404,0
-0.04,0
-0.0396,0
-0.0392,0
-0.0388,0
-0.0384,0
-0.038,0
-0.0376,0
-0.0372,0
-0.0368,0
-0.0364,0
-0.036,0
-0.0356,-0.08
-0.0352,0
-0.0348,0
-0.0344,0
-0.034,0
-0.0336,0
-0.0332,0
-0.0328,0
-0.0324,-0.08
-0.032,0
-0.0316,0
-0.0312,0
-0.0308,0
-0.0304,0
-0.03,0
-0.0296,0
-0.0292,0
-0.0288,0
-0.0284,0
-0.028,0
-0.0276,0
-0.0272,0
-0.0268,0
-0.0264,-0.08
-0.026,0
-0.0256,0
-0.0252,0
-0.0248,0
-0.0244,-0.08
-0.024,-0.08
-0.0236,0
-0.0232,0
-0.0228,0
-0.0224,0
-0.022,0
-0.0216,-0.08
-0.0212,-0.08
-0.0208,0
-0.0204,-0.08
-0.02,0
-0.0196,0
-0.0192,0
-0.0188,-0.08
-0.0184,0
-0.018,0
-0.0176,0
-0.0172,-0.08
-0.0168,0
-0.0164,0
-0.016,-0.08
-0.0156,0
-0.0152,-0.08
-0.0148,0
-0.0144,0
-0.014,0
-0.0136,0
-0.0132,0
-0.0128,0
-0.0124,0
-0.012,0
-0.0116,0
-0.0112,0
-0.0108,0
-0.0104,0
-0.01,0
-0.0096,0
-0.0092,0
-0.0088,0
-0.0084,0
-0.008,-0.08
-0.0076,0
-0.0072,0
-0.0068,0
-0.0064,0
-0.006,-0.08
-0.0056,0
-0.0052,0
-0.0048,0
-0.0044,0
-0.004,0
-0.0036,0
-0.0032,-0.08
-0.0028,-0.08
-0.0024,0
-0.002,0
-0.0016,0
-0.0012,0
-0.0008,0
-0.0004,-0.08
0,0
0.0004,0
0.0008,0
0.0012,0
0.0016,0
0.002,0
0.0024,1.04
0.0028,3.44
0.0032,3.84
0.0036,3.92
0.004,3.92
0.0044,4
0.0048,4
0.0052,4
0.0056,4
0.006,4.16
0.0064,4.64
0.0068,5.28
0.0072,5.92
0.0076,6.24
0.008,6.24
0.0084,6.32
0.0088,6.4
0.0092,6.4
0.0096,6.48
0.01,6.48
0.0104,6.56
0.0108,6.56
0.0112,6.64
0.0116,6.72
0.012,6.72
0.0124,6.8
0.0128,6.8
0.0132,6.8
0.0136,6.88
0.014,6.88
0.0144,6.96
0.0148,7.04
0.0152,7.04
0.0156,7.04
0.016,7.12
0.0164,7.2
0.0168,7.2
0.0172,7.28
0.0176,7.36
0.018,7.36
0.0184,7.52
0.0188,7.52
0.0192,7.52
0.0196,7.6
0.02,7.68
0.0204,7.76
0.0208,7.76
0.0212,7.84
0.0216,7.92
0.022,8
0.0224,8
0.0228,8.08
0.0232,8.08
0.0236,8.16
0.024,8.24
0.0244,8.32
0.0248,8.32
0.0252,8.4
0.0256,8.48
0.026,8.56
0.0264,8.64
0.0268,8.64
0.0272,8.72
0.0276,8.8
0.028,8.88
0.0284,8.88
0.0288,8.96
0.0292,9.04
0.0296,9.04
0.03,9.12
0.0304,9.2
0.0308,9.28
0.0312,9.36
0.0316,9.36
0.032,9.44
0.0324,9.52
0.0328,9.52
0.0332,9.6
0.0336,9.6
0.034,9.68
0.0344,9.76
0.0348,9.84
0.0352,9.92
0.0356,9.92
0.036,10
0.0364,10.08
0.0368,10.16
0.0372,10.16
0.0376,10.24
0.038,10.32
0.0384,10.4
0.0388,10.48
0.0392,10.48
0.0396,10.56
0.04,10.56
0.0404,10.64
0.0408,10.72
0.0412,10.72
0.0416,10.8
0.042,10.88
0.0424,10.96
0.0428,10.96
0.0432,11.12
0.0436,11.12
0.044,11.12
0.0444,11.2
0.0448,11.28
0.0452,11.36
0.0456,11.36
0.046,11.44
0.0464,11.52
0.0468,11.52
0.0472,11.6
0.0476,11.68
0.048,11.76
0.0484,11.84
0.0488,11.84
0.0492,11.92
0.0496,12
0.05,12.08
0.0504,12.08
0.0508,12.16
0.0512,12.16
0.0516,12.24
0.052,12.32
0.0524,12.4
0.0528,12.48
0.0532,12.48
0.0536,12.56
0.054,12.64
0.0544,12.64
0.0548,12.72
0.0552,12.8
0.0556,12.88
0.056,12.88
0.0564,13.04
0.0568,13.04
0.0572,13.12
0.0576,13.2
0.058,13.2
0.0584,13.2
0.0588,13.28
0.0592,13.36
0.0596,13.44
0.06,13.44
0.0604,13.52
0.0608,13.6
0.0612,13.6
0.0616,13.68
0.062,13.76
0.0624,13.76
0.0628,13.84
0.0632,13.84
0.0636,13.92
0.064,13.92
0.0644,13.92
0.0648,13.76
0.0652,13.44
0.0656,13.2
0.066,13.12
0.0664,13.04
0.0668,12.96
0.0672,13.04
0.0676,13.04
0.068,12.96
0.0684,12.96
0.0688,12.96
0.0692,12.96
0.0696,12.96
0.07,12.96
0.0704,12.96
0.0708,12.96
0.0712,12.96
0.0716,12.96
0.072,13.04
0.0724,12.96
0.0728,12.96
0.0732,12.96
0.0736,12.96
0.074,13.04
0.0744,12.96
0.0748,12.96
0.0752,12.96
0.0756,12.96
0.076,12.96
0.0764,12.96
0.0768,12.96
0.0772,12.96
0.0776,12.96
0.078,12.96
0.0784,13.04
0.0788,12.96
0.0792,12.96
0.0796,12.96
0.08,12.96
0.0804,12.96
0.0808,12.96
0.0812,12.96
0.0816,12.96
0.082,12.96
0.0824,12.96
0.0828,12.96
0.0832,12.96
0.0836,12.96
0.084,12.96
0.0844,12.96
0.0848,12.96
0.0852,13.04
0.0856,12.96
0.086,12.96
0.0864,12.96
0.0868,12.96
0.0872,12.96
0.0876,12.96
0.088,12.96
0.0884,12.96
0.0888,12.96
0.0892,12.96
0.0896,12.96
0.09,12.96
0.0904,12.96
0.0908,12.96
0.0912,12.96
0.0916,12.96
0.092,12.96
0.0924,13.04
0.0928,12.96
0.0932,12.96
0.0936,12.96
0.094,12.96
0.0944,12.96
0.0948,12.96
0.0952,12.96
0.0956,12.96
0.096,12.96
0.0964,12.96
0.0968,12.96
0.0972,12.96
0.0976,13.04
0.098,12.96
0.0984,12.96
0.0988,12.96
0.0992,13.04
0.0996,12.96
0.1,12.96
0.1004,12.96
0.1008,12.96
0.1012,12.96
0.1016,12.96
0.102,12.96
0.1024,12.96
0.1028,12.96
0.1032,12.96
0.1036,12.96
0.104,13.04
0.1044,13.04
0.1048,12.96
0.1052,12.96
0.1056,12.96
0.106,12.96
0.1064,12.96
0.1068,13.04
0.1072,13.04
0.1076,12.96
0.108,12.96
0.1084,12.96
0.1088,12.96
0.1092,12.96
0.1096,12.96
0.11,12.96
0.1104,12.96
0.1108,12.96
0.1112,12.96
0.1116,12.96
0.112,12.96
0.1124,12.96
0.1128,12.96
0.1132,12.96
0.1136,12.96
0.114,12.96
0.1144,12.96
0.1148,12.96
0.1152,12.96
0.1156,12.96
0.116,13.04
0.1164,12.96
0.1168,12.96
0.1172,12.96
0.1176,12.96
0.118,13.04
0.1184,12.96
0.1188,12.96
0.1192,12.96
0.1196,12.96
0.12,12.96
0.1204,12.96
0.1208,12.96
0.1212,12.96
0.1216,12.96
0.122,12.96
0.1224,12.96
0.1228,12.96
0.1232,13.04
0.1236,12.96
0.124,12.96
0.1244,12.96
0.1248,12.96
0.1252,12.96
0.1256,12.96
0.126,12.96
0.1264,12.96
0.1268,12.96
0.1272,12.96
0.1276,12.96
0.128,12.96
0.1284,12.96
0.1288,12.96
0.1292,12.96
0.1296,12.96
0.13,12.96
0.1304,12.96
0.1308,12.96
0.1312,12.96
0.1316,12.96
0.132,12.96
0.1324,12.96
0.1328,12.96
0.1332,12.96
0.1336,12.96
0.134,12.96
0.1344,12.96
0.1348,12.96
0.1352,12.96
0.1356,12.96
0.136,12.96
0.1364,12.96
0.1368,12.96
0.1372,12.96
0.1376,12.96
0.138,13.04
0.1384,13.04
0.1388,12.96
0.1392,12.96
0.1396,12.96
0.14,13.04
0.1404,12.96
0.1408,12.96
0.1412,12.96
0.1416,12.96
0.142,12.96
0.1424,12.96
0.1428,12.96
0.1432,12.96
0.1436,12.96
0.144,12.96
0.1444,12.96
0.1448,13.04
0.1452,12.96
0.1456,12.96
0.146,12.96
0.1464,12.96
0.1468,12.96
0.1472,12.96
0.1476,12.96
0.148,12.96
0.1484,12.96
0.1488,12.96
0.1492,12.96
0.1496,12.96
0.15,12.96
0.1504,12.96
0.1508,13.04
0.1512,12.96
0.1516,12.96
0.152,12.96
0.1524,12.96
0.1528,13.04
0.1532,13.04
0.1536,12.96
0.154,12.96
0.1544,12.96
0.1548,12.96
0.1552,12.96
0.1556,12.96
0.156,12.96
0.1564,12.96
0.1568,12.96
0.1572,13.04
0.1576,12.96
0.158,12.96
0.1584,12.96
0.1588,12.96
0.1592,12.96
0.1596,12.96
0.16,12.96
0.1604,12.96
0.1608,12.96
0.1612,12.96
0.1616,12.96
0.162,12.96
0.1624,13.04
0.1628,12.96
0.1632,12.96
0.1636,12.96
0.164,12.96
0.1644,12.96
0.1648,12.96
0.1652,12.96
0.1656,12.96
0.166,12.96
0.1664,12.96
0.1668,12.96
0.1672,12.96
0.1676,13.04
0.168,12.96
0.1684,12.96
0.1688,12.96
0.1692,12.96
0.1696,12.96
0.17,12.96
0.1704,12.96
0.1708,12.96
0.1712,12.96
0.1716,12.96
0.172,12.96
0.1724,12.96
0.1728,12.96
0.1732,12.96
0.1736,12.96
0.174,13.04
0.1744,12.96
0.1748,12.96
0.1752,12.96
0.1756,12.96
0.176,13.04
0.1764,12.96
0.1768,13.04
0.1772,12.96
0.1776,12.96
0.178,12.96
0.1784,12.96
0.1788,12.96
0.1792,12.96
0.1796,12.96
0.18,12.96
0.1804,12.96
0.1808,12.96
0.1812,12.96
0.1816,12.96
0.182,12.96
0.1824,12.96
0.1828,12.96
0.1832,12.96
0.1836,12.96
0.184,12.96
0.1844,12.96
0.1848,12.96
0.1852,12.96
0.1856,12.96
0.186,12.96
0.1864,12.96
0.1868,12.96
0.1872,12.96
0.1876,12.96
0.188,12.96
0.1884,12.96
0.1888,12.96
0.1892,13.04
0.1896,12.96
0.19,12.96
0.1904,12.96
0.1908,12.96
0.1912,12.96
0.1916,12.96
0.192,12.96
0.1924,13.04
0.1928,12.96
0.1932,12.96
0.1936,12.96
0.194,12.96
0.1944,12.96
0.1948,12.96
0.1952,12.96
0.1956,12.96
0.196,12.96
0.1964,12.96
0.1968,12.96
0.1972,12.96
0.1976,12.96
0.198,12.96
0.1984,12.96
0.1988,12.96
0.1992,13.04
0.1996,12.96
0.2,12.96
0.2004,12.96
0.2008,12.96
0.2012,12.96
0.2016,12.96
0.202,12.96
0.2024,12.96
0.2028,12.96
0.2032,12.96
0.2036,12.96
0.204,12.96
0.2044,12.96
0.2048,12.96
0.2052,12.96
0.2056,12.96
0.206,12.96
0.2064,12.96
0.2068,12.96
0.2072,12.96
0.2076,12.96
0.208,12.96
0.2084,12.96
0.2088,13.04
0.2092,12.96
0.2096,12.96
0.21,12.96
0.2104,12.96
0.2108,12.96
0.2112,12.96
0.2116,12.96
0.212,12.96
0.2124,12.96
0.2128,12.96
0.2132,12.96
0.2136,12.96
0.214,12.96
0.2144,13.04
0.2148,12.96
0.2152,12.96
0.2156,13.04
0.216,12.96
0.2164,12.96
0.2168,12.96
0.2172,12.96
0.2176,12.96
0.218,12.96
0.2184,12.96
0.2188,13.04
0.2192,12.96
0.2196,12.96
0.22,12.96
0.2204,12.96
0.2208,12.96
0.2212,12.96
0.2216,12.96
0.222,12.96
0.2224,12.96
0.2228,12.96
0.2232,12.96
0.2236,12.96
0.224,12.96
0.2244,12.96
0.2248,12.96
0.2252,13.04
0.2256,13.04
0.226,12.96
0.2264,12.96
0.2268,12.96
0.2272,13.04
0.2276,12.96
0.228,12.96
0.2284,12.96
0.2288,13.04
0.2292,12.96
0.2296,12.96
0.23,12.96
0.2304,12.96
0.2308,12.96
0.2312,13.04
0.2316,12.96
0.232,12.96
0.2324,12.96
0.2328,12.96
0.2332,12.96
0.2336,12.96
0.234,13.04
0.2344,12.96
0.2348,12.96
0.2352,12.96
0.2356,12.96
0.236,12.96
0.2364,12.96
0.2368,13.04
0.2372,12.96
0.2376,12.96
0.238,12.96
0.2384,12.96
0.2388,12.96
0.2392,12.96
0.2396,12.96
0.24,13.04
0.2404,12.96
0.2408,12.96
0.2412,12.96
0.2416,12.96
0.242,13.04
0.2424,12.96
0.2428,12.96
0.2432,12.96
0.2436,12.96
0.244,12.96
0.2444,13.04
0.2448,12.96
0.2452,12.96
0.2456,12.96
0.246,12.96
0.2464,12.96
0.2468,12.96
0.2472,12.96
0.2476,12.96
0.248,12.96
0.2484,12.96
0.2488,12.96
0.2492,12.96
0.2496,12.96
0.25,13.04
0.2504,12.96
0.2508,12.96
0.2512,12.96
0.2516,12.96
0.252,12.96
0.2524,12.96
0.2528,13.04
0.2532,12.96
0.2536,12.96
0.254,12.96
0.2544,12.96
0.2548,12.96
0.2552,12.96
0.2556,12.96
0.256,12.96
0.2564,12.96
0.2568,12.96
0.2572,12.96
0.2576,12.96
0.258,12.96
0.2584,12.96
0.2588,13.04
0.2592,13.04
0.2596,12.96
0.26,12.96
0.2604,12.96
0.2608,12.96
0.2612,12.96
0.2616,12.96
0.262,12.96
0.2624,12.96
0.2628,12.96
0.2632,12.96
0.2636,12.96
0.264,12.96
0.2644,12.96
0.2648,12.96
0.2652,12.96
0.2656,12.96
0.266,12.96
0.2664,12.96
0.2668,12.96
0.2672,12.96
0.2676,12.96
0.268,12.96
0.2684,12.96
0.2688,12.96
0.2692,13.04
0.2696,12.96
0.27,12.96
0.2704,12.96
0.2708,12.96
0.2712,12.96
0.2716,12.96
0.272,12.96
0.2724,12.96
0.2728,12.96
0.2732,12.96
0.2736,12.96
0.274,12.96
0.2744,12.96
0.2748,12.96
0.2752,12.96
0.2756,13.04
0.276,12.96
0.2764,12.96
0.2768,12.96
0.2772,12.96
0.2776,12.96
0.278,12.96
0.2784,12.96
0.2788,12.96
0.2792,12.96
0.2796,12.96
0.28,12.96
0.2804,12.96
0.2808,12.96
0.2812,12.96
0.2816,12.96
0.282,12.96
0.2824,12.96
0.2828,12.96
0.2832,12.96
0.2836,12.96
0.284,12.96
0.2844,12.96
0.2848,12.96
0.2852,13.04
0.2856,12.96
0.286,12.96
0.2864,12.96
0.2868,12.96
0.2872,12.96
0.2876,12.96
0.288,12.96
0.2884,12.96
0.2888,12.96
0.2892,12.96
0.2896,12.96
0.29,12.96
0.2904,12.96
0.2908,12.96
0.2912,13.04
0.2916,12.96
0.292,13.04
0.2924,12.96
0.2928,12.96
0.2932,13.04
0.2936,13.04
0.294,12.96
0.2944,12.96
0.2948,12.96
0.2952,12.96
0.2956,12.96
0.296,12.96
0.2964,12.96
0.2968,12.96
0.2972,12.96
0.2976,12.96
0.298,12.96
0.2984,12.96
0.2988,12.96
0.2992,12.96
0.2996,12.96
0.3,12.96
0.3004,13.04
0.3008,12.96
0.3012,12.96
0.3016,12.96
0.302,12.96
0.3024,12.96
0.3028,12.96
0.3032,12.96
0.3036,12.96
0.304,12.96
0.3044,12.96
0.3048,12.96
0.3052,13.04
0.3056,12.96
0.306,12.96
0.3064,12.96
0.3068,12.96
0.3072,12.96
0.3076,12.96
0.308,12.96
0.3084,12.96
0.3088,12.96
0.3092,12.96
0.3096,12.96
0.31,12.96
0.3104,12.96
0.3108,12.96
0.3112,12.96
0.3116,12.96
0.312,12.96
0.3124,12.96
0.3128,12.96
0.3132,12.96
0.3136,13.04
0.314,12.96
0.3144,12.96
0.3148,12.96
0.3152,12.96
0.3156,12.96
0.316,12.96
0.3164,12.96
0.3168,12.96
0.3172,12.96
0.3176,12.96
0.318,12.96
0.3184,12.96
0.3188,12.96
0.3192,12.96
0.3196,12.96
0.32,12.96
0.3204,12.96
0.3208,12.96
0.3212,12.96
0.3216,12.96
0.322,12.96
0.3224,12.96
0.3228,12.96
0.3232,12.96
0.3236,12.96
0.324,12.96
0.3244,12.96
0.3248,12.96
0.3252,12.96
0.3256,12.96
0.326,12.96
0.3264,12.96
0.3268,12.96
0.3272,12.96
0.3276,12.96
0.328,12.96
0.3284,12.96
0.3288,12.96
0.3292,12.96
0.3296,12.96
0.33,12.96
0.3304,12.96
0.3308,12.96
0.3312,12.96
0.3316,12.96
0.332,12.96
0.3324,12.96
0.3328,12.96
0.3332,12.96
0.3336,12.96
0.334,12.96
0.3344,13.04
0.3348,13.04
0.3352,12.96
0.3356,12.96
0.336,12.96
0.3364,12.96
0.3368,12.96
0.3372,12.96
0.3376,12.96
0.338,12.96
0.3384,12.96
0.3388,12.96
0.3392,12.96
0.3396,12.96
0.34,12.96
0.3404,13.04
0.3408,12.96
0.3412,12.96
0.3416,13.04
0.342,12.96
0.3424,12.96
0.3428,12.96
0.3432,12.96
0.3436,13.04
0.344,12.96
0.3444,12.96
0.3448,12.96
0.3452,12.96
0.3456,12.96
0.346,13.04
0.3464,12.96
0.3468,12.96
0.3472,13.04
0.3476,12.96
0.348,13.04
0.3484,12.96
0.3488,12.96
0.3492,12.96
0.3496,12.96
0.35,12.96
0.3504,12.96
0.3508,13.04
0.3512,12.96
0.3516,12.96
0.352,12.96
0.3524,12.96
0.3528,13.04
0.3532,12.96
0.3536,12.96
0.354,12.96
0.3544,12.96
0.3548,12.96
0.3552,12.96
0.3556,12.96
0.356,12.96
0.3564,12.96
0.3568,12.96
0.3572,12.96
0.3576,12.96
0.358,12.96
0.3584,12.96
0.3588,12.96
0.3592,12.96
0.3596,12.96
0.36,12.96
0.3604,13.04
0.3608,12.96
0.3612,12.96
0.3616,12.96
0.362,12.96
0.3624,12.96
0.3628,12.96
0.3632,12.96
0.3636,12.96
0.364,12.96
0.3644,12.96
0.3648,13.04
0.3652,12.96
0.3656,12.96
0.366,12.96
0.3664,12.96
0.3668,12.96
0.3672,12.96
0.3676,12.96
0.368,12.96
0.3684,12.96
0.3688,12.96
0.3692,12.96
0.3696,12.96
0.37,12.96
0.3704,12.96
0.3708,12.96
0.3712,12.96
0.3716,13.04
0.372,12.96
0.3724,12.96
0.3728,12.96
0.3732,12.96
0.3736,13.04
0.374,12.96
0.3744,12.96
0.3748,12.96
0.3752,12.96
0.3756,12.96
0.376,13.04
0.3764,13.04
0.3768,12.96
0.3772,12.96
0.3776,12.96
0.378,12.96
0.3784,12.96
0.3788,12.96
0.3792,12.96
0.3796,12.96
0.38,12.96
0.3804,13.04
0.3808,13.04
0.3812,12.96
0.3816,12.96
0.382,12.96
0.3824,12.96
0.3828,13.04
0.3832,13.04
0.3836,13.04
0.384,12.96
0.3844,12.96
0.3848,13.04
0.3852,13.04
0.3856,12.96
0.386,12.96
0.3864,12.96
0.3868,12.96
0.3872,12.96
0.3876,12.96
0.388,12.96
0.3884,12.96
0.3888,12.96
0.3892,12.96
0.3896,12.96
0.39,12.96
0.3904,12.96
0.3908,12.96
0.3912,12.96
0.3916,12.96
0.392,13.04
0.3924,12.96
0.3928,12.96
0.3932,13.04
0.3936,12.96
0.394,12.96
0.3944,12.96
0.3948,12.96
0.3952,12.96
0.3956,12.96
0.396,12.96
0.3964,12.96
0.3968,12.96
0.3972,12.96
0.3976,12.96
0.398,12.96
0.3984,12.96
0.3988,12.96
0.3992,12.96
0.3996,12.96
0.4,12.96
0.4004,12.96
0.4008,12.96
0.4012,12.96
0.4016,12.96
0.402,12.96
0.4024,12.96
0.4028,12.96
0.4032,12.96
0.4036,12.96
0.404,12.96
0.4044,12.96
0.4048,12.96
0.4052,12.96
0.4056,12.96
0.406,12.96
0.4064,13.04
0.4068,12.96
0.4072,12.96
0.4076,12.96
0.408,12.96
0.4084,12.96
0.4088,12.96
0.4092,12.96
0.4096,12.96
0.41,12.96
0.4104,12.96
0.4108,13.04
0.4112,12.96
0.4116,12.96
0.412,12.96
0.4124,12.96
0.4128,12.96
0.4132,12.96
0.4136,13.04
0.414,12.96
0.4144,12.96
0.4148,12.96
0.4152,12.96
0.4156,12.96
0.416,13.04
0.4164,12.96
0.4168,12.96
0.4172,12.96
0.4176,13.04
0.418,12.96
0.4184,12.96
0.4188,12.96
0.4192,12.96
0.4196,12.96
0.42,12.96
0.4204,12.96
0.4208,12.96
0.4212,12.96
0.4216,12.96
0.422,12.96
0.4224,12.96
0.4228,12.96
0.4232,12.96
0.4236,12.96
0.424,12.96
0.4244,12.96
0.4248,12.96
0.4252,12.96
0.4256,12.96
0.426,12.96
0.4264,12.96
0.4268,12.96
0.4272,12.96
0.4276,12.96
0.428,12.96
0.4284,12.96
0.4288,12.96
0.4292,12.96
0.4296,12.96
0.43,12.96
0.4304,12.96
0.4308,13.04
0.4312,12.96
0.4316,12.96
0.432,12.96
0.4324,12.96
0.4328,12.96
0.4332,12.96
0.4336,12.96
0.434,12.96
0.4344,12.96
0.4348,12.96
0.4352,12.96
0.4356,12.96
0.436,12.96
0.4364,12.96
0.4368,13.04
0.4372,13.04
0.4376,12.96
0.438,12.96
0.4384,12.96
0.4388,12.96
0.4392,13.04
0.4396,12.96
0.44,12.96
0.4404,12.96
0.4408,12.96
0.4412,12.96
0.4416,12.96
0.442,12.96
0.4424,12.96
0.4428,12.96
0.4432,12.96
0.4436,12.96
0.444,12.96
0.4444,12.96
0.4448,13.04
0.4452,12.96
0.4456,12.96
0.446,12.96
0.4464,12.96
0.4468,12.96
0.4472,12.96
0.4476,12.96
0.448,12.96
0.4484,12.96
0.4488,12.96
0.4492,12.96
0.4496,12.96
0.45,12.96
0.4504,13.04
0.4508,12.96
0.4512,12.96
0.4516,12.96
0.452,12.96
0.4524,12.96
0.4528,12.96
0.4532,12.96
0.4536,13.04
0.454,12.96
0.4544,13.04
0.4548,12.96
0.4552,12.96
0.4556,12.96
0.456,12.96
0.4564,12.96
0.4568,13.04
0.4572,12.96
0.4576,12.96
0.458,12.96
0.4584,12.96
0.4588,12.96
0.4592,12.96
0.4596,12.96
0.46,12.96
0.4604,12.96
0.4608,12.96
0.4612,13.04
0.4616,12.96
0.462,12.96
0.4624,12.96
0.4628,12.96
0.4632,12.96
0.4636,12.96
0.464,12.96
0.4644,12.96
0.4648,12.96
0.4652,12.96
0.4656,12.96
0.466,12.96
0.4664,12.96
0.4668,12.96
0.4672,12.96
0.4676,12.96
0.468,12.96
0.4684,12.96
0.4688,12.96
0.4692,12.96
0.4696,12.96
0.47,12.96
0.4704,13.04
0.4708,12.96
0.4712,12.96
0.4716,12.96
0.472,12.96
0.4724,13.04
0.4728,12.96
0.4732,12.96
0.4736,12.96
0.474,12.96
0.4744,13.04
0.4748,12.96
0.4752,12.96
0.4756,12.96
0.476,13.04
0.4764,12.96
0.4768,13.04
0.4772,12.96
0.4776,12.96
0.478,12.96
0.4784,12.96
0.4788,12.96
0.4792,12.96
0.4796,12.96
0.48,12.96
0.4804,12.96
0.4808,13.04
0.4812,12.96
0.4816,13.04
0.482,12.96
0.4824,12.96
0.4828,12.96
0.4832,12.96
0.4836,12.96
0.484,12.96
0.4844,12.96
0.4848,12.96
0.4852,12.96
0.4856,13.04
0.486,12.96
0.4864,12.96
0.4868,12.96
0.4872,12.96
0.4876,12.96
0.488,12.96
0.4884,12.96
0.4888,12.96
0.4892,12.96
0.4896,12.96
0.49,12.96
0.4904,12.96
0.4908,12.96
0.4912,12.96
0.4916,12.96
0.492,12.96
0.4924,12.96
0.4928,12.96
0.4932,12.96
0.4936,12.96
0.494,12.96
0.4944,12.96
0.4948,12.96
0.4952,12.96
0.4956,12.96
0.496,12.96
0.4964,13.04
0.4968,13.04
0.4972,12.96
0.4976,12.96
0.498,12.96
0.4984,12.96
0.4988,12.96
0.4992,12.96
0.4996,13.04
