-0.5016,0.00
-0.5012,0.00
-0.5008,0.04
-0.5004,0.04
-0.5,0.00
-0.4996,0.00
-0.4992,0.00
-0.4988,0.00
-0.4984,0.04
-0.498,0.04
-0.4976,0.00
-0.4972,0.00
-0.4968,0.04
-0.4964,0.00
-0.496,0.00
-0.4956,0.00
-0.4952,0.00
-0.4948,0.00
-0.4944,0.00
-0.494,0.04
-0.4936,0.04
-0.4932,0.00
-0.4928,0.00
-0.4924,0.04
-0.492,0.00
-0.4916,0.00
-0.4912,0.04
-0.4908,0.00
-0.4904,0.00
-0.49,0.04
-0.4896,0.00
-0.4892,0.00
-0.4888,0.00
-0.4884,0.00
-0.488,0.00
-0.4876,0.00
-0.4872,0.04
-0.4868,0.00
-0.4864,0.04
-0.486,0.04
-0.4856,0.00
-0.4852,0.00
-0.4848,0.04
-0.4844,0.04
-0.484,0.04
-0.4836,0.04
-0.4832,0.00
-0.4828,0.00
-0.4824,0.04
-0.482,0.04
-0.4816,0.00
-0.4812,0.00
-0.4808,0.04
-0.4804,0.00
-0.48,0.00
-0.4796,0.00
-0.4792,0.04
-0.4788,0.04
-0.4784,0.04
-0.478,0.00
-0.4776,0.00
-0.4772,0.00
-0.4768,0.00
-0.4764,0.04
-0.476,0.00
-0.4756,0.04
-0.4752,0.00
-0.4748,0.04
-0.4744,0.00
-0.474,0.00
-0.4736,0.00
-0.4732,0.00
-0.4728,0.04
-0.4724,0.00
-0.472,0.00
-0.4716,0.00
-0.4712,0.04
-0.4708,0.04
-0.4704,0.00
-0.47,0.00
-0.4696,0.04
-0.4692,0.00
-0.4688,0.00
-0.4684,0.04
-0.468,0.00
-0.4676,0.04
-0.4672,0.00
-0.4668,0.04
-0.4664,0.04
-0.466,0.04
-0.4656,0.04
-0.4652,0.00
-0.4648,0.04
-0.4644,0.04
-0.464,0.00
-0.4636,0.04
-0.4632,0.04
-0.4628,0.04
-0.4624,0.04
-0.462,0.00
-0.4616,0.00
-0.4612,0.00
-0.4608,0.00
-0.4604,0.04
-0.46,0.00
-0.4596,0.00
-0.4592,0.00
-0.4588,0.00
-0.4584,0.04
-0.458,0.00
-0.4576,0.04
-0.4572,0.04
-0.4568,0.00
-0.4564,0.00
-0.456,0.00
-0.4556,0.04
-0.4552,0.00
-0.4548,0.04
-0.4544,0.00
-0.454,0.04
-0.4536,0.00
-0.4532,0.00
-0.4528,0.00
-0.4524,0.04
-0.452,0.04
-0.4516,0.00
-0.4512,0.04
-0.4508,0.00
-0.4504,0.00
-0.45,0.04
-0.4496,0.04
-0.4492,0.00
-0.4488,0.00
-0.4484,0.04
-0.448,0.04
-0.4476,0.04
-0.4472,0.04
-0.4468,0.00
-0.4464,0.04
-0.446,0.00
-0.4456,0.00
-0.4452,0.00
-0.4448,0.04
-0.4444,0.04
-0.444,0.00
-0.4436,0.04
-0.4432,0.00
-0.4428,0.00
-0.4424,0.00
-0.442,0.00
-0.4416,0.00
-0.4412,0.04
-0.4408,0.00
-0.4404,0.00
-0.44,0.00
-0.4396,0.00
-0.4392,0.00
-0.4388,0.00
-0.4384,0.00
-0.438,0.04
-0.4376,0.00
-0.4372,0.00
-0.4368,0.00
-0.4364,0.00
-0.436,0.00
-0.4356,0.04
-0.4352,0.04
-0.4348,0.04
-0.4344,0.00
-0.434,0.00
-0.4336,0.00
-0.4332,0.00
-0.4328,0.00
-0.4324,0.00
-0.432,0.00
-0.4316,0.04
-0.4312,0.00
-0.4308,0.00
-0.4304,0.00
-0.43,0.00
-0.4296,0.00
-0.4292,0.04
-0.4288,0.04
-0.4284,0.00
-0.428,0.00
-0.4276,0.04
-0.4272,0.04
-0.4268,0.00
-0.4264,0.00
-0.426,0.00
-0.4256,0.00
-0.4252,0.04
-0.4248,0.00
-0.4244,0.00
-0.424,0.04
-0.4236,0.00
-0.4232,0.04
-0.4228,0.00
-0.4224,0.00
-0.422,0.04
-0.4216,0.00
-0.4212,0.00
-0.4208,0.00
-0.4204,0.00
-0.42,0.00
-0.4196,0.00
-0.4192,0.00
-0.4188,0.00
-0.4184,0.00
-0.418,0.00
-0.4176,0.00
-0.4172,0.00
-0.4168,0.04
-0.4164,0.00
-0.416,0.00
-0.4156,0.04
-0.4152,0.04
-0.4148,0.04
-0.4144,0.00
-0.414,0.00
-0.4136,0.04
-0.4132,0.00
-0.4128,0.00
-0.4124,0.00
-0.412,0.04
-0.4116,0.00
-0.4112,0.00
-0.4108,0.04
-0.4104,0.04
-0.41,0.00
-0.4096,0.04
-0.4092,0.04
-0.4088,0.00
-0.4084,0.00
-0.408,0.04
-0.4076,0.00
-0.4072,0.04
-0.4068,0.04
-0.4064,0.00
-0.406,0.04
-0.4056,0.00
-0.4052,0.00
-0.4048,0.00
-0.4044,0.00
-0.404,0.00
-0.4036,0.04
-0.4032,0.00
-0.4028,0.00
-0.4024,0.04
-0.402,0.04
-0.4016,0.00
-0.4012,0.00
-0.4008,0.04
-0.4004,0.00
-0.4,0.04
-0.3996,0.00
-0.3992,0.00
-0.3988,0.00
-0.3984,0.04
-0.398,0.04
-0.3976,0.04
-0.3972,0.00
-0.3968,0.00
-0.3964,0.04
-0.396,0.04
-0.3956,0.04
-0.3952,0.00
-0.3948,0.04
-0.3944,0.00
-0.394,0.00
-0.3936,0.04
-0.3932,0.00
-0.3928,0.04
-0.3924,0.04
-0.392,0.04
-0.3916,0.04
-0.3912,0.04
-0.3908,0.04
-0.3904,0.00
-0.39,0.04
-0.3896,0.04
-0.3892,0.00
-0.3888,0.00
-0.3884,0.00
-0.388,0.00
-0.3876,0.00
-0.3872,0.00
-0.3868,0.04
-0.3864,0.00
-0.386,0.00
-0.3856,0.00
-0.3852,0.00
-0.3848,0.00
-0.3844,0.00
-0.384,0.04
-0.3836,0.04
-0.3832,0.00
-0.3828,0.00
-0.3824,0.04
-0.382,0.00
-0.3816,0.00
-0.3812,0.04
-0.3808,0.00
-0.3804,0.00
-0.38,0.00
-0.3796,0.00
-0.3792,0.00
-0.3788,0.00
-0.3784,0.04
-0.378,0.04
-0.3776,0.04
-0.3772,0.00
-0.3768,0.00
-0.3764,0.00
-0.376,0.00
-0.3756,0.00
-0.3752,0.04
-0.3748,0.00
-0.3744,0.00
-0.374,0.00
-0.3736,0.04
-0.3732,0.00
-0.3728,0.00
-0.3724,0.00
-0.372,0.00
-0.3716,0.04
-0.3712,0.00
-0.3708,0.00
-0.3704,0.00
-0.37,0.00
-0.3696,0.00
-0.3692,0.00
-0.3688,0.00
-0.3684,0.04
-0.368,0.00
-0.3676,0.04
-0.3672,0.00
-0.3668,0.00
-0.3664,0.00
-0.366,0.00
-0.3656,0.00
-0.3652,0.00
-0.3648,0.00
-0.3644,0.04
-0.364,0.00
-0.3636,0.00
-0.3632,0.00
-0.3628,0.04
-0.3624,0.00
-0.362,0.04
-0.3616,0.04
-0.3612,0.00
-0.3608,0.00
-0.3604,0.04
-0.36,0.04
-0.3596,0.00
-0.3592,0.00
-0.3588,0.00
-0.3584,0.00
-0.358,0.00
-0.3576,0.00
-0.3572,0.00
-0.3568,0.00
-0.3564,0.00
-0.356,0.04
-0.3556,0.00
-0.3552,0.04
-0.3548,0.00
-0.3544,0.04
-0.354,0.04
-0.3536,0.00
-0.3532,0.00
-0.3528,0.00
-0.3524,0.00
-0.352,0.00
-0.3516,0.00
-0.3512,0.00
-0.3508,0.04
-0.3504,0.04
-0.35,0.00
-0.3496,0.00
-0.3492,0.00
-0.3488,0.00
-0.3484,0.00
-0.348,0.00
-0.3476,0.04
-0.3472,0.00
-0.3468,0.00
-0.3464,0.00
-0.346,0.00
-0.3456,0.04
-0.3452,0.00
-0.3448,0.04
-0.3444,0.00
-0.344,0.00
-0.3436,0.04
-0.3432,0.00
-0.3428,0.00
-0.3424,0.04
-0.342,0.04
-0.3416,0.00
-0.3412,0.00
-0.3408,0.04
-0.3404,0.00
-0.34,0.00
-0.3396,0.00
-0.3392,0.04
-0.3388,0.00
-0.3384,0.00
-0.338,0.00
-0.3376,0.00
-0.3372,0.04
-0.3368,0.04
-0.3364,0.04
-0.336,0.04
-0.3356,0.00
-0.3352,0.04
-0.3348,0.00
-0.3344,0.00
-0.334,0.04
-0.3336,0.04
-0.3332,0.04
-0.3328,0.00
-0.3324,0.00
-0.332,0.00
-0.3316,0.00
-0.3312,0.04
-0.3308,0.04
-0.3304,0.04
-0.33,0.00
-0.3296,0.00
-0.3292,0.00
-0.3288,0.04
-0.3284,0.04
-0.328,0.00
-0.3276,0.04
-0.3272,0.00
-0.3268,0.04
-0.3264,0.04
-0.326,0.04
-0.3256,0.00
-0.3252,0.00
-0.3248,0.00
-0.3244,0.00
-0.324,0.04
-0.3236,0.00
-0.3232,0.00
-0.3228,0.00
-0.3224,0.00
-0.322,0.00
-0.3216,0.00
-0.3212,0.00
-0.3208,0.04
-0.3204,0.00
-0.32,0.00
-0.3196,0.04
-0.3192,0.04
-0.3188,0.00
-0.3184,0.00
-0.318,0.00
-0.3176,0.00
-0.3172,0.00
-0.3168,0.00
-0.3164,0.00
-0.316,0.00
-0.3156,0.00
-0.3152,0.04
-0.3148,0.00
-0.3144,0.04
-0.314,0.00
-0.3136,0.04
-0.3132,0.04
-0.3128,0.04
-0.3124,0.00
-0.312,0.00
-0.3116,0.04
-0.3112,0.00
-0.3108,0.00
-0.3104,0.04
-0.31,0.00
-0.3096,0.00
-0.3092,0.00
-0.3088,0.04
-0.3084,0.04
-0.308,0.00
-0.3076,0.00
-0.3072,0.00
-0.3068,0.00
-0.3064,0.00
-0.306,0.04
-0.3056,0.04
-0.3052,0.00
-0.3048,0.00
-0.3044,0.00
-0.304,0.00
-0.3036,0.00
-0.3032,0.00
-0.3028,0.04
-0.3024,0.04
-0.302,0.00
-0.3016,0.00
-0.3012,0.04
-0.3008,0.00
-0.3004,0.00
-0.3,0.00
-0.2996,0.04
-0.2992,0.04
-0.2988,0.00
-0.2984,0.00
-0.298,0.00
-0.2976,0.00
-0.2972,0.04
-0.2968,0.04
-0.2964,0.04
-0.296,0.00
-0.2956,0.00
-0.2952,0.04
-0.2948,0.00
-0.2944,0.04
-0.294,0.04
-0.2936,0.04
-0.2932,0.00
-0.2928,0.00
-0.2924,0.04
-0.292,0.00
-0.2916,0.00
-0.2912,0.04
-0.2908,0.00
-0.2904,0.04
-0.29,0.00
-0.2896,0.00
-0.2892,0.00
-0.2888,0.00
-0.2884,0.00
-0.288,0.04
-0.2876,0.00
-0.2872,0.04
-0.2868,0.00
-0.2864,0.00
-0.286,0.00
-0.2856,0.00
-0.2852,0.00
-0.2848,0.00
-0.2844,0.00
-0.284,0.00
-0.2836,0.00
-0.2832,0.00
-0.2828,0.00
-0.2824,0.00
-0.282,0.04
-0.2816,0.00
-0.2812,0.04
-0.2808,0.00
-0.2804,0.04
-0.28,0.04
-0.2796,0.00
-0.2792,0.04
-0.2788,0.00
-0.2784,0.00
-0.278,0.00
-0.2776,0.00
-0.2772,0.00
-0.2768,0.04
-0.2764,0.00
-0.276,0.04
-0.2756,0.00
-0.2752,0.00
-0.2748,0.04
-0.2744,0.04
-0.274,0.00
-0.2736,0.04
-0.2732,0.00
-0.2728,0.04
-0.2724,0.00
-0.272,0.00
-0.2716,0.04
-0.2712,0.00
-0.2708,0.00
-0.2704,0.04
-0.27,0.00
-0.2696,0.00
-0.2692,0.00
-0.2688,0.00
-0.2684,0.04
-0.268,0.00
-0.2676,0.04
-0.2672,0.00
-0.2668,0.00
-0.2664,0.00
-0.266,0.00
-0.2656,0.00
-0.2652,0.00
-0.2648,0.04
-0.2644,0.00
-0.264,0.00
-0.2636,0.00
-0.2632,0.00
-0.2628,0.04
-0.2624,0.00
-0.262,0.00
-0.2616,0.00
-0.2612,0.04
-0.2608,0.04
-0.2604,0.04
-0.26,0.04
-0.2596,0.00
-0.2592,0.00
-0.2588,0.04
-0.2584,0.04
-0.258,0.04
-0.2576,0.00
-0.2572,0.04
-0.2568,0.04
-0.2564,0.00
-0.256,0.00
-0.2556,0.00
-0.2552,0.00
-0.2548,0.00
-0.2544,0.00
-0.254,0.04
-0.2536,0.00
-0.2532,0.00
-0.2528,0.04
-0.2524,0.00
-0.252,0.04
-0.2516,0.00
-0.2512,0.00
-0.2508,0.00
-0.2504,0.04
-0.25,0.04
-0.2496,0.04
-0.2492,0.04
-0.2488,0.04
-0.2484,0.00
-0.248,0.00
-0.2476,0.04
-0.2472,0.00
-0.2468,0.04
-0.2464,0.00
-0.246,0.00
-0.2456,0.00
-0.2452,0.04
-0.2448,0.00
-0.2444,0.04
-0.244,0.00
-0.2436,0.04
-0.2432,0.00
-0.2428,0.00
-0.2424,0.00
-0.242,0.00
-0.2416,0.00
-0.2412,0.04
-0.2408,0.00
-0.2404,0.00
-0.24,0.04
-0.2396,0.04
-0.2392,0.00
-0.2388,0.04
-0.2384,0.00
-0.238,0.04
-0.2376,0.00
-0.2372,0.04
-0.2368,0.00
-0.2364,0.00
-0.236,0.04
-0.2356,0.00
-0.2352,0.04
-0.2348,0.00
-0.2344,0.04
-0.234,0.04
-0.2336,0.00
-0.2332,0.04
-0.2328,0.00
-0.2324,0.00
-0.232,0.00
-0.2316,0.04
-0.2312,0.04
-0.2308,0.04
-0.2304,0.00
-0.23,0.04
-0.2296,0.00
-0.2292,0.00
-0.2288,0.04
-0.2284,0.00
-0.228,0.04
-0.2276,0.00
-0.2272,0.00
-0.2268,0.04
-0.2264,0.00
-0.226,0.00
-0.2256,0.00
-0.2252,0.00
-0.2248,0.04
-0.2244,0.00
-0.224,0.00
-0.2236,0.00
-0.2232,0.00
-0.2228,0.00
-0.2224,0.00
-0.222,0.04
-0.2216,0.04
-0.2212,0.00
-0.2208,0.00
-0.2204,0.04
-0.22,0.00
-0.2196,0.00
-0.2192,0.00
-0.2188,0.04
-0.2184,0.04
-0.218,0.00
-0.2176,0.00
-0.2172,0.04
-0.2168,0.00
-0.2164,0.00
-0.216,0.00
-0.2156,0.00
-0.2152,0.00
-0.2148,0.00
-0.2144,0.00
-0.214,0.00
-0.2136,0.00
-0.2132,0.00
-0.2128,0.00
-0.2124,0.04
-0.212,0.04
-0.2116,0.00
-0.2112,0.00
-0.2108,0.00
-0.2104,0.00
-0.21,0.04
-0.2096,0.04
-0.2092,0.00
-0.2088,0.04
-0.2084,0.04
-0.208,0.00
-0.2076,0.00
-0.2072,0.00
-0.2068,0.00
-0.2064,0.00
-0.206,0.00
-0.2056,0.00
-0.2052,0.04
-0.2048,0.04
-0.2044,0.00
-0.204,0.04
-0.2036,0.00
-0.2032,0.00
-0.2028,0.00
-0.2024,0.04
-0.202,0.00
-0.2016,0.00
-0.2012,0.04
-0.2008,0.00
-0.2004,0.00
-0.2,0.00
-0.1996,0.00
-0.1992,0.00
-0.1988,0.00
-0.1984,0.00
-0.198,0.04
-0.1976,0.00
-0.1972,0.00
-0.1968,0.00
-0.1964,0.00
-0.196,0.00
-0.1956,0.04
-0.1952,0.00
-0.1948,0.00
-0.1944,0.00
-0.194,0.00
-0.1936,0.00
-0.1932,0.00
-0.1928,0.00
-0.1924,0.04
-0.192,0.04
-0.1916,0.04
-0.1912,0.00
-0.1908,0.04
-0.1904,0.00
-0.19,0.00
-0.1896,0.00
-0.1892,0.04
-0.1888,0.04
-0.1884,0.00
-0.188,0.00
-0.1876,0.04
-0.1872,0.00
-0.1868,0.00
-0.1864,0.00
-0.186,0.00
-0.1856,0.04
-0.1852,0.00
-0.1848,0.00
-0.1844,0.00
-0.184,0.00
-0.1836,0.00
-0.1832,0.00
-0.1828,0.00
-0.1824,0.04
-0.182,0.00
-0.1816,0.00
-0.1812,0.00
-0.1808,0.00
-0.1804,0.00
-0.18,0.00
-0.1796,0.00
-0.1792,0.00
-0.1788,0.00
-0.1784,0.04
-0.178,0.00
-0.1776,0.04
-0.1772,0.00
-0.1768,0.00
-0.1764,0.00
-0.176,0.00
-0.1756,0.04
-0.1752,0.00
-0.1748,0.00
-0.1744,0.00
-0.174,0.04
-0.1736,0.04
-0.1732,0.00
-0.1728,0.04
-0.1724,0.00
-0.172,0.04
-0.1716,0.04
-0.1712,0.04
-0.1708,0.00
-0.1704,0.00
-0.17,0.04
-0.1696,0.00
-0.1692,0.00
-0.1688,0.00
-0.1684,0.00
-0.168,0.00
-0.1676,0.00
-0.1672,0.00
-0.1668,0.00
-0.1664,0.04
-0.166,0.00
-0.1656,0.00
-0.1652,0.04
-0.1648,0.00
-0.1644,0.00
-0.164,0.00
-0.1636,0.00
-0.1632,0.00
-0.1628,0.00
-0.1624,0.04
-0.162,0.04
-0.1616,0.00
-0.1612,0.04
-0.1608,0.00
-0.1604,0.00
-0.16,0.04
-0.1596,0.00
-0.1592,0.00
-0.1588,0.04
-0.1584,0.04
-0.158,0.04
-0.1576,0.00
-0.1572,0.04
-0.1568,0.00
-0.1564,0.00
-0.156,0.00
-0.1556,0.00
-0.1552,0.00
-0.1548,0.00
-0.1544,0.00
-0.154,0.04
-0.1536,0.00
-0.1532,0.00
-0.1528,0.04
-0.1524,0.04
-0.152,0.04
-0.1516,0.04
-0.1512,0.00
-0.1508,0.04
-0.1504,0.04
-0.15,0.00
-0.1496,0.04
-0.1492,0.04
-0.1488,0.00
-0.1484,0.04
-0.148,0.00
-0.1476,0.00
-0.1472,0.04
-0.1468,0.04
-0.1464,0.00
-0.146,0.00
-0.1456,0.04
-0.1452,0.04
-0.1448,0.00
-0.1444,0.00
-0.144,0.00
-0.1436,0.00
-0.1432,0.00
-0.1428,0.04
-0.1424,0.04
-0.142,0.00
-0.1416,0.00
-0.1412,0.00
-0.1408,0.04
-0.1404,0.00
-0.14,0.00
-0.1396,0.00
-0.1392,0.04
-0.1388,0.00
-0.1384,0.00
-0.138,0.00
-0.1376,0.04
-0.1372,0.00
-0.1368,0.04
-0.1364,0.04
-0.136,0.04
-0.1356,0.04
-0.1352,0.04
-0.1348,0.00
-0.1344,0.00
-0.134,0.00
-0.1336,0.04
-0.1332,0.00
-0.1328,0.00
-0.1324,0.00
-0.132,0.00
-0.1316,0.00
-0.1312,0.00
-0.1308,0.00
-0.1304,0.04
-0.13,0.04
-0.1296,0.04
-0.1292,0.00
-0.1288,0.00
-0.1284,0.00
-0.128,0.04
-0.1276,0.00
-0.1272,0.00
-0.1268,0.00
-0.1264,0.00
-0.126,0.04
-0.1256,0.00
-0.1252,0.04
-0.1248,0.00
-0.1244,0.00
-0.124,0.00
-0.1236,0.00
-0.1232,0.04
-0.1228,0.00
-0.1224,0.00
-0.122,0.00
-0.1216,0.00
-0.1212,0.00
-0.1208,0.00
-0.1204,0.00
-0.12,0.00
-0.1196,0.00
-0.1192,0.00
-0.1188,0.04
-0.1184,0.00
-0.118,0.00
-0.1176,0.00
-0.1172,0.04
-0.1168,0.00
-0.1164,0.00
-0.116,0.00
-0.1156,0.00
-0.1152,0.04
-0.1148,0.04
-0.1144,0.04
-0.114,0.04
-0.1136,0.00
-0.1132,0.00
-0.1128,0.04
-0.1124,0.04
-0.112,0.00
-0.1116,0.00
-0.1112,0.04
-0.1108,0.04
-0.1104,0.04
-0.11,0.04
-0.1096,0.00
-0.1092,0.04
-0.1088,0.00
-0.1084,0.00
-0.108,0.00
-0.1076,0.00
-0.1072,0.00
-0.1068,0.00
-0.1064,0.00
-0.106,0.00
-0.1056,0.04
-0.1052,0.04
-0.1048,0.04
-0.1044,0.00
-0.104,0.00
-0.1036,0.00
-0.1032,0.00
-0.1028,0.00
-0.1024,0.00
-0.102,0.04
-0.1016,0.00
-0.1012,0.00
-0.1008,0.00
-0.1004,0.04
-0.1,0.00
-0.0996,0.00
-0.0992,0.00
-0.0988,0.00
-0.0984,0.00
-0.098,0.00
-0.0976,0.04
-0.0972,0.00
-0.0968,0.00
-0.0964,0.00
-0.096,0.04
-0.0956,0.04
-0.0952,0.04
-0.0948,0.00
-0.0944,0.04
-0.094,0.00
-0.0936,0.00
-0.0932,0.00
-0.0928,0.00
-0.0924,0.00
-0.092,0.00
-0.0916,0.04
-0.0912,0.04
-0.0908,0.04
-0.0904,0.04
-0.09,0.00
-0.0896,0.00
-0.0892,0.00
-0.0888,0.00
-0.0884,0.04
-0.088,0.00
-0.0876,0.00
-0.0872,0.00
-0.0868,0.00
-0.0864,0.04
-0.086,0.00
-0.0856,0.00
-0.0852,0.00
-0.0848,0.00
-0.0844,0.04
-0.084,0.00
-0.0836,0.00
-0.0832,0.00
-0.0828,0.04
-0.0824,0.00
-0.082,0.00
-0.0816,0.04
-0.0812,0.00
-0.0808,0.04
-0.0804,0.00
-0.08,0.04
-0.0796,0.00
-0.0792,0.00
-0.0788,0.00
-0.0784,0.00
-0.078,0.00
-0.0776,0.04
-0.0772,0.00
-0.0768,0.04
-0.0764,0.04
-0.076,0.00
-0.0756,0.04
-0.0752,0.04
-0.0748,0.00
-0.0744,0.00
-0.074,0.00
-0.0736,0.04
-0.0732,0.00
-0.0728,0.00
-0.0724,0.00
-0.072,0.04
-0.0716,0.04
-0.0712,0.00
-0.0708,0.00
-0.0704,0.04
-0.07,0.04
-0.0696,0.00
-0.0692,0.04
-0.0688,0.00
-0.0684,0.00
-0.068,0.00
-0.0676,0.04
-0.0672,0.00
-0.0668,0.04
-0.0664,0.04
-0.066,0.00
-0.0656,0.04
-0.0652,0.00
-0.0648,0.00
-0.0644,0.04
-0.064,0.00
-0.0636,0.04
-0.0632,0.00
-0.0628,0.00
-0.0624,0.04
-0.062,0.00
-0.0616,0.04
-0.0612,0.00
-0.0608,0.00
-0.0604,0.04
-0.06,0.00
-0.0596,0.00
-0.0592,0.00
-0.0588,0.04
-0.0584,0.00
-0.058,0.00
-0.0576,0.00
-0.0572,0.00
-0.0568,0.00
-0.0564,0.04
-0.056,0.00
-0.0556,0.04
-0.0552,0.00
-0.0548,0.00
-0.0544,0.00
-0.054,0.00
-0.0536,0.00
-0.0532,0.00
-0.0528,0.04
-0.0524,0.00
-0.052,0.00
-0.0516,0.00
-0.0512,0.00
-0.0508,0.04
-0.0504,0.00
-0.05,0.04
-0.0496,0.00
-0.0492,0.00
-0.0488,0.00
-0.0484,0.00
-0.048,0.00
-0.0476,0.00
-0.0472,0.00
-0.0468,0.04
-0.0464,0.04
-0.046,0.04
-0.0456,0.04
-0.0452,0.04
-0.0448,0.00
-0.0444,0.00
-0.044,0.04
-0.0436,0.04
-0.0432,0.00
-0.0428,0.00
-0.0424,0.00
-0.042,0.04
-0.0416,0.00
-0.0412,0.04
-0.0408,0.00
-0.0404,0.04
-0.04,0.00
-0.0396,0.00
-0.0392,0.00
-0.0388,0.00
-0.0384,0.04
-0.038,0.00
-0.0376,0.00
-0.0372,0.00
-0.0368,0.00
-0.0364,0.00
-0.036,0.00
-0.0356,0.00
-0.0352,0.00
-0.0348,0.04
-0.0344,0.04
-0.034,0.04
-0.0336,0.04
-0.0332,0.00
-0.0328,0.00
-0.0324,0.00
-0.032,0.00
-0.0316,0.04
-0.0312,0.04
-0.0308,0.00
-0.0304,0.00
-0.03,0.04
-0.0296,0.00
-0.0292,0.04
-0.0288,0.00
-0.0284,0.00
-0.028,0.00
-0.0276,0.00
-0.0272,0.04
-0.0268,0.04
-0.0264,0.00
-0.026,0.00
-0.0256,0.00
-0.0252,0.04
-0.0248,0.04
-0.0244,0.00
-0.024,0.00
-0.0236,0.00
-0.0232,0.00
-0.0228,0.04
-0.0224,0.04
-0.022,0.04
-0.0216,0.00
-0.0212,0.00
-0.0208,0.00
-0.0204,0.00
-0.02,0.00
-0.0196,0.00
-0.0192,0.00
-0.0188,0.04
-0.0184,0.00
-0.018,0.00
-0.0176,0.04
-0.0172,0.00
-0.0168,0.00
-0.0164,0.04
-0.016,0.00
-0.0156,0.00
-0.0152,0.00
-0.0148,0.04
-0.0144,0.04
-0.014,0.04
-0.0136,0.04
-0.0132,0.00
-0.0128,0.04
-0.0124,0.00
-0.012,0.00
-0.0116,0.04
-0.0112,0.04
-0.0108,0.00
-0.0104,0.00
-0.01,0.00
-0.0096,0.00
-0.0092,0.00
-0.0088,0.00
-0.0084,0.04
-0.008,0.00
-0.0076,0.00
-0.0072,0.04
-0.0068,0.00
-0.0064,0.04
-0.006,0.00
-0.0056,0.00
-0.0052,0.04
-0.0048,0.04
-0.0044,0.00
-0.004,0.00
-0.0036,0.00
-0.0032,0.04
-0.0028,0.00
-0.0024,0.04
-0.002,0.04
-0.0016,0.04
-0.0012,0.00
-0.0008,0.04
-0.0004,0.00
0,0.00
0.0004,0.28
0.0008,2.40
0.0012,2.80
0.0016,3.04
0.002,3.12
0.0024,3.16
0.0028,3.20
0.0032,3.16
0.0036,3.20
0.004,3.20
0.0044,3.24
0.0048,3.44
0.0052,3.72
0.0056,4.08
0.006,4.16
0.0064,4.24
0.0068,4.33
0.0072,4.41
0.0076,4.50
0.008,4.58
0.0084,4.67
0.0088,4.75
0.0092,4.84
0.0096,4.92
0.01,5.01
0.0104,5.09
0.0108,5.18
0.0112,5.26
0.0116,5.35
0.012,5.43
0.0124,5.52
0.0128,5.60
0.0132,5.69
0.0136,5.77
0.014,5.86
0.0144,5.94
0.0148,6.00
0.0152,6.00
0.0156,6.00
0.016,6.00
0.0164,6.00
0.0168,6.00
0.0172,6.04
0.0176,6.04
0.018,6.04
0.0184,6.04
0.0188,6.08
0.0192,6.08
0.0196,6.08
0.02,6.12
0.0204,6.12
0.0208,6.12
0.0212,6.12
0.0216,6.16
0.022,6.16
0.0224,6.16
0.0228,6.16
0.0232,6.16
0.0236,6.16
0.024,6.16
0.0244,6.20
0.0248,6.16
0.0252,6.16
0.0256,6.16
0.026,6.16
0.0264,6.20
0.0268,6.20
0.0272,6.20
0.0276,6.20
0.028,6.20
0.0284,6.24
0.0288,6.24
0.0292,6.24
0.0296,6.24
0.03,6.28
0.0304,6.28
0.0308,6.28
0.0312,6.28
0.0316,6.28
0.032,6.32
0.0324,6.32
0.0328,6.32
0.0332,6.32
0.0336,6.32
0.034,6.32
0.0344,6.32
0.0348,6.32
0.0352,6.32
0.0356,6.32
0.036,6.32
0.0364,6.32
0.0368,6.32
0.0372,6.36
0.0376,6.32
0.038,6.36
0.0384,6.36
0.0388,6.40
0.0392,6.36
0.0396,6.40
0.04,6.36
0.0404,6.40
0.0408,6.40
0.0412,6.40
0.0416,6.44
0.042,6.44
0.0424,6.44
0.0428,6.44
0.0432,6.44
0.0436,6.44
0.044,6.44
0.0444,6.44
0.0448,6.40
0.0452,6.44
0.0456,6.44
0.046,6.40
0.0464,6.44
0.0468,6.44
0.0472,6.44
0.0476,6.44
0.048,6.48
0.0484,6.48
0.0488,6.44
0.0492,6.48
0.0496,6.48
0.05,6.48
0.0504,6.48
0.0508,6.52
0.0512,6.52
0.0516,6.52
0.052,6.56
0.0524,6.56
0.0528,6.56
0.0532,6.52
0.0536,6.56
0.054,6.56
0.0544,6.56
0.0548,6.56
0.0552,6.52
0.0556,6.52
0.056,6.52
0.0564,6.52
0.0568,6.52
0.0572,6.52
0.0576,6.56
0.058,6.56
0.0584,6.56
0.0588,6.56
0.0592,6.56
0.0596,6.60
0.06,6.60
0.0604,6.60
0.0608,6.64
0.0612,6.60
0.0616,6.64
0.062,6.64
0.0624,6.64
0.0628,6.60
0.0632,6.64
0.0636,6.64
0.064,6.64
0.0644,6.64
0.0648,6.60
0.0652,6.60
0.0656,6.60
0.066,6.60
0.0664,6.60
0.0668,6.60
0.0672,6.60
0.0676,6.64
0.068,6.64
0.0684,6.64
0.0688,6.64
0.0692,6.64
0.0696,6.64
0.07,6.68
0.0704,6.68
0.0708,6.68
0.0712,6.68
0.0716,6.68
0.072,6.68
0.0724,6.72
0.0728,6.68
0.0732,6.68
0.0736,6.72
0.074,6.68
0.0744,6.68
0.0748,6.68
0.0752,6.64
0.0756,6.64
0.076,6.68
0.0764,6.64
0.0768,6.64
0.0772,6.68
0.0776,6.68
0.078,6.68
0.0784,6.68
0.0788,6.72
0.0792,6.72
0.0796,6.72
0.08,6.72
0.0804,6.72
0.0808,6.72
0.0812,6.72
0.0816,6.72
0.082,6.72
0.0824,6.76
0.0828,6.72
0.0832,6.72
0.0836,6.72
0.084,6.72
0.0844,6.72
0.0848,6.72
0.0852,6.72
0.0856,6.72
0.086,6.72
0.0864,6.72
0.0868,6.72
0.0872,6.72
0.0876,6.72
0.088,6.72
0.0884,6.72
0.0888,6.72
0.0892,6.72
0.0896,6.76
0.09,6.76
0.0904,6.76
0.0908,6.72
0.0912,6.76
0.0916,6.76
0.092,6.76
0.0924,6.76
0.0928,6.76
0.0932,6.76
0.0936,6.76
0.094,6.76
0.0944,6.72
0.0948,6.76
0.0952,6.72
0.0956,6.72
0.096,6.72
0.0964,6.72
0.0968,6.72
0.0972,6.72
0.0976,6.76
0.098,6.72
0.0984,6.76
0.0988,6.76
0.0992,6.76
0.0996,6.76
0.1,6.76
0.1004,6.80
0.1008,6.80
0.1012,6.80
0.1016,6.80
0.102,6.80
0.1024,6.80
0.1028,6.80
0.1032,6.80
0.1036,6.80
0.104,6.80
0.1044,6.80
0.1048,6.76
0.1052,6.76
0.1056,6.76
0.106,6.76
0.1064,6.76
0.1068,6.76
0.1072,6.80
0.1076,6.76
0.108,6.80
0.1084,6.80
0.1088,6.80
0.1092,6.80
0.1096,6.80
0.11,6.80
0.1104,6.80
0.1108,6.84
0.1112,6.84
0.1116,6.84
0.112,6.84
0.1124,6.84
0.1128,6.84
0.1132,6.84
0.1136,6.84
0.114,6.80
0.1144,6.80
0.1148,6.80
0.1152,6.80
0.1156,6.80
0.116,6.80
0.1164,6.80
0.1168,6.80
0.1172,6.80
0.1176,6.80
0.118,6.80
0.1184,6.80
0.1188,6.80
0.1192,6.80
0.1196,6.80
0.12,6.80
0.1204,6.84
0.1208,6.84
0.1212,6.84
0.1216,6.84
0.122,6.84
0.1224,6.84
0.1228,6.84
0.1232,6.84
0.1236,6.84
0.124,6.84
0.1244,6.80
0.1248,6.80
0.1252,6.80
0.1256,6.84
0.126,6.80
0.1264,6.80
0.1268,6.80
0.1272,6.84
0.1276,6.80
0.128,6.80
0.1284,6.84
0.1288,6.84
0.1292,6.84
0.1296,6.84
0.13,6.84
0.1304,6.84
0.1308,6.84
0.1312,6.88
0.1316,6.84
0.132,6.84
0.1324,6.88
0.1328,6.84
0.1332,6.88
0.1336,6.88
0.134,6.84
0.1344,6.84
0.1348,6.84
0.1352,6.84
0.1356,6.80
0.136,6.84
0.1364,6.84
0.1368,6.84
0.1372,6.84
0.1376,6.84
0.138,6.84
0.1384,6.84
0.1388,6.84
0.1392,6.84
0.1396,6.84
0.14,6.88
0.1404,6.84
0.1408,6.88
0.1412,6.88
0.1416,6.84
0.142,6.88
0.1424,6.88
0.1428,6.88
0.1432,6.88
0.1436,6.84
0.144,6.84
0.1444,6.84
0.1448,6.84
0.1452,6.84
0.1456,6.84
0.146,6.84
0.1464,6.84
0.1468,6.84
0.1472,6.84
0.1476,6.84
0.148,6.84
0.1484,6.84
0.1488,6.84
0.1492,6.84
0.1496,6.88
0.15,6.88
0.1504,6.88
0.1508,6.88
0.1512,6.88
0.1516,6.88
0.152,6.88
0.1524,6.88
0.1528,6.88
0.1532,6.88
0.1536,6.84
0.154,6.84
0.1544,6.84
0.1548,6.84
0.1552,6.84
0.1556,6.84
0.156,6.84
0.1564,6.84
0.1568,6.84
0.1572,6.84
0.1576,6.84
0.158,6.84
0.1584,6.80
0.1588,6.84
0.1592,6.84
0.1596,6.84
0.16,6.84
0.1604,6.84
0.1608,6.88
0.1612,6.88
0.1616,6.88
0.162,6.88
0.1624,6.88
0.1628,6.88
0.1632,6.88
0.1636,6.88
0.164,6.84
0.1644,6.84
0.1648,6.84
0.1652,6.84
0.1656,6.84
0.166,6.80
0.1664,6.84
0.1668,6.84
0.1672,6.84
0.1676,6.84
0.168,6.84
0.1684,6.84
0.1688,6.88
0.1692,6.88
0.1696,6.88
0.17,6.88
0.1704,6.88
0.1708,6.88
0.1712,6.88
0.1716,6.88
0.172,6.88
0.1724,6.88
0.1728,6.88
0.1732,6.88
0.1736,6.88
0.174,6.84
0.1744,6.84
0.1748,6.84
0.1752,6.84
0.1756,6.84
0.176,6.84
0.1764,6.80
0.1768,6.84
0.1772,6.84
0.1776,6.84
0.178,6.84
0.1784,6.84
0.1788,6.84
0.1792,6.84
0.1796,6.88
0.18,6.84
0.1804,6.88
0.1808,6.88
0.1812,6.88
0.1816,6.88
0.182,6.88
0.1824,6.88
0.1828,6.88
0.1832,6.88
0.1836,6.84
0.184,6.84
0.1844,6.84
0.1848,6.84
0.1852,6.84
0.1856,6.80
0.186,6.80
0.1864,6.84
0.1868,6.80
0.1872,6.84
0.1876,6.84
0.188,6.84
0.1884,6.84
0.1888,6.84
0.1892,6.84
0.1896,6.84
0.19,6.84
0.1904,6.88
0.1908,6.88
0.1912,6.88
0.1916,6.84
0.192,6.84
0.1924,6.88
0.1928,6.88
0.1932,6.88
0.1936,6.84
0.194,6.84
0.1944,6.84
0.1948,6.84
0.1952,6.80
0.1956,6.84
0.196,6.80
0.1964,6.84
0.1968,6.84
0.1972,6.80
0.1976,6.84
0.198,6.84
0.1984,6.84
0.1988,6.84
0.1992,6.84
0.1996,6.84
0.2,6.84
0.2004,6.84
0.2008,6.84
0.2012,6.88
0.2016,6.88
0.202,6.88
0.2024,6.88
0.2028,6.84
0.2032,6.84
0.2036,6.84
0.204,6.84
0.2044,6.84
0.2048,6.84
0.2052,6.84
0.2056,6.80
0.206,6.80
0.2064,6.84
0.2068,6.84
0.2072,6.84
0.2076,6.84
0.208,6.84
0.2084,6.84
0.2088,6.84
0.2092,6.84
0.2096,6.84
0.21,6.84
0.2104,6.84
0.2108,6.84
0.2112,6.84
0.2116,6.88
0.212,6.88
0.2124,6.84
0.2128,6.84
0.2132,6.84
0.2136,6.84
0.214,6.84
0.2144,6.84
0.2148,6.80
0.2152,6.80
0.2156,6.80
0.216,6.80
0.2164,6.84
0.2168,6.80
0.2172,6.84
0.2176,6.80
0.218,6.84
0.2184,6.84
0.2188,6.84
0.2192,6.84
0.2196,6.84
0.22,6.84
0.2204,6.84
0.2208,6.84
0.2212,6.88
0.2216,6.84
0.222,6.84
0.2224,6.84
0.2228,6.88
0.2232,6.84
0.2236,6.84
0.224,6.84
0.2244,6.80
0.2248,6.80
0.2252,6.80
0.2256,6.80
0.226,6.80
0.2264,6.80
0.2268,6.80
0.2272,6.80
0.2276,6.80
0.228,6.84
0.2284,6.84
0.2288,6.84
0.2292,6.84
0.2296,6.84
0.23,6.84
0.2304,6.84
0.2308,6.84
0.2312,6.84
0.2316,6.84
0.232,6.84
0.2324,6.84
0.2328,6.84
0.2332,6.84
0.2336,6.84
0.234,6.84
0.2344,6.80
0.2348,6.80
0.2352,6.80
0.2356,6.80
0.236,6.80
0.2364,6.80
0.2368,6.80
0.2372,6.80
0.2376,6.76
0.238,6.80
0.2384,6.84
0.2388,6.80
0.2392,6.80
0.2396,6.80
0.24,6.84
0.2404,6.84
0.2408,6.84
0.2412,6.84
0.2416,6.84
0.242,6.84
0.2424,6.84
0.2428,6.84
0.2432,6.84
0.2436,6.80
0.244,6.80
0.2444,6.84
0.2448,6.80
0.2452,6.76
0.2456,6.80
0.246,6.80
0.2464,6.80
0.2468,6.80
0.2472,6.80
0.2476,6.80
0.248,6.80
0.2484,6.80
0.2488,6.80
0.2492,6.80
0.2496,6.80
0.25,6.80
0.2504,6.84
0.2508,6.84
0.2512,6.84
0.2516,6.84
0.252,6.84
0.2524,6.84
0.2528,6.84
0.2532,6.84
0.2536,6.84
0.254,6.80
0.2544,6.80
0.2548,6.80
0.2552,6.80
0.2556,6.76
0.256,6.80
0.2564,6.80
0.2568,6.76
0.2572,6.80
0.2576,6.80
0.258,6.80
0.2584,6.80
0.2588,6.80
0.2592,6.80
0.2596,6.84
0.26,6.80
0.2604,6.84
0.2608,6.84
0.2612,6.84
0.2616,6.84
0.262,6.84
0.2624,6.84
0.2628,6.84
0.2632,6.84
0.2636,6.80
0.264,6.80
0.2644,6.80
0.2648,6.80
0.2652,6.80
0.2656,6.80
0.266,6.80
0.2664,6.80
0.2668,6.80
0.2672,6.80
0.2676,6.80
0.268,6.80
0.2684,6.80
0.2688,6.84
0.2692,6.84
0.2696,6.84
0.27,6.84
0.2704,6.80
0.2708,6.84
0.2712,6.80
0.2716,6.84
0.272,6.84
0.2724,6.84
0.2728,6.84
0.2732,6.84
0.2736,6.80
0.274,6.80
0.2744,6.80
0.2748,6.80
0.2752,6.80
0.2756,6.76
0.276,6.80
0.2764,6.80
0.2768,6.76
0.2772,6.80
0.2776,6.80
0.278,6.80
0.2784,6.80
0.2788,6.80
0.2792,6.80
0.2796,6.80
0.28,6.80
0.2804,6.80
0.2808,6.80
0.2812,6.80
0.2816,6.84
0.282,6.84
0.2824,6.84
0.2828,6.84
0.2832,6.84
0.2836,6.80
0.284,6.80
0.2844,6.80
0.2848,6.76
0.2852,6.76
0.2856,6.76
0.286,6.76
0.2864,6.76
0.2868,6.80
0.2872,6.76
0.2876,6.80
0.288,6.80
0.2884,6.76
0.2888,6.80
0.2892,6.80
0.2896,6.80
0.29,6.80
0.2904,6.80
0.2908,6.84
0.2912,6.84
0.2916,6.84
0.292,6.84
0.2924,6.84
0.2928,6.80
0.2932,6.84
0.2936,6.80
0.294,6.80
0.2944,6.80
0.2948,6.76
0.2952,6.76
0.2956,6.76
0.296,6.76
0.2964,6.76
0.2968,6.76
0.2972,6.76
0.2976,6.76
0.298,6.76
0.2984,6.76
0.2988,6.76
0.2992,6.80
0.2996,6.80
0.3,6.80
0.3004,6.80
0.3008,6.80
0.3012,6.80
0.3016,6.80
0.302,6.80
0.3024,6.80
0.3028,6.80
0.3032,6.80
0.3036,6.76
0.304,6.76
0.3044,6.76
0.3048,6.76
0.3052,6.72
0.3056,6.72
0.306,6.76
0.3064,6.76
0.3068,6.76
0.3072,6.76
0.3076,6.76
0.308,6.76
0.3084,6.76
0.3088,6.76
0.3092,6.76
0.3096,6.80
0.31,6.80
0.3104,6.80
0.3108,6.80
0.3112,6.80
0.3116,6.80
0.312,6.80
0.3124,6.80
0.3128,6.80
0.3132,6.80
0.3136,6.80
0.314,6.76
0.3144,6.76
0.3148,6.76
0.3152,6.72
0.3156,6.76
0.316,6.72
0.3164,6.72
0.3168,6.76
0.3172,6.76
0.3176,6.76
0.318,6.72
0.3184,6.76
0.3188,6.76
0.3192,6.76
0.3196,6.80
0.32,6.76
0.3204,6.80
0.3208,6.80
0.3212,6.80
0.3216,6.80
0.322,6.80
0.3224,6.80
0.3228,6.76
0.3232,6.80
0.3236,6.76
0.324,6.76
0.3244,6.76
0.3248,6.72
0.3252,6.76
0.3256,6.76
0.326,6.72
0.3264,6.72
0.3268,6.76
0.3272,6.76
0.3276,6.76
0.328,6.76
0.3284,6.72
0.3288,6.76
0.3292,6.76
0.3296,6.76
0.33,6.76
0.3304,6.76
0.3308,6.76
0.3312,6.80
0.3316,6.80
0.332,6.80
0.3324,6.76
0.3328,6.76
0.3332,6.76
0.3336,6.76
0.334,6.76
0.3344,6.72
0.3348,6.72
0.3352,6.72
0.3356,6.72
0.336,6.72
0.3364,6.72
0.3368,6.72
0.3372,6.72
0.3376,6.72
0.338,6.72
0.3384,6.76
0.3388,6.76
0.3392,6.72
0.3396,6.76
0.34,6.76
0.3404,6.76
0.3408,6.76
0.3412,6.76
0.3416,6.76
0.342,6.76
0.3424,6.76
0.3428,6.76
0.3432,6.76
0.3436,6.76
0.344,6.76
0.3444,6.72
0.3448,6.72
0.3452,6.76
0.3456,6.72
0.346,6.72
0.3464,6.72
0.3468,6.72
0.3472,6.72
0.3476,6.72
0.348,6.76
0.3484,6.72
0.3488,6.72
0.3492,6.76
0.3496,6.76
0.35,6.76
0.3504,6.76
0.3508,6.80
0.3512,6.76
0.3516,6.76
0.352,6.76
0.3524,6.80
0.3528,6.80
0.3532,6.76
0.3536,6.72
0.354,6.72
0.3544,6.72
0.3548,6.72
0.3552,6.72
0.3556,6.72
0.356,6.72
0.3564,6.72
0.3568,6.72
0.3572,6.72
0.3576,6.72
0.358,6.72
0.3584,6.76
0.3588,6.72
0.3592,6.72
0.3596,6.76
0.36,6.76
0.3604,6.76
0.3608,6.76
0.3612,6.76
0.3616,6.76
0.362,6.76
0.3624,6.80
0.3628,6.76
0.3632,6.76
0.3636,6.76
0.364,6.76
0.3644,6.72
0.3648,6.72
0.3652,6.72
0.3656,6.72
0.366,6.72
0.3664,6.72
0.3668,6.72
0.3672,6.76
0.3676,6.72
0.368,6.72
0.3684,6.72
0.3688,6.76
0.3692,6.76
0.3696,6.76
0.37,6.76
0.3704,6.76
0.3708,6.76
0.3712,6.76
0.3716,6.76
0.372,6.76
0.3724,6.76
0.3728,6.76
0.3732,6.76
0.3736,6.76
0.374,6.72
0.3744,6.72
0.3748,6.72
0.3752,6.72
0.3756,6.72
0.376,6.72
0.3764,6.72
0.3768,6.72
0.3772,6.72
0.3776,6.72
0.378,6.72
0.3784,6.72
0.3788,6.72
0.3792,6.76
0.3796,6.72
0.38,6.76
0.3804,6.76
0.3808,6.76
0.3812,6.76
0.3816,6.76
0.382,6.76
0.3824,6.76
0.3828,6.76
0.3832,6.76
0.3836,6.76
0.384,6.76
0.3844,6.72
0.3848,6.76
0.3852,6.72
0.3856,6.72
0.386,6.72
0.3864,6.72
0.3868,6.72
0.3872,6.72
0.3876,6.72
0.388,6.72
0.3884,6.72
0.3888,6.76
0.3892,6.72
0.3896,6.72
0.39,6.72
0.3904,6.76
0.3908,6.72
0.3912,6.76
0.3916,6.76
0.392,6.76
0.3924,6.76
0.3928,6.76
0.3932,6.76
0.3936,6.76
0.394,6.72
0.3944,6.72
0.3948,6.72
0.3952,6.72
0.3956,6.72
0.396,6.72
0.3964,6.72
0.3968,6.76
0.3972,6.72
0.3976,6.72
0.398,6.72
0.3984,6.72
0.3988,6.72
0.3992,6.72
0.3996,6.72
0.4,6.72
0.4004,6.72
0.4008,6.76
0.4012,6.76
0.4016,6.72
0.402,6.76
0.4024,6.76
0.4028,6.76
0.4032,6.76
0.4036,6.76
0.404,6.72
0.4044,6.72
0.4048,6.72
0.4052,6.72
0.4056,6.72
0.406,6.72
0.4064,6.72
0.4068,6.72
0.4072,6.72
0.4076,6.72
0.408,6.72
0.4084,6.72
0.4088,6.72
0.4092,6.72
0.4096,6.72
0.41,6.72
0.4104,6.72
0.4108,6.76
0.4112,6.76
0.4116,6.72
0.412,6.76
0.4124,6.76
0.4128,6.76
0.4132,6.76
0.4136,6.72
0.414,6.72
0.4144,6.72
0.4148,6.72
0.4152,6.72
0.4156,6.72
0.416,6.72
0.4164,6.72
0.4168,6.72
0.4172,6.72
0.4176,6.72
0.418,6.72
0.4184,6.72
0.4188,6.72
0.4192,6.72
0.4196,6.72
0.42,6.72
0.4204,6.72
0.4208,6.72
0.4212,6.76
0.4216,6.76
0.422,6.76
0.4224,6.76
0.4228,6.72
0.4232,6.76
0.4236,6.72
0.424,6.76
0.4244,6.72
0.4248,6.72
0.4252,6.72
0.4256,6.72
0.426,6.72
0.4264,6.72
0.4268,6.72
0.4272,6.72
0.4276,6.72
0.428,6.72
0.4284,6.72
0.4288,6.72
0.4292,6.72
0.4296,6.72
0.43,6.72
0.4304,6.72
0.4308,6.72
0.4312,6.72
0.4316,6.76
0.432,6.76
0.4324,6.72
0.4328,6.72
0.4332,6.72
0.4336,6.72
0.434,6.72
0.4344,6.72
0.4348,6.72
0.4352,6.72
0.4356,6.72
0.436,6.72
0.4364,6.72
0.4368,6.72
0.4372,6.72
0.4376,6.72
0.438,6.72
0.4384,6.72
0.4388,6.72
0.4392,6.76
0.4396,6.72
0.44,6.72
0.4404,6.72
0.4408,6.72
0.4412,6.76
0.4416,6.72
0.442,6.76
0.4424,6.76
0.4428,6.76
0.4432,6.72
0.4436,6.72
0.444,6.76
0.4444,6.72
0.4448,6.72
0.4452,6.72
0.4456,6.72
0.446,6.72
0.4464,6.72
0.4468,6.72
0.4472,6.72
0.4476,6.72
0.448,6.72
0.4484,6.76
0.4488,6.72
0.4492,6.72
0.4496,6.72
0.45,6.72
0.4504,6.72
0.4508,6.72
0.4512,6.72
0.4516,6.72
0.452,6.72
0.4524,6.76
0.4528,6.76
0.4532,6.72
0.4536,6.76
0.454,6.76
0.4544,6.76
0.4548,6.76
0.4552,6.76
0.4556,6.72
0.456,6.72
0.4564,6.72
0.4568,6.72
0.4572,6.72
0.4576,6.72
0.458,6.72
0.4584,6.72
0.4588,6.72
0.4592,6.72
0.4596,6.72
0.46,6.72
0.4604,6.72
0.4608,6.72
0.4612,6.72
0.4616,6.72
0.462,6.72
0.4624,6.76
0.4628,6.76
0.4632,6.72
0.4636,6.76
0.464,6.76
0.4644,6.76
0.4648,6.76
0.4652,6.72
0.4656,6.72
0.466,6.72
0.4664,6.72
0.4668,6.72
0.4672,6.72
0.4676,6.72
0.468,6.72
0.4684,6.72
0.4688,6.72
0.4692,6.72
0.4696,6.72
0.47,6.72
0.4704,6.72
0.4708,6.72
0.4712,6.72
0.4716,6.72
0.472,6.72
0.4724,6.72
0.4728,6.76
0.4732,6.76
0.4736,6.76
0.474,6.76
0.4744,6.72
0.4748,6.76
0.4752,6.72
0.4756,6.76
0.476,6.72
0.4764,6.72
0.4768,6.72
0.4772,6.72
0.4776,6.72
0.478,6.72
0.4784,6.72
0.4788,6.72
0.4792,6.72
0.4796,6.72
0.48,6.72
0.4804,6.72
0.4808,6.72
0.4812,6.72
0.4816,6.72
0.482,6.72
0.4824,6.72
0.4828,6.72
0.4832,6.76
0.4836,6.76
0.484,6.72
0.4844,6.72
0.4848,6.72
0.4852,6.72
0.4856,6.72
0.486,6.72
0.4864,6.72
0.4868,6.72
0.4872,6.72
0.4876,6.72
0.488,6.72
0.4884,6.72
0.4888,6.72
0.4892,6.72
0.4896,6.72
0.49,6.72
0.4904,6.72
0.4908,6.76
0.4912,6.72
0.4916,6.72
0.492,6.72
0.4924,6.72
0.4928,6.76
0.4932,6.72
0.4936,6.76
0.494,6.76
0.4944,6.76
0.4948,6.72
0.4952,6.72
0.4956,6.76
0.496,6.72
0.4964,6.72
0.4968,6.72
0.4972,6.72
0.4976,6.72
0.498,6.72
